!	PUNCT
!!	PUNCT
!!!	PUNCT
!!!!	PUNCT
!!!!!	PUNCT
!!!!!!	PUNCT
!!!!!!!	PUNCT
!!!!!!!!!!	PUNCT
!!!!!!!!!!!	PUNCT
!!!!!!!!!!!!	PUNCT
!!!!!!!!!!!!!	PUNCT
!!!!!!!!!!!!!!	PUNCT
!!!!!!!!!!!!!!!	PUNCT
!!!!!!!!!!!!!!!!!!	PUNCT
!!!!!!!!!!!!!!!!!!!!!	PUNCT
!!!!!!!!!!!!!!!!!!!!!!!!!!!!!!!!	PUNCT
!!!!!!!!!!?	PUNCT
!!!.	PUNCT
!!!?	PUNCT
!.	PUNCT
!?	PUNCT
!?!	PUNCT
"	NOUN,PUNCT
""	PUNCT
#	SYM
###	SYM
#'s	NOUN
#1	NUM
#44	NUM
#Breakfreefromplastic	PROPN
#IStandWithAhmed	PROPN
#advice	PROPN
#analysis	PROPN
#argument	PROPN
#artsandculture	PROPN
#causalargument	PROPN
#cognitivebias	PROPN
#currentevents	PROPN
#descriptive	PROPN
#environment	PROPN
#ethos	PROPN
#finances	PROPN
#food	PROPN
#global	PROPN
#health	PROPN
#intellectualproperty	PROPN
#istandwithahmed	PROPN
#kairos	PROPN
#langu	PROPN
#logos	PROPN
#nature	PROPN
#pathos	PROPN
#policy	PROPN
#proposal	PROPN
#reportinginformation	PROPN
#research	PROPN
#review	PROPN
#science	PROPN
#sharedvalues	PROPN
#systemanalysis	PROPN
#technology	PROPN
#valuesbased	PROPN
#writinglife	PROPN
$	NOUN,SYM
$$	SYM
$2,000	NUM
$ervice	NOUN
$ome	DET
$ometime$	ADV
%	SYM
&	CCONJ,X
'	NOUN,PART,PUNCT
''	PUNCT
',	AUX
'02	NUM
'05	NUM
'07	NUM
'09	NUM
'60's	NOUN
'60s	NOUN
'70's	NOUN
'71	NUM
'72	NUM
'Akkab	PROPN
'CAUSE	SCONJ
'LL	AUX
'M	AUX
'RE	AUX
'S	AUX,PART
'cuz	SCONJ
'd	AUX
'em	PRON
'll	AUX
'm	AUX,VERB
'n	CCONJ
'nt	ADV
're	AUX,VERB
's	AUX,PART,PRON,VERB
'scopes	NOUN
've	AUX
(	PUNCT,X
(:	SYM
(a)	X
(b)	X
(c)	X
(d)	X
)	PUNCT,X
))	PUNCT
*	PUNCT
**	PUNCT
***	PUNCT
****	PUNCT
*****	PUNCT
******	PUNCT
**********	PUNCT
***********************************	PUNCT
******************************************************************	PUNCT
*ss	NOUN
*~*~*~*~*~*~*~*~*~*	SYM
+	CCONJ,PUNCT,SYM
+++	SYM
++++	SYM
+++++	PUNCT,SYM
++++++	PUNCT
+1	NUM
+1602275-4958	NUM
+1918584-4428	NUM
+44	NUM
+4533330040	NUM
+4550981306	NUM
+4588304520	NUM
+852	NUM
,	PUNCT,X
,,	PUNCT
,?	PUNCT
-	ADP,PUNCT,SYM,X
--	PUNCT
---	PUNCT
----	PUNCT
-----	PUNCT
---------	PUNCT
-------------------	PUNCT
---------------------------	PUNCT
-----------------------------------------------	PUNCT
--------------------------------------------------	PUNCT
------------------------------------------------------	PUNCT
-------------------------------------------------------------	PUNCT
----------------------------------------------------------------	PUNCT
------------------------------------------------------------------	PUNCT
-------------------------------------------------------------------	PUNCT
---------------------------------------------------------------------	PUNCT
----------------------------------------------------------------------	PUNCT
-----------------------------------------------------------------------	PUNCT
---------------------------------------------------------------------------	PUNCT
---->===}*{===<----	SYM
-2-F.doc	X
->	SYM
-ECT-KEDNE	X
-FINAL.doc	X
-Stip	X
-_-	SYM
-ll	AUX
-s	PART
.	PUNCT
.!	PUNCT
..	PUNCT
...	PUNCT,SYM
....	PUNCT
.....	PUNCT
......	PUNCT
.......	PUNCT
........	PUNCT
.........	PUNCT
..........	PUNCT
...........	PUNCT
...............	PUNCT
....................	PUNCT
.....................	PUNCT
...?!!!	PUNCT
./	PUNCT
.04	NUM
.08	NUM
.15	NUM
.203	NUM
.227	NUM
.265	NUM
.292	NUM
.322	NUM
.324	NUM
.348	NUM
.432	NUM
.:	PUNCT
.?	PUNCT
.???	PUNCT
.doc	X
/	PUNCT,SYM
0	NUM
0.05	NUM
0.10	NUM
0.2	NUM
0.4	NUM
0.6	NUM
0.70	NUM
0.8	NUM
0000108806	NUM
00:20	NUM
01	NUM
01/11/2001	NUM
01/12/2001	NUM
01/13/2001	NUM
01/19/01	NUM
01/19/2001	NUM
01/24/2001	NUM
01/25/2001	NUM
01/25/2002	NUM
01/26/2001	NUM
01810	NUM
01:00:51	NUM
01:02	NUM
01:04	NUM
01:09	NUM
01:09:32	NUM
01:14	NUM
01:32:35	NUM
01:35	NUM
01:39:56	NUM
01:47	NUM
01:50	NUM
01:57	NUM
01:58	NUM
02	NUM
02-05-02.doc	X
02/13/2001	NUM
02/22/2001	NUM
02/27/2001	NUM
02920	NUM
02:02	NUM
02:10	NUM
02:17	NUM
02:18	NUM
02:19	NUM
02:21	NUM
02:28	NUM
02:34	NUM
02:39:27	NUM
02:42	NUM
02:49	NUM
03	NUM
03/01/2001	NUM
03/02/2001	NUM
03/04/2001	NUM
03/08/2000	NUM
03/09/2000	NUM
03/10/2000	NUM
03/15/2001	NUM
03/16/2001	NUM
03/21/2001	NUM
03/28/2001	NUM
0308.doc	X
03:00	NUM
03:11	NUM
03:13:58	NUM
03:15	NUM
03:20	NUM
03:31	NUM
03:33	NUM
03:43	NUM
03:48	NUM
03:51	NUM
03:58	NUM
04	NUM
04/04/2001	NUM
04/16/2001	NUM
04/28/2000	NUM
04/30/2001	NUM
0400	NUM
0417	NUM
0448	NUM
0491	NUM
04:03	NUM
04:06:52	NUM
04:11	NUM
04:13	NUM
04:17	NUM
04:18	NUM
04:28	NUM
04:31	NUM
04:34	NUM
04:37	NUM
04:41	NUM
04:44	NUM
04:49	NUM
04:50	NUM
04:52	NUM
05	NUM
05/01/2001	NUM
05/02/2001	NUM
05/03/2001	NUM
05/17/99	NUM
05/25/2001	NUM
05/30/2001	NUM
05/31/2001	NUM
050901.doc	X
0590258046	NUM
0590854950	NUM
0590854959	NUM
0590883899	NUM
0590920648	NUM
05:07	NUM
05:17	NUM
05:37	NUM
05:39	NUM
05:51	NUM
05:59	NUM
06	NUM
06/01/2000	NUM
06/01/2001	NUM
06/04/01	NUM
06:00:56	NUM
06:02	NUM
06:05	NUM
06:07	NUM
06:15	NUM
06:16	NUM
06:20	NUM
06:28	NUM
06:30	NUM
07	NUM
07/14/2000	NUM
07/17/2000	NUM
07/18/2000	NUM
07/19/2001	NUM
07/30/2001	NUM
07:24	NUM
07:35	NUM
07:48:44	NUM
07:50	NUM
07:55	NUM
08	NUM
08/01/2001	NUM
08/03/2000	NUM
08/07/2001	NUM
08/16/2000	NUM
08/17/2000	NUM
0800	NUM
0832	NUM
08:00	NUM
08:15	NUM
08:22	NUM
08:23	NUM
08:27:46	NUM
08:30	NUM
08:38	NUM
08:50	NUM
08:50:01	NUM
08:55	NUM
08:58	NUM
09	NUM
09/03/99	NUM
09/11/99	NUM
09/15/99	NUM
09/16/99	NUM
09/17/99	NUM
09/20/2000	NUM
09819602175	NUM
09:01	NUM
09:14	NUM
09:22	NUM
09:24	NUM
09:27	NUM
09:37	NUM
09:40	NUM
09:45	NUM
09:46	NUM
09:48	NUM
09:52	NUM
09:56	NUM
0nside	ADJ
1	NUM,X
1%P701!.doc	SYM
1)	X
1,000	NUM
1,095,000	NUM
1,183	NUM
1,200	NUM
1,350	NUM
1,400	NUM
1,426	NUM
1,537,058	NUM
1,613	NUM
1,650,000	NUM
1,700	NUM
1,8	NUM
1,922,000	NUM
1-800-238-5355	NUM
1-800-991-9019	NUM
1-877-331-6867	NUM
1.	NUM,X
1.00	NUM
1.024	NUM
1.1	NUM,X
1.12	NUM
1.2	NUM
1.25	NUM
1.3	NUM
1.4	NUM
1.428,000	NUM
1.5	NUM
1.50	NUM
1.6	NUM
1.65	NUM
1.7	NUM
1.78	NUM
1.8	NUM
1.800.233.1234	NUM
1.877.999.3223	NUM
1.888.509.3736	NUM
1/2	NUM
1/30/10	NUM
1/31	NUM
1/8	NUM
10	NUM,X
10,000	NUM
10,000.00	NUM
10,694	NUM
10.0	NUM
10.6	NUM
10.9	NUM
10.99	NUM
10/20/2000	NUM
10/23/2000	NUM
10/26/2000	NUM
10/27/2000	NUM
10/29/2000	NUM
10/31/00	NUM
10/31/2000	NUM
100	NUM
100,000	NUM
100,000,000,000	NUM
1000	NUM
1000.00	NUM
10016	NUM
1002`s	NOUN
10030	NUM
101	NUM
102	NUM
103	NUM
104	NUM
105	NUM
107	NUM
1087	NUM
10:00	NUM
10:05	NUM
10:07	NUM
10:16	NUM
10:25	NUM
10:30	NUM
10:34	NUM
10:38	NUM
10:39:03	NUM
10:40	NUM
10:44	NUM
10:45	NUM
10:46	NUM
10:51	NUM
10:52	NUM
10:55	NUM
10:56	NUM
10:57:32	NUM
10th	ADJ,NOUN
11	NUM
11,000	NUM
11-20-2000	NUM
11.5	NUM
11/01/01	NUM
11/03	NUM
11/08/2000	NUM
11/09/2000	NUM
11/1/01	NUM
11/10/2000	NUM
11/13/2000	NUM
11/2	NUM
11/22/2000	NUM
11/27/2000	NUM
11/28/2000	NUM
11/29/00	NUM
11/29/2000	NUM
11/30/2000	NUM
11/7/08	NUM
11/8/00	NUM
11/8/2000	NUM
110	NUM
1100	NUM
1101	NUM
11030	NUM
112	NUM
11201	NUM
11222	NUM
113	NUM
114,950	NUM
115	NUM
11608	NUM
1179	NUM
117th	ADJ
11831	NUM
119	NUM
11:00	NUM
11:02	NUM
11:05	NUM
11:07	NUM
11:08	NUM
11:15:11	NUM
11:16:58	NUM
11:23	NUM
11:25	NUM
11:26	NUM
11:30	NUM
11:32	NUM
11:34	NUM
11:35	NUM
11:36	NUM
11:42	NUM
11:45	NUM
11:48	NUM
11:57	NUM
11th	ADJ,NOUN
12	NUM
12,000	NUM
12-20-00.doc	NOUN
12-20-2000	X
12.45	NUM
12.46	NUM
12.48	NUM
12.99	NUM
12/14/2000	NUM
12/21/2000	NUM
12/22/2000	NUM
12/26/2000	NUM
12/27	NUM
12/28	NUM
120	NUM
120,000	NUM
1200	NUM
121	NUM
1214	NUM
1220	NUM
1225	NUM
125	NUM
1251	NUM
126	NUM
1280	NUM
129	NUM
12:00	NUM
12:01	NUM
12:03	NUM
12:12	NUM
12:21	NUM
12:30	NUM
12:33	NUM
12:35	NUM
12:36	NUM
12:42	NUM
12:45	NUM
12:48	NUM
12th	ADJ,NOUN
13	NUM,X
13.9	NUM
130	NUM
1300	NUM
13011	NUM
1302	NUM
1307	NUM
131	NUM
1327	NUM
13279	NUM
13339	NUM
13381	NUM
13389	NUM
1341	NUM
1348	NUM
1355	NUM
135th	ADV
136	NUM
13660	NUM
137	NUM
13721	NUM
1380	NUM
1381	NUM
13th	ADJ,NOUN,NUM
14	NUM
14,000	NUM
14.2	NUM
14.3	NUM
14.5	NUM
140	NUM
1400	NUM
1423	NUM
143	NUM
145th	PROPN
14721	NUM
1480	NUM
1483	NUM
1490s	NOUN
1492	NUM
14:00	NUM
14:14	NUM
14th	ADJ,NOUN
15	NUM
15,000	NUM
150	NUM
150,000	NUM
1500	NUM
150301	NUM
1504	NUM
1505	NUM
15071	NUM
1520	NUM
1520s	NOUN
1525	NUM
1527	NUM
1528	NUM
1530	NUM
1533	NUM
1535	NUM
153B09	PROPN
1540s	NOUN
1542	NUM
1550	NUM
1551	NUM
1555	NUM
1560	NUM
1561	NUM
1562	NUM
1570	NUM
1572	NUM
1574	NUM
1575	NUM
1576	NUM
1579	NUM
158,000	NUM
1580	NUM
1584	NUM
1588	NUM
1590	NUM
1590's	NOUN
1593	NUM
1594	NUM
1596	NUM
1598	NUM
15:11	NUM
15th	ADJ,ADV,NOUN
16	NUM
16's	NOUN
16,000,000,000	NUM
16,900	NUM
16.2	NUM
16.3	NUM
16.379	NUM
16.4	NUM
16/10/2004	NUM
16/11/2004	NUM
160.00	NUM
1600	NUM
1600s	NOUN
1602	NUM
1605	NUM
1611	NUM
1614	NUM
163	NUM
1635	NUM
1640	NUM
1647	NUM
165.9	NUM
1655	NUM
1656	NUM
1660	NUM
1661	NUM
1662	NUM
1665	NUM
1669	NUM
1678	NUM
1679	NUM
1683	NUM
1686	NUM
1687	NUM
1689	NUM
169	NUM
1691	NUM
1694	NUM
1696	NUM
1699	NUM
16:29	NUM
16s	NOUN
16th	ADJ
17	NUM
17,000	NUM
17,100	NUM
17,500	NUM
170	NUM
170,000	NUM
1700	NUM
1701	NUM
1704	NUM
171	NUM
1710	NUM
1711	NUM
1715	NUM
1717	NUM
1721	NUM
1722	NUM
1724	NUM
1729	NUM
1733	NUM
1738	NUM
1739	NUM
1746	NUM
175	NUM
1750	NUM
1754	NUM
17547490	NUM
1758	NUM
1763	NUM
177	NUM
1774	NUM
1775	NUM
1776	NUM
1777	NUM
1778	NUM
1779	NUM
1780	NUM
1782	NUM
1783	NUM
1787	NUM
1789	NUM
1790	NUM
1791	NUM
1796	NUM
1797	NUM
17:32	NUM
17H	NOUN
17th	ADJ
18	NUM
18,000	NUM
180	NUM
180,000	NUM
180.9	NUM
1800s	NOUN
1801	NUM
181	NUM
181,000	NUM
1810	NUM
1825	NUM
1829	NUM
1830	NUM
1830s	NOUN
1831	NUM
1832	NUM
1833	NUM
1834	NUM
1835	NUM
1836	NUM
1846	NUM
1849	NUM
185	NUM
1851	NUM
1853	NUM
1859	NUM
1860s	NOUN
1865	NUM
1868	NUM
187	NUM
1871	NUM
1872	NUM
1877	NUM
1881	NUM
189	NUM
1890	NUM
1891	NUM
1892	NUM
1893	NUM
1894	NUM
1896	NUM
18:11	NUM
18:20	NUM
18:32	NUM
18T	NOUN
18th	ADJ
19	NUM
19.28	NUM
19.5	NUM
19/11/2004	NUM
190	NUM
1900	NUM
1902	NUM
1904	NUM
1906	NUM
1907	NUM
1908	NUM
191	NUM
1910	NUM
1911	NUM
1912	NUM
1914	NUM
1915	NUM
1918	NUM
1920	NUM
1920s	NOUN
1922	NUM
1924	NUM
1925	NUM
1926	NUM
1928	NUM
1929	NUM
1930	NUM
1930s	NOUN
1930’s	PROPN
1932	NUM
1933	NUM
1936	NUM
1937	NUM
1938	NUM
1939	NUM
1940	NUM
1940s	NOUN
1943	NUM
1945	NUM
1946	NUM
1947	NUM
1949	NUM
1950	NUM
1950s	NOUN
1951	NUM
1952	NUM
1954	NUM
1956	NUM
1958	NUM
1959	NUM
1960	NUM
1960's	NOUN
1960s	NOUN
1961	NUM
1962	NUM
1963	NUM
1964	NUM
1965	NUM
1966	NUM
1967	NUM
1968	NUM
1969	NUM
1970	NUM
1970s	NOUN
1971	NUM
1972	NUM
1973	NUM
1974	NUM
1975	NUM
1976	NUM
1977	NUM
1978	NUM
1979	NUM
1980	NUM
1980s	NOUN
1981	NUM
1982	NUM
1983	NUM
1984	NUM
1985	NUM
1986	NUM
1987	NUM
1988	NUM
1989	NUM
1990	NUM
1990s	NOUN
1991	NUM
1992	NUM
1993	NUM
1994	NUM
1995	NUM
1996	NUM
1997	NUM
1998	NUM
1999	NUM
19:14	NUM
19th	ADJ,NOUN
1:00	NUM
1:1:19	NUM
1:30	NUM
1:45	NUM
1?!?!?	PUNCT
1Q	NOUN
1S9	NOUN
1e	NOUN
1st	ADJ,NOUN
2	NUM,PART,X
2)	X
2,000	NUM
2,210	NUM
2,300	NUM
2,500	NUM
2.	NUM,X
2.0	NUM
2.00	NUM
2.1.	X
2.11	NUM
2.15	NUM
2.2	NUM,X
2.2.	X
2.3	NUM,X
2.4	NUM
2.5	NUM
2.7	NUM
2.8	NUM
2.9	NUM
2.975	NUM
2/7/2005	NUM
20	NUM,X
20's	NOUN
20,000	NUM
20,000,000	NUM
20.00	NUM
20.doc	X
200	NUM
200,000	NUM
200,000,000,000	NUM
200,987.33	NUM
2000	NUM
20001	NUM
20005	NUM
20006	NUM
2000s	NOUN
2001	NUM
2002	NUM
2003	NUM
2004	NUM
2005	NUM
2006	NUM
2007	NUM
2008	NUM
2009	NUM
201	NUM
201-224-7900	NUM
201-592-4699	NUM
2010	NUM
2011	NUM
2012	NUM
2013	NUM
2014	NUM
2015	NUM
2016	NUM
2017	NUM
2018	NUM
2019	NUM
202	NUM
202-466-9142	NUM
202-828-3372	NUM
202.429.1700	NUM
202.456.1111	NUM
202.456.1414	NUM
202.456.2461	NUM
202.582.1234	NUM
202.637.4781	NUM
202.739.0134	NUM
202.785.0786	NUM
2020	NUM
2021	NUM
2022	NUM
2023	NUM
2029	NUM
2030	NUM
205	NUM
2050	NUM
2051	NUM
20515	NUM
207	NUM
2075	NUM
20:00	NUM
20s	NOUN
20th	ADJ,NOUN
21	NUM
21,000	NUM
21,600	NUM
21.0	NUM
21/03/2001	NUM
2100	NUM
2102	NUM
211	NUM
212	NUM
215	NUM
215,000	NUM
217	NUM
21st	ADJ,NOUN
22	NUM
22,600	NUM
220	NUM
220a	X
220b	X
22301	NUM
225	NUM
225-5185	NUM
2254	NUM
22:30	NUM
22nd	ADJ,NOUN
22s	NOUN
23	NUM
23,000	NUM
23-0716	NUM
23.8	NUM
230	NUM
230,500	NUM
2300	NUM
2301	NUM
237	NUM
238	NUM
23rd	NOUN
24	NUM
24,000	NUM
24.09	NUM
24.2	X
24.7	NUM
24.8	NUM
240	NUM
240,000	NUM
244	NUM
2470	NUM
248	NUM
249	NUM
25	NUM
25,000	NUM
25.00	NUM
25.1	NUM
25/01/2001	NUM
250	NUM
250,000	NUM
2500	NUM
251	NUM
253	NUM
2539	NUM
2543	NUM
2545	NUM
25th	ADJ
26	NUM
26,261	NUM
26.1	NUM
26/09/2000	NUM
260	NUM
260,000	NUM
264	NUM
267	NUM
268	NUM
26th	NOUN
27	NUM
27.doc	NOUN
270	NUM
2710	NUM
272,000	NUM
277	NUM
27th	ADJ,NOUN
28	NUM,X
28,000	NUM
28/10/2004	NUM
281-435-0295	NUM
281-443-3744	NUM
281-514-3183	NUM
281-518-1081	NUM
281-518-9526	NUM
281-735-5919	NUM
284	NUM
28th	ADJ,NOUN
29	NUM
295870	NUM
29th	ADJ
2:00	NUM
2:25	NUM
2:30	NUM
2:300	NUM
2;30	NUM
2D	ADJ
2nd	ADJ,NOUN
3	NUM,X
3,000	NUM
3,200	NUM
3,202.61	NUM
3,300,000	NUM
3,500	NUM
3,800	NUM
3-1663	NUM
3-5297	NUM
3.	NUM,X
3.1	NUM
3.2	NUM
3.29	NUM
3.30	NUM
3.4	NUM
3.5	NUM
3.7	NUM
3.75	NUM
3.8	NUM
3/03	NUM
3/10/00	NUM
3/8/00	NUM
3/9/00	NUM
30	NUM
30,0	NUM
30,858	NUM
30.00	NUM
300	NUM
300,000	NUM
303-294-4499	NUM
306	NUM
3067	NUM
30s	NOUN
30th	ADJ,NOUN
31	NUM
31,000	NUM
312-666-2372	NUM
314	NUM
3143C	PROPN
315-460-3344	NUM
315-460-3349	NUM
316	NUM
317	NUM
319	NUM
32	NUM
321	NUM
328	NUM
32A	PROPN
33	NUM
33,000	NUM
330	NUM
330i	PROPN
332	NUM
335	NUM
33A	SYM
33rd	ADJ
34	NUM
34.6	NUM
340	NUM
345	NUM
345-3436	NUM
345-8702	NUM
345-9945	NUM
347	NUM
348	NUM
35	NUM
35,000	NUM
350	NUM
350,000	NUM
354	NUM
35620	NUM
36	NUM
36,000,000,000	NUM
36.2	NUM
360	NUM
3611	NUM
362416	NUM
363-0555	NUM
366	NUM
36647	NUM
368	NUM
37	NUM
373	NUM
374	NUM
3750	NUM
376-9004	NUM
37th	ADJ
38	NUM
38,000	NUM
38.	X
380	NUM
3801A	NOUN
384	NUM
387,000	NUM
3889	NUM
389,950	NUM
39	NUM
39.	X
391,000	NUM
3926	NUM
39938	NUM
3:00	NUM
3:15	NUM
3:29	NUM
3:30	NUM
3d	ADJ
3rd	ADJ,NOUN
3s	NOUN
4	ADP,NUM,X
4,000	NUM
4,489,109	NUM
4,700	NUM
4-12	X
4-ever	ADV
4.	X
4.0	NUM
4.1.	X
4.319	NUM
4.5	NUM
4.7	NUM
4.98	NUM
4.99	NUM
40	NUM
40,000	NUM
40,500	NUM
40.	X
400	NUM
401	NUM
401.3	NUM
408	NUM
40s	NOUN
41	NUM
41.	X
4101	NUM
411507	NUM
412	NUM
415	NUM
415.621.8317	NUM
415.782.7822	NUM
4153030	NUM
416-865-3700	NUM
416-865-3703	NUM
416-865-3704	NUM
4193	NUM
42	NUM
42,000	NUM
42,000.00	NUM
42,008	NUM
42.65	NUM
420	NUM
420072	NUM
422,000	NUM
424	NUM
425-415-3052	NUM
425-415-3098	NUM
425-922-0475	NUM
43	NUM
43.6	NUM
430	NUM
43228	NUM
4350	NUM
44	NUM
4434	NUM
445	NUM
448-9499	NUM
44th	PROPN
45	NUM
45,756	NUM
450	NUM
451	NUM
46	NUM
4600	NUM
46093	NUM
461-1776	NUM
4632	NUM
4641	NUM
46C1	PROPN
46th	ADJ
47	NUM
47's	NOUN
47,500	NUM
479,000	NUM
47th	ADJ
48	NUM
483	NUM
483.00	NUM
4861	NUM
488,800	NUM
489	NUM
49	NUM
491,667	NUM
49th	ADJ
4:00	NUM
4:30	NUM
4:50	NUM
4A	PROPN
4G	PROPN
4TH	NOUN
4_28_00.doc	X
4chan	PROPN
4g	PROPN
4th	ADJ,NOUN
5	NUM,X
5,000	NUM
5,500,000	NUM
5,600	NUM
5.	X
5.1	NUM
5.10	NUM
5.2	NUM
5.3	NUM
5.30	NUM
5.37	NUM
5.5	NUM
5.6	NUM
5.68	NUM
5.8	NUM
5.87	NUM
5/1/01	NUM
5/18	NUM
50	NUM
50's	NOUN
50,000	NUM
50,000th	ADJ
50,818	NUM
500	NUM
500.00	NUM
5000	NUM
50000	NUM
501	NUM
501st	ADJ
503/464-7927	NUM
505-625-8031	NUM
508	NUM
50th	ADJ
51	NUM
51,516	NUM
510-642-3689	NUM
510-642-5145	NUM
5107	NUM
512	NUM
52	NUM
5249025	NUM
529,000	NUM
529999204044	NUM
529999420000	NUM
53	NUM
532-3836	NUM
5321	NUM
538	NUM
54	NUM
54,000	NUM
540,000	NUM
542	NUM
543	NUM
548	NUM
54th	ADJ
55	NUM
55,008	NUM
55,7	NUM
550	NUM
554	NUM
56	NUM,X
567.77	NUM
56A	SYM
57	NUM
571-9571	NUM
572	NUM
575	NUM
575,000	NUM
58	NUM
58,825	NUM
582	NUM
58369	NUM
59	NUM
59,339	NUM
5:00	NUM
5:19	NUM
5:30	NUM
5:55	NUM
5th	ADJ,NOUN
6	NUM,X
6,000	NUM
6.00	NUM
6.1	NUM
6.2.1	NUM
6.25	NUM
6.3	NUM
6.5	NUM
6.8	NUM
6/1/01	NUM
6/14	NUM
6/4/11	NUM
60	NUM
60's	NOUN
60,000	NUM
60,008	NUM
60,760	NUM
60.23	NUM
600	NUM
600-480	NUM
60622	NUM
60s	NOUN
60th	ADJ
61	NUM
61,000,000,000	NUM
610	NUM
611	NUM
612-205-9814	NUM
619-231-9449	NUM
619-696-6966	NUM
62	NUM
62,500	NUM
620-294-1909	NUM
620-294-3000	NUM
620-294-4000	NUM
62nd	ADJ
63	NUM
639,000	NUM
64,500	NUM
64.2	NUM
64.75	NUM
6400	NUM
646-5847	NUM
646-8420	NUM
648	NUM
65	NUM
650	NUM
6565	NUM
659,000	NUM
66	NUM
665	NUM
67	NUM
67.70	NUM
672,000	NUM
68	NUM
68,500	NUM
68.4	NUM
680	NUM
6871082#	NUM
69	NUM
69,000	NUM
69th	ADJ
6:00	NUM
6:13	NUM
6:23	NUM
6:30	NUM
6TH	NOUN
6th	ADJ,NOUN
7	NUM,X
7,000	NUM
7.2	NUM
7.22	NUM
7.3	NUM
7.5	NUM
7.64	NUM
7/16	NUM
7/26/08	NUM
70	NUM,X
70's	NOUN
70,000	NUM
70.85	NUM
700	NUM
700,000	NUM
703.729.2710	NUM
7034	NUM
7037686710	NUM
707-885-2508	NUM
70s	NOUN
71	NUM
713	NUM
713-546-5000	NUM
713-646-3393	NUM
713-654-0365	NUM
713-654-1281	NUM
713-790-2605	NUM
713-793-1429	NUM
713-793-2000	NUM
713-819-2784	NUM
713-853-1696	NUM
713-853-3044	NUM
713-853-3098	NUM
713-853-3989	NUM
713-853-4743	NUM
713/345-7942	NUM
713/646-6505	NUM
713/853-5984	NUM
713/853-6197	NUM
713/871-5119	NUM
718-780-0046	NUM
718-780-0276	NUM
71st	PROPN
72	NUM
72,000	NUM
73	NUM
730	NUM
74419	NUM
7484	NUM
75	NUM
750	NUM
750,000	NUM
759933	NUM
75th	ADJ
76	NUM
760,000	NUM
763736	NUM
77	NUM
77.92	NUM
77030-2707	NUM
77042-2016	NUM
77415-0027	NUM
77541	NUM
78	NUM
79	NUM
79,000	NUM
7:00	NUM
7:15	NUM
7:30	NUM
7:35	NUM
7:40	NUM
7th	ADJ,NOUN
8	NUM,X
8,000	NUM
8,500	NUM
8.00	NUM
8.25	NUM
8.3	NUM
80	NUM,X
80's	NOUN
80,000	NUM
800	NUM
800-553-3119	NUM
800.713.8600	NUM
800/711-8000	NUM
8000	NUM
80119	NUM
80435	NUM
80Y	NOUN
80s	NOUN
80th	ADJ
811	NUM
814014	NUM
81P/Wild	PROPN
82	NUM
825	NUM
8274	NUM
828-296-8466	NUM
83	NUM
832.676.1329	NUM
832.676.3177	NUM
837	NUM
83N	NOUN
84,121	NUM
842	NUM
84838389593	NUM
85	NUM
850	NUM
850-748-0740	NUM
853-7557	NUM
857-771	NUM
859-7187	NUM
860	NUM
860-665-2368	NUM
866	NUM
86M	NOUN
86th	ADJ
87	NUM
88	NUM
880	NUM
884	NUM
888-422-7132	NUM
888.916.7184	NUM
89	NUM
899-4310	NUM
899-4425	NUM
8:00	NUM
8:15	NUM
8:30	NUM
8:35	NUM
8th	NOUN
9	NUM,X
9.3	NUM
9.95	NUM
9/11	NUM
90	NUM
900	NUM
9000	NUM
908	NUM
90s	NOUN
90th	ADJ
91	NUM
916	NUM
917	NUM
919819602175	NUM
92	NUM
92,000	NUM
920	NUM
92101	NUM
9221	NUM
92842	NUM
93	NUM
937,000	NUM
94	NUM
94.40	NUM
940	NUM
944-3737	NUM
944-6800	NUM
945	NUM
94720-1900	NUM
94720-5180	NUM
95	NUM
95,000	NUM
96	NUM
969	NUM
973-2776	NUM
973-3634	NUM
974-6721	NUM
978	NUM
978-376-9004	NUM
979	NUM
98.7	NUM
9800	NUM
98011	NUM
9866	NUM
988,000	NUM
99	NUM
9:00	NUM
9:30	NUM
9:46	NUM
9th	ADJ,NOUN
:	PUNCT
:(	SYM
:)	SYM
:-)	SYM
:.	PUNCT
:/	SYM
:D	SYM
:O	SYM
:P	SYM
;	PUNCT
;)	SYM
;-)	SYM
;P	SYM
<	PUNCT,SYM
<-	SYM
<3	VERB
<<	PUNCT
=	PUNCT,SYM
=(	SYM
=)	SYM
==	SYM
===================================================	SYM
====================================================	SYM
===>	PUNCT
>	PUNCT,SYM
>----------------------------------------------------------------------------|	PUNCT,SYM
>:(	SYM
>=	SYM
>>	PUNCT
>>>	SYM
?	PUNCT,SYM
?!	PUNCT
?!?	PUNCT
?!?!?	PUNCT
??	PUNCT
???	PUNCT,SYM
????	PUNCT
?????	PUNCT
??????	PUNCT
???????????????	PUNCT
@	ADP,SYM,X
@Hatmanone	PROPN
@POTUS	PROPN
@Ryan	PROPN
@W.a.b.b.y	PROPN
@jasthenurse	PROPN
A	ADJ,ADP,DET,NOUN,NUM,PROPN,SYM,X
A&E	PROPN
A&K	PROPN
A'nandamu'rti	PROPN
A-	NOUN
A.	PROPN,X
A.M.	NOUN
A/73/PV.6	PROPN
A1	PROPN
A1237	PROPN
A19	PROPN
A1M	PROPN
A59	PROPN
A6	PROPN
A64	PROPN
AA	NOUN
AAA	PROPN
AAAAAGGGHHHHHH	INTJ
ABB	PROPN
ABBEY	PROPN
ABBOT	PROPN
ABBY	PROPN
ABC	PROPN
ABOUREZK	PROPN
ABOUT	ADP
ABOVE	ADP
ABSOLUTELY	ADV
ACCIDENT	NOUN
ACIA	PROPN
ACPeds	PROPN
AD	NOUN
ADA	NOUN
ADDRESS	NOUN
ADMISSION	NOUN
ADPL	PROPN
ADSL	NOUN
ADVANTAGE	NOUN
AFP	PROPN
AFTER	ADP
AG	NOUN,PROPN
AGAIN	ADV
AI	NOUN,PROPN
AIDS	NOUN,PROPN
AIR	PROPN
AK	NOUN,PROPN
AK47's	NOUN
AK47s	NOUN
AKA	ADV
AKMA	PROPN
ALEX	PROPN
ALITO	PROPN
ALL	ADV,DET
ALLOWANCE	PROPN
ALONE	ADV
ALONG	ADV
ALSO	ADV
ALWAYS	ADV
AM	AUX,NOUN,PROPN
AMAZE	VERB
AMAZING	ADJ
AMAZINGLY	ADV
AMERICANS	PROPN
AMERICAS	PROPN
AMES	PROPN
AMI	PROPN
AN	DET
AND	CCONJ
ANDRILL	PROPN
ANSWERS	NOUN
ANTHONY	PROPN
ANTONIO	PROPN
ANY	DET
ANYONE	PRON
ANYTHING	PRON
ANYWAY	INTJ
AP	NOUN
API	NOUN
APPLICATIONS	NOUN
APPROVAL	NOUN
APPROVE	VERB
AR	NOUN
ARCHIBALD	PROPN
ARCHILOCHUS	PROPN
ARCO	PROPN
ARD	PROPN
ARE	AUX
AREA	NOUN
AREA'S	NOUN
ARES	PROPN
AROUND	ADV
ARVN	PROPN
ARe	AUX
AS	ADP,ADV,PROPN,SCONJ
AS400	NOUN
ASAP	ADV
ASCAP	PROPN
ASIAN	ADJ
ASK	VERB
ASSISTANCE	NOUN
ASWERING	VERB
AT	ADP
AT&T	PROPN
ATE	VERB
ATM	NOUN
ATTENTION	NOUN
AUBREY	PROPN
AUCTION	NOUN
AUD	NOUN
AV	PROPN
AVOID	VERB
AWAY	ADV
AWESOME	ADJ
AWFUL	ADJ
AWOL	ADJ
Aafia	PROPN
Aakrosh	PROPN
Aaron	PROPN
Abba	PROPN
Abbas	PROPN
Abbassi	PROPN
Abbey	PROPN
Abbot	PROPN
Abbotsford	PROPN
Abbudi	PROPN
Abby	PROPN
Abd	PROPN
Abdel	PROPN
Abdul	PROPN
Abdullah	PROPN
Aberdeen	PROPN
Aberdeenshire	PROPN
Abourezk	PROPN
About	ADP,ADV
Above	ADP,ADV
Abraham	PROPN
Abramo@ENRON	X
Abramoff	PROPN
Abrams	PROPN
Absolute	ADJ,ADV
Absolutely	ADV
Abstract	NOUN
Abu	PROPN
Abundance	NOUN
Abuse	NOUN
Abused	VERB
Abymes	PROPN
Academia	PROPN
Academic	ADJ
Academy	PROPN
Acapulco	PROPN
Accepted	VERB
Access	NOUN,X
Accident	PROPN
Accidentally	ADV
Accomodating	ADJ
Accord	NOUN,PROPN,X
According	VERB
Accordingly	ADV
Account	NOUN
Accountabilities	NOUN
Accustomed	VERB
Ace	PROPN
Acedraz	X
Aceh	PROPN
Acer	PROPN
Achievement	PROPN
Achieving	VERB
Achilles	PROPN
Ackles	PROPN
Acphillips	PROPN
Acquired	VERB
Acquisition	PROPN
Acriflaven	PROPN
Across	ADP
Acrylics	PROPN
Act	NOUN,PROPN,VERB
Acting	ADJ
Action	NOUN,PROPN
Active	ADJ
Activity	NOUN
Actor	NOUN
Actress	NOUN
Actual	ADJ
Actually	ADV
Acupuncture	NOUN
Adam	PROPN
Adams	PROPN
Add	VERB
Addiction	PROPN
Adding	VERB
Addition	PROPN
Additional	ADJ
Additionally	ADV
Address	NOUN,VERB
Adds	VERB
Adelaide	PROPN
Adele	PROPN
Adelle	PROPN
Adelphi	PROPN
Adhamiya	PROPN
Adidas	PROPN
Adios	X
Aditya	PROPN
Adjustment	PROPN
Admin	ADJ
Administration	NOUN,PROPN
Administrative	ADJ
Administrator	NOUN,PROPN
Admiral	PROPN
Admissions	NOUN
Adnan	PROPN
Adolf	PROPN
Adopts	VERB
Adorama	PROPN
Adorn	PROPN
Adorned	VERB
Adriana	PROPN
Adriatic	ADJ,PROPN
Advance	NOUN,PROPN
Advanced	ADJ
Advice	NOUN
Advisory	ADJ,PROPN
Aelius	PROPN
Aerocom	PROPN
Aerogel	NOUN
Aeromexico	PROPN
Aeroméxico	PROPN
Aeron	PROPN
Aeronautics	PROPN
Aesthetic	ADJ
Aesthetics	PROPN
Affair	PROPN
Affairs	NOUN
Affirmative	ADJ
Affordable	ADJ
Afghan	ADJ
Afghanistan	PROPN
Afghans	PROPN
Afraid	ADJ
Africa	PROPN
African	ADJ,PROPN
Afshari	PROPN
After	ADP,SCONJ
Afternoon	NOUN
Afterwards	ADV
Again	ADV
Against	ADP
Agassiz	PROPN
Agatha	PROPN
Age	NOUN,PROPN
Agel	PROPN
Agence	PROPN
Agencies	NOUN
Agency	PROPN
Agent	PROPN
Agents	NOUN,PROPN
Ages	PROPN
Aging	VERB
Agip	PROPN
Agnostics	PROPN
Agra	PROPN
Agrarian	ADJ
Agreement	NOUN,X
Agreements	NOUN
Agriculture	PROPN
Aguilar	PROPN
Ah	INTJ
Ahab	PROPN
Ahali	PROPN
Ahmad	PROPN
Ahmadinejad	PROPN
Ahmaud	PROPN
Ahmed	PROPN
Aid	PROPN
Aids	NOUN
Air	NOUN,PROPN
AirBox	PROPN
Airbnb	PROPN
Airborne	ADJ
Aircraft	NOUN
Aires	PROPN
Airlines	PROPN
Airport	PROPN
Airways	PROPN
Ajay	PROPN
Aka	ADV
Akashi	PROPN
Akin	PROPN
Akin@ECT	X
Aksa	PROPN
Al	PROPN
Alabama	PROPN
Alain	PROPN
Alamo	PROPN
Alan	PROPN
Alanah	PROPN
Alarcos	PROPN
Alaska	PROPN
Alaskan	ADJ
Alaskans	PROPN
Alastair	PROPN
Alatorre@ENRON	X
Albania	PROPN
Albanian	ADJ
Albeit	SCONJ
Albergo	PROPN
Albert	PROPN
Alberta	PROPN,X
Alcala	PROPN
Aldo	PROPN
Aleksei	PROPN
Alekseyevna	PROPN
Alena	PROPN
Alex	PROPN
Alexander	PROPN
Alexandre	PROPN
Alexandria	PROPN
Alexis	PROPN
Alfaro	PROPN
Alford	PROPN
Alfred	PROPN
Algarve	PROPN
Algeria	PROPN
Algerians	PROPN
Alhaznawi	PROPN
Ali	PROPN
Alia	PROPN
Alibek	PROPN
Alice	PROPN
Alike	ADV
Alireza	PROPN
Alito	PROPN
All	ADJ,ADV,DET,PROPN
Allah	PROPN
Allard	PROPN
Allawi	PROPN
Allegheny	PROPN
Allen	PROPN
Alley	PROPN
Alliance	PROPN
Allier	PROPN
Allow	VERB
Allowance	PROPN
Allton	PROPN
Alma	PROPN,X
Almanac	PROPN
Almost	ADV
Aloha	INTJ
Alondra	PROPN
Alone	ADJ,ADV
Along	ADP,ADV
Alpha	PROPN
Alpharetta	PROPN
Alpine	PROPN
Alps	PROPN
Already	ADV
Alright	INTJ
Also	ADV
Alta	PROPN
Alter	PROPN
Alternatively	ADV
Althea	PROPN
Altho	SCONJ
Although	ADV,SCONJ
Altman	PROPN
Alto	PROPN
Altoona	PROPN
Alvarado	PROPN
Alvin	PROPN
Always	ADV
Am	AUX,PROPN
Amanda	PROPN
Amants	PROPN
Amazing	ADJ
Amazon	PROPN
Ambassador	PROPN
Ambitious	ADJ
Amelia	PROPN
Amen	INTJ
Amendment	NOUN,PROPN
Amendments	NOUN
America	PROPN
American	ADJ,PROPN
Americans	PROPN
Americas	PROPN
Amerithrax	PROPN
Ames	PROPN
Amid	ADP
Amin	PROPN
Amiriya	PROPN
Amman	PROPN
Amneh	PROPN
Amnesty	PROPN
Among	ADP
Amore	PROPN
Amount	NOUN,PROPN
Amoxi	PROPN
Amr	PROPN
Amrullah	PROPN
Amsterdam	PROPN
Amy	PROPN
An	DET
Ana	PROPN
Anacapa	PROPN
Anaheim	PROPN
Anahuac	PROPN
Analysis	NOUN,PROPN
Analysis_0712	X
Analyst	NOUN,PROPN
Analysts	NOUN
Analytics	PROPN
Analytique	PROPN
Anasazi	PROPN
Anastacio	PROPN
Anastasia	PROPN
Anatole	PROPN
Anbar	PROPN
And	CCONJ
Andaman	PROPN
Andamans	PROPN
Anderson	PROPN
Andes	PROPN
Andorra	PROPN
Andover	PROPN
Andre	PROPN
Andrea	PROPN
Andreas	PROPN
Andres	PROPN
Andrew	PROPN
Andrews	PROPN
Andrzej	PROPN
Andy	PROPN
Aner	PROPN
Angel	PROPN
Angela	PROPN
Angeles	PROPN
Angelic	ADJ
Angels	NOUN,PROPN
Angie	PROPN
Anglican	ADJ
Anglo	ADJ,PROPN
Angostura	PROPN
Ani	PROPN
Animal	PROPN
Animals	NOUN
Animated	VERB
Anime	NOUN,PROPN
Ann	PROPN
Anna	PROPN
Anne	PROPN
Annesley	PROPN
Annex	NOUN
Annie	PROPN
Announce	VERB
Announcing	VERB
Annoying	VERB
Annual	ADJ
Anon	PROPN
Anonymous	ADJ,PROPN
Another	DET
Anouilh	PROPN
Anse	PROPN
Ansel	PROPN
Ansems	PROPN
Answer	NOUN
Answered	VERB
Ant	PROPN
Antarctic	ADJ
Antarctica	PROPN
Anthony	PROPN
Anthrax	PROPN
Anthropologist	NOUN
Anthropology	NOUN
Anti-Fraud	PROPN
Anti-Israeli	ADJ
Antichrist	PROPN
Antigone	PROPN
Antigua	PROPN
Antioch	PROPN
Antipasto	NOUN
Antique	ADJ
Antiques	NOUN
Anton	PROPN
Antonio	PROPN
Antonioni	PROPN
Antony	PROPN
Ants	NOUN
Antwerp	PROPN
AntyScience	PROPN
Anwar	PROPN
Any	DET
Anyhow	INTJ
Anyone	PRON
Anything	PRON
Anyway	INTJ
Anyways	ADV
Apa	PROPN
Apache	PROPN
Apart	ADV
Apartments	NOUN,PROPN
Apatow	PROPN
Aphrodite	PROPN
Aplo.	NOUN
Aplocheilus	PROPN
Apollinaris	PROPN
Apollo	PROPN
Apostle	PROPN
Apostles	NOUN
Apparently	ADV
Appeals	NOUN
Appel	PROPN
Appellants	NOUN
Appellees	NOUN
Appendix	NOUN,PROPN
Apple	PROPN
Apples	NOUN
Application	NOUN,PROPN
Applications	NOUN
Applying	VERB
Appraisal	PROPN
Appreciate	VERB
Appreciation	NOUN
Appropriations	PROPN
Approval	NOUN
Approvals	NOUN
Approved	NOUN,VERB
Approx	ADV
Approximate	ADJ
Apps	NOUN
Apr	PROPN
April	PROPN
Aquarium	PROPN
Aquarius	PROPN
Aquileia	PROPN
Aquiriums	NOUN
Arab	ADJ
Arabia	PROPN
Arabian	ADJ,PROPN
Arabic	PROPN
Arabiya	PROPN
Arabs	PROPN
Arafat	PROPN
Arakan	ADJ,PROPN
Araujo	PROPN
Arbery	PROPN
Arbitration	PROPN
Arby	PROPN
Arc	PROPN
Archibald	PROPN
Archipelago	PROPN
Architect	PROPN
Architects	PROPN
Architectural	ADJ,PROPN
Architecture	NOUN,PROPN
Archive	PROPN
Archives	PROPN
Arco	PROPN
Arctic	ADJ,PROPN
Are	AUX,VERB
Area	NOUN,PROPN
Arena	PROPN
Argentina	PROPN
Argentine	ADJ,PROPN
Arguably	ADV
Argument	NOUN
Ariel	PROPN
Aries	PROPN
Arizona	PROPN
Arkansas	PROPN
Arkham	PROPN
Arlington	PROPN
Arm	PROPN
Armada	PROPN
Armaments	NOUN
Armatho	PROPN
Armed	ADJ
Armenia	PROPN
Armenian	ADJ
Armenians	PROPN
Armies	NOUN
Armogida	PROPN
Arms	NOUN,PROPN
Armstrong	PROPN
Army	NOUN,PROPN
Arnold	PROPN
Arosa	PROPN
Around	ADP
Arp	PROPN
Arrangements	NOUN
Arrival	NOUN
Arrow	PROPN
Arrv.	VERB
Art	NOUN,PROPN
Art.	NOUN
Arthritis	NOUN
Arthur	PROPN
Article	NOUN
Artist	NOUN
Arts	NOUN,PROPN
Arun	PROPN
Arya	PROPN
Aryan	ADJ
As	ADP,ADV,SCONJ
Asansol	PROPN
Asbestos	NOUN
Ash	PROPN
Ashcroft	PROPN
Asher	PROPN
Ashfaq	PROPN
Ashley	PROPN
Ashraf	PROPN
Ashton	PROPN
Asi	PROPN
Asia	PROPN
Asian	ADJ
Asians	PROPN
Asiaweek	PROPN
Aside	ADV
Ask	VERB
Asked	VERB
Ass't.	NOUN
Assad	PROPN
Assam	PROPN
Assassinate	VERB
Assault	PROPN
Assembly	PROPN
Assessment	PROPN
Asset	NOUN
Assh@%$e	NOUN
Assignments	NOUN
Assistance	PROPN
Assistant	ADJ,NOUN,PROPN
Associate	NOUN,PROPN
Associated	ADJ
Associates	NOUN
Association	PROPN
Assume	VERB
Assuming	VERB
Assurance	PROPN
Aster	PROPN
Astr	PROPN
Astronomy	NOUN
Astros	PROPN
Asus	PROPN
At	ADP
Atahualpa	PROPN
Atal	PROPN
Atef	PROPN
Atheists	PROPN
Athena	PROPN
Atithi	PROPN
Atkins	PROPN
Atlanta	PROPN
Atlantic	ADJ,PROPN
Atomic	ADJ
Atop	ADP
Atta	PROPN
Attached	VERB
Attachment	NOUN
Attack	NOUN
Attempts	NOUN
Attention	NOUN
Attitude	NOUN
Attitudes	PROPN
Attn.	NOUN
Attorney	NOUN,PROPN
Attribution	PROPN
Atwood	PROPN
Auchintoul	PROPN
Auchleuchries	PROPN
Auckland	PROPN
Audio	NOUN
Audit	NOUN
Auditorium	PROPN
Aug	PROPN
Aug.	PROPN
August	PROPN
Auguste	PROPN
Augustin	PROPN
Augustine	PROPN
Aunt	NOUN
Austen	PROPN
Austin	PROPN
Australasian	PROPN
Australia	PROPN
Australian	ADJ
Austria	PROPN
Author	NOUN
Authorities	NOUN
Authority	NOUN,PROPN
Authors	PROPN
Auto	PROPN
Autobiography	PROPN
Automatic	ADJ
Automotive	PROPN
Automotives	PROPN
Autos	PROPN
Autumn	PROPN
Ave	PROPN,X
Ave.	PROPN
Avenue	PROPN
Average	ADJ
Aviation	PROPN
Avignon	PROPN
Avoid	VERB
Aw	INTJ
Awaiting	VERB
Award	PROPN
Awarding	VERB
Awards	NOUN,PROPN
Awesome	ADJ
Awsat	PROPN
Aww	INTJ
Axel	PROPN
Ay	INTJ
Ayad	PROPN
Ayatollah	PROPN
Aye	INTJ
Ayman	PROPN
Azerbaijan	PROPN
Aziz	PROPN
Azov	PROPN
Aztec	PROPN
Aztecs	PROPN
Azzam	PROPN
Azzaman	PROPN
B	ADJ,NOUN,NUM,PROPN
B&B	NOUN,PROPN
B-	NOUN
B.	PROPN,X
B.A.	PROPN
B2B	NOUN
BA	PROPN
BABA	NOUN,PROPN
BAC	NOUN
BACK	ADV
BAD	ADJ
BAFTA	PROPN
BALLET	NOUN
BALLROOM	NOUN
BASIC	ADJ
BATCH	NOUN
BAY	PROPN
BBC	PROPN
BBQ	NOUN
BC	NOUN,PROPN
BCE	NOUN
BDSM	NOUN
BE	AUX,VERB
BECAUSE	SCONJ
BED	NOUN
BEE	NOUN
BEEN	AUX
BEFORE	ADV
BEING	AUX
BEN	PROPN
BENEFIT	NOUN
BEST	ADJ
BEWARE	VERB
BIG	ADJ
BILL	NOUN
BITCHING	VERB
BJ	PROPN
BK	PROPN
BLACKLINE	X
BLAST	NOUN
BMW	PROPN
BNA	PROPN
BOARD	ADP
BONES	NOUN
BOTH	DET
BOTHER	VERB
BOTHERED	VERB
BOWL	PROPN
BOX	PROPN
BP	PROPN
BPA	PROPN
BRADLEY	PROPN
BRAWLER	PROPN
BRENNER	X
BRETT	PROPN
BRIDGET	PROPN
BRIEF	ADJ
BRING	VERB
BRINGING	VERB
BRINGS	VERB
BROKERS	NOUN
BROUGHT	VERB
BROWNING	PROPN
BROWNSON	PROPN
BS	NOUN,PROPN
BT	PROPN
BTA	PROPN
BTS	PROPN
BTW	ADV
BU	PROPN
BUFFALO	PROPN
BUILDING	PROPN
BUNCH	NOUN
BURGER	NOUN
BURNT	ADJ
BUSH	PROPN
BUT	CCONJ
BW	PROPN
BY	ADP,PROPN
Ba'athist	PROPN
Ba'athists	PROPN
Baath	PROPN
Baathist	ADJ,PROPN
Baathists	PROPN
Baba	PROPN,X
Babalon	PROPN
Babe	PROPN
Babies	PROPN
Babington	PROPN
Baby	NOUN
Babylon	PROPN
Bachelor	NOUN
Back	ADV
BackWeb	PROPN
Background	NOUN
Bacon	PROPN
Bad	ADJ
Badr	PROPN
Baffin	PROPN
Baffled	VERB
Baggio	PROPN
Bagh	PROPN
Baghdad	PROPN
Baghdadis	PROPN
Bahai	PROPN
Bahamas	PROPN
Baie	PROPN
Bailey	PROPN
Baileys	PROPN
Bait	NOUN
Baja	NOUN
Baker	PROPN
Balance	NOUN,PROPN
Balances	NOUN
Balanga	PROPN
Balard	PROPN
Balasingham	PROPN
Balazick	PROPN
Baldwin	PROPN
Bali	PROPN
Ball	NOUN,PROPN
Ballerina	NOUN
Ballroom	NOUN
Balochi	ADJ
Balochistan	PROPN
Baltic	ADJ
Baltimore	PROPN
Baluchistan	PROPN
Ban	PROPN
Banczak	PROPN
Band	PROPN
Bandar	PROPN
Bandera	PROPN
Bands	NOUN
Bang	PROPN
Bangkok	PROPN
Bangladesh	PROPN
Bangladeshi	ADJ
Bangladeshis	PROPN
Bangs	PROPN
Bank	PROPN
Bankman	PROPN
Banks	PROPN
Banner	PROPN
Bannerman	PROPN
Bantu	ADJ
Baptist	PROPN
Bar	PROPN
Barack	PROPN
Barb	PROPN
Barbados	PROPN
Barbara	PROPN
Barber	NOUN
Barbie	PROPN
Barbour	PROPN
Barbuda	PROPN
Barcelona	PROPN
Barclay	PROPN
Barclays	PROPN
Bard	PROPN
Barese	NOUN
Bargain	PROPN,VERB
Barger	PROPN
Barn	NOUN
Barnard	PROPN
Barnes	PROPN
Barno	PROPN
Baron	PROPN
Barrett	PROPN
Barros	PROPN
Barry	PROPN
Barss	PROPN
Barstool	PROPN
Bart	PROPN
Bartlesville	PROPN
Barton	PROPN
Bas	PROPN
Basalt	NOUN
Bascom	PROPN
Base	NOUN,PROPN
Baseball	PROPN
Based	VERB
Basel	PROPN
Bases	PROPN
Bashers	NOUN
Basic	ADJ,PROPN
Basically	ADV
Basil	NOUN
Basin	PROPN
Basis	NOUN
Bass	PROPN
Basse	PROPN
Bassi	PROPN
Bastien	PROPN
Basya	PROPN
Bat	PROPN
Bataan	PROPN
Batawi	PROPN
Bateman	PROPN
Batesville	PROPN
Bath	NOUN,PROPN
Batman	PROPN
Bats	VERB
Batting	NOUN
Battle	PROPN
Battles	PROPN
Baucus	PROPN
Baudelaire	PROPN
Bavelier	PROPN
Bay	PROPN
Bazar	PROPN
Be	AUX,VERB
Bea	PROPN
Beach	PROPN
Beachcrofts	PROPN
Beaches	NOUN
Beall	PROPN
Bear	VERB
Bearded	ADJ
Beardies	NOUN,PROPN
Beards	NOUN
Bearkadette	PROPN
Beast	PROPN
Beatle	PROPN
Beatles	PROPN
Beats	VERB
Beatty	PROPN
Beau	PROPN
Beaumarchais	PROPN
Beautiful	ADJ
Beautifully	ADV
Beauty	NOUN,PROPN
Beauveria	X
Because	ADP,SCONJ
Bechtel	PROPN
Bechtolsheim	PROPN
Becky	PROPN
Bee	PROPN
Beecher	PROPN
Beechwood	PROPN
Beeline	PROPN
Been	AUX
Beethoven	PROPN
Before	ADP,SCONJ
Beghe	PROPN
Beginner	PROPN
Beginning	NOUN
Behari	PROPN
Behavioral	ADJ
Behesht	PROPN
Beheshti	PROPN
Behind	ADP
Beijing	PROPN
Being	AUX
Beings	PROPN
Beirut	PROPN
Belarus	PROPN
Belgian	ADJ
Belgians	PROPN
Belgium	PROPN
Belief	NOUN
Beliefs	NOUN
Believe	VERB
Belize	PROPN
Bell	PROPN
Bella	ADJ
Belle	PROPN
Bellevue	PROPN
Bellini	PROPN
Below	ADV
Ben	PROPN
Bend	PROPN
Bender	PROPN
Bending	VERB
Benedetti	PROPN
Benefit	NOUN,PROPN
Benefits	NOUN
Bengal	PROPN
Benin	PROPN
Benioff	PROPN
Benjamin	PROPN
Benner	PROPN
Benzie	PROPN
Beresford	PROPN
Berez	PROPN
Berg	PROPN
Bergen	PROPN
Bergère	PROPN
Bering	PROPN
Beringia	PROPN
Berkeley	PROPN
Berkman	PROPN
Berlin	PROPN
Bernard	PROPN
Bernardini	PROPN
Bernhard	PROPN
Bernoulli	PROPN
Bernoullis	PROPN
Berry	PROPN
Bert	PROPN
Bertone@ENRON_DEVELOPMENT	X
Bertrand	PROPN
Beschta	PROPN
Beside	ADP
Besides	ADP,ADV,SCONJ
Best	ADJ,ADV
Beth	PROPN
Bethesda	PROPN
Beto	PROPN
Better	ADJ
Between	ADP
Beutel	PROPN
Beverly	PROPN
Beware	VERB
Bexar	PROPN
Beyond	ADP,PROPN,SCONJ
Bhatia	PROPN
Bhutan	PROPN
Bible	PROPN
Biblical	ADJ
Biblically	ADV
Bibrarian	PROPN
Bicycling	NOUN
Biden	PROPN
Bieber	PROPN
Bien	PROPN
Bienvenue	PROPN
Biewener	PROPN
Big	ADJ
Bigger	ADJ
Bik	PROPN
Bilboa	PROPN
Bilbray	PROPN
Bill	PROPN
Billing	NOUN
Billy	PROPN
Bilmes	PROPN
Biloxi	PROPN
Bin	PROPN
Binalshibh	PROPN
Binderman	PROPN
Bing	PROPN
Bio	NOUN,PROPN
Biography	NOUN
Biologist	NOUN
Biology	NOUN
Biomed	PROPN
Biotaling	VERB
Bird	NOUN
Birdie	PROPN
Birdman	PROPN
Birds	NOUN
Birkholm	PROPN
Birla	PROPN
Birmingham	PROPN
Birth	NOUN
Birthday	PROPN
Bishop	PROPN
Bissen	PROPN
Bistro	PROPN
Bit	NOUN
Bitmap	NOUN
Bjerrebyvej	PROPN
Black	ADJ,PROPN
Blackberry	NOUN
Bladder	NOUN
Blaine@ENRON_DEVELOPMENT	X
Blair	PROPN
Blakemore	PROPN
Blanc	PROPN
Blanco	PROPN
Bland	ADJ
Blessings	NOUN
Blinking	VERB
Blizzard	PROPN
Block	NOUN,PROPN
Blocks	PROPN
Blogging	VERB
Blogshares	PROPN
Blood	PROPN
Bloody	ADJ
Bloom	PROPN
Bloomberg	PROPN
Blount	PROPN
Blowback	NOUN
Blown	PROPN
Blue	ADJ,PROPN
Blumenfeld	PROPN
Blvd	PROPN
Blvd.	PROPN
Board	NOUN,PROPN
Boardroom	NOUN
Boat	PROPN
Bob	PROPN
Bobby	PROPN
Bockius	PROPN
Bodhi	PROPN
Body	NOUN,PROPN
Bogaerts	PROPN
Bogliasco	PROPN
Bohai	PROPN
Bohlin	PROPN
Boi	PROPN
Boil	NOUN
Boiled	VERB
Bojinka	PROPN
Boleyn	PROPN
Bolivar	ADJ
Bolivia	PROPN
Bollier	PROPN
Bonacci	PROPN
Bonafide	PROPN
Bonaire	PROPN
Bonanza	PROPN
Bond	NOUN
Bondad	PROPN
Bonde	PROPN
Bones	PROPN
Bonnard	PROPN
Bonosus	PROPN
Bonus	NOUN
Book	PROPN
Booker	PROPN
BooleanPolygonConstraint	PROPN
Boom	INTJ,PROPN
Boot	PROPN
Booth	PROPN
Bootham	PROPN
Boothbay	PROPN
Border	PROPN
Borders	PROPN
Borenstein	PROPN
Boris	PROPN
Born	VERB
Bos	PROPN
Bosco	PROPN
Bosnia	PROPN
Bosnian	ADJ
Boston	PROPN
Boswell	PROPN
Botero	PROPN
Both	CCONJ,DET
Bothell	PROPN
Bottle	NOUN
Bottom	ADJ,NOUN
Bought	VERB
Boulder	PROPN
Boulevard	PROPN
Bourdain	PROPN
Bourg	PROPN
Bourret	PROPN
Bout	PROPN
Boutique	NOUN
Bow	PROPN
Bowen	PROPN
Bowes	PROPN
Bowie	PROPN
Bowtie	PROPN
Box	NOUN
Boxer	PROPN
Boy	INTJ,PROPN
Boyles	PROPN
Brad	PROPN
Braden	PROPN
Bradenton	PROPN
Bradford	PROPN
Bradley	PROPN
Brain	PROPN
Braman	PROPN
Bramen	PROPN
Brampton	PROPN
Branch	NOUN
Branco	PROPN
Brand	PROPN
Brandee	PROPN
Brandeis	PROPN
Brandt	PROPN
Branford	PROPN
Branom	PROPN
Branshaw	PROPN
Branson	PROPN
Braque	PROPN
Brass	NOUN
Braunsberg	PROPN
Brava	X
Brave	ADJ
Braverman	PROPN
Brawler	PROPN
Braysmith	PROPN
Brazil	PROPN
Brazilian	ADJ
Brazillian	ADJ
Brazosport	PROPN
Break	NOUN
Breakfast	NOUN,PROPN
Breaking	VERB
Breakout	PROPN
Breakthrough	NOUN
Breathing	VERB
Bredders	NOUN
Breeding	NOUN
Breeze	PROPN
Bremen	PROPN
Bremmer	PROPN
Brenda	PROPN
Brendan	PROPN
Brendler	PROPN
Brent	PROPN
Brenta	PROPN
Breonna	PROPN
Breslau	PROPN
Brewery	PROPN
Breyer	PROPN
Brian	PROPN
Brick	PROPN
Brickell	PROPN
Brideshead	PROPN
Bridge	PROPN
Bridgeline	PROPN
Bridger	PROPN
Bridget	PROPN
Brieber	PROPN
Briefing	NOUN
Brigade	PROPN
Brigades	PROPN
Briggs	PROPN
Bright	ADJ
Brighton	PROPN
Brin	PROPN
Bring	VERB
Bringing	VERB
Brit	PROPN
Britain	PROPN
Britani	PROPN
Britannia	PROPN
British	ADJ
Britney	PROPN
Brittany	PROPN
Bro	NOUN
Broad	PROPN
Broadband	PROPN
Broadcasting	PROPN
Broadway	PROPN
Brock	PROPN
Broke	VERB
Broken	ADJ,PROPN
Brokerage	NOUN
Bronze	NOUN
Brook	PROPN
Brooklyn	PROPN
Broome	PROPN
Brotherhood	PROPN
Brothers	PROPN
Brought	VERB
Brovej	PROPN
Brown	PROPN
Browncover	NOUN
Browns	NOUN,PROPN
Browsing	VERB
Bruce	PROPN
Bruha	PROPN
Brumbley	PROPN
Bruna	PROPN
Brussels	PROPN
Bruyne	PROPN
Bryant	PROPN
Btwn	ADP
Bu	PROPN
Buchanan	PROPN
Buck	PROPN
Buckeye	PROPN
Buckingham	PROPN
Buckley	PROPN
Bud	PROPN
Budd	PROPN
Buddakan	PROPN
Buddhism	PROPN
Buddhist	ADJ,PROPN
Buddhists	PROPN
Buddy	PROPN
Budgies	NOUN
Budweiser	PROPN
Buenos	PROPN
Buffet	PROPN
Bugs	NOUN
Build	VERB
Builders	NOUN,PROPN
Building	PROPN,VERB
Builds	VERB
Built	VERB
Buis	PROPN
Bulgaria	PROPN
Bullard	PROPN
Bullet	NOUN
Bullies	PROPN
Bumrungard	PROPN
Bumrungrad	PROPN
Bunnell	PROPN
Bunny	PROPN
Burckhardt	PROPN
Bureau	PROPN
Burger	PROPN
Burke	PROPN
Burnell	PROPN
Burning	VERB
Burrito	PROPN
Burroughs	PROPN
Burrows	PROPN
Bus	NOUN,PROPN
Bush	PROPN
Business	NOUN,PROPN
But	ADP,CCONJ
Butcher	PROPN
Butter	PROPN
Butterfly	PROPN
Buwei	PROPN
Buxton	PROPN
Buy	VERB
Buyer	NOUN
Buying	NOUN
Buñuel	PROPN
By	ADP,ADV,SCONJ
Byargeon	PROPN
Bye	INTJ
Byrne	PROPN
Byron	PROPN
C	NOUN,PROPN,X
C&IC	PROPN
C-	INTJ
C.	PROPN,X
C.DTF	NOUN
C.V	PROPN
CA	AUX,NOUN,PROPN
CAEM	PROPN
CAJUNISH	ADJ
CAME	VERB
CAMERA	NOUN
CAMPUS	NOUN
CAN	AUX
CANADA	PROPN
CANNON	PROPN
CARE	VERB
CAROLINA	PROPN
CAROLS	PROPN
CARREAU	PROPN
CASH	NOUN
CBD	PROPN
CBS	PROPN
CC	PROPN
CC-BY	PROPN
CCA-15	PROPN
CD	NOUN,PROPN
CDC	PROPN
CDEC	PROPN
CDG	PROPN
CDT	PROPN
CDs	NOUN
CE	NOUN
CEC	NOUN
CEI	PROPN
CEM	PROPN
CENTER	PROPN
CEO	NOUN,PROPN
CEOs	NOUN
CEV	PROPN
CFC	NOUN
CFL	NOUN
CFLs	NOUN
CFTC	PROPN
CHANGE	VERB
CHEF	NOUN
CHERNOBYL	PROPN
CHESS	NOUN
CHICK	NOUN
CHILD	NOUN
CHILL	VERB
CHINESE	ADJ
CHRIS	PROPN
CHRISTIAN	ADJ
CHS	PROPN
CHURCH	NOUN
CI	PROPN
CI.taiwan.gov.tw	PROPN
CIA	PROPN
CIAC	NOUN
CIC	PROPN
CIS	PROPN
CISCO	PROPN
CITIC	PROPN
CITY	PROPN
CLASS	PROPN
CLEAN	ADJ
CLEMENT	PROPN
CLH	PROPN
CLOSING	VERB
CLUSTER	NOUN
CNN	PROPN
CNRS	PROPN
CO	PROPN
CO2	NOUN
COALITION	PROPN
COB	NOUN
COFFEE	NOUN
COMCAST	PROPN
COME	VERB
COMES	VERB
COMM	NOUN
COMMUNICATIONS	X
COMPANY	NOUN
COMp	NOUN
CONCLUSION	NOUN
CONFIDENTIAL	ADJ
CONFIDENTIALITY	NOUN
CONFIRMIT	PROPN
CONGRATULATIONS	NOUN
CONGRESSIONAL	ADJ
CONGRESSMAN	NOUN
CONN.	PROPN
CONSIDER	VERB
CONTACT	VERB
CONTAINING	VERB
CONTEMPORARY	ADJ
CONVENIENT	ADJ
CONV_050815c_03.10	PROPN
CORRECT	ADJ
COS	X
COST	NOUN
COSTS	NOUN
COULD	AUX
COUPLE	NOUN
COURT	NOUN,PROPN
COVID	PROPN
COwpland	PROPN
CP	NOUN
CPA	NOUN
CPCG	PROPN
CPI	NOUN
CPIM	NOUN
CPUC	PROPN
CRA	PROPN
CRACKDOWN	NOUN
CRAZY	ADJ
CRRA	PROPN
CRUEL	ADJ
CRY	VERB
CS5	PROPN
CSA	NOUN
CSAs	NOUN
CSIS	PROPN
CST	PROPN
CT	NOUN
CUC	NOUN
CUISINE	NOUN
CURSE	NOUN
CURSED	VERB
CVTS	PROPN
CW	PROPN
Ca	AUX
Ca-	INTJ
Cab	PROPN
Cabalah	NOUN
Cabernet	PROPN
Cafasso	PROPN
Cafe	NOUN,PROPN
Cafes	NOUN
Caffasso	PROPN
Caffe	PROPN
Cage	NOUN
Cairo	PROPN
Caitlin	PROPN
Cake	NOUN
Cakes	NOUN
Cal	PROPN
Calaria	PROPN
Calculater	NOUN
Calculation	NOUN
Calculator	NOUN
Calcutta	PROPN
Caleb	PROPN
Calgary	PROPN
Calif	PROPN
Calif.	PROPN
California	PROPN
Californian	PROPN
Californians	PROPN
Call	NOUN,PROPN,VERB
Calle	X
Called	VERB
Calling	PROPN
Callon	PROPN
Callum	PROPN
Calvary	PROPN
Calvin	PROPN
Calvinist	ADJ
Calzolari	PROPN
Cambodia	PROPN
Cambridge	PROPN
Came	VERB
Camera	NOUN
Camille	PROPN
Camp	PROPN
Campaign	NOUN
Campbell	PROPN
Campenni	PROPN
Campfires	NOUN
Camping	PROPN
Campos	PROPN
Camps	NOUN
Campus	NOUN,PROPN
Can	AUX,PROPN
Canada	PROPN
Canadian	ADJ,PROPN
Canadians	PROPN
Canal	PROPN
Cancer	PROPN
Cancun	PROPN
Canever	PROPN
Canibal	PROPN
Canned	VERB
Cannes	PROPN
Cannistaro	PROPN
Cannon	PROPN
Canon	PROPN
Cans	PROPN
Cantón	PROPN
Canyon	PROPN
Cap	X
Cap-	INTJ
Caparrós	PROPN
Cape	NOUN
Capital	PROPN
Capitalize	VERB
Capitol	PROPN
Capote	PROPN
Cappelletto	PROPN
Capricorn	PROPN
Captain	PROPN
Captured	VERB
Car	NOUN
Caracas	PROPN
Caraibes	PROPN
Caramel	NOUN
Carbet	PROPN
Card	PROPN
Cardenas	PROPN
Cardinals	PROPN
Cards	NOUN
Care	NOUN,PROPN
Career	NOUN,PROPN
Careful	ADJ
Cargill	PROPN
Caribbean	ADJ,PROPN
Carl	PROPN
Carlo	PROPN
Carlos	PROPN
Carly	PROPN
Carnegie	PROPN
Carnival	PROPN
Carol	PROPN
Carolina	PROPN
Caroline	PROPN
Carolyn	PROPN
Caron	PROPN
Carrano	PROPN
Carrasco	PROPN
Carribbean	PROPN
Carried	VERB
Carriles	PROPN
Carrol	PROPN
Cars	PROPN
Carter	PROPN
Carytown	PROPN
Case	NOUN,PROPN
Cash	PROPN
Cashion	PROPN
Casinos	NOUN
Casper	PROPN
Caspian	PROPN
Cass	PROPN
Cassandra	PROPN
Cassation	PROPN
Cast	VERB
Castagnola@ENRON_DEVELOPMENT	X
Castamere	PROPN
Castano@EES	X
Castillo	PROPN
Castle	PROPN
Castling	NOUN
Casualty	PROPN
Cat	NOUN
Catarin	PROPN
Catarina	PROPN
Catbird	PROPN
Catch	NOUN
Cate	PROPN
Catedral	PROPN
Category	NOUN
Cathedral	PROPN
Catherine	PROPN
Catholic	ADJ,PROPN
Catholicism	PROPN
Catholics	PROPN
Cathy	PROPN
Cats	NOUN
Caucasian	ADJ
Caucasians	PROPN
Caucus	PROPN
Cauldron	PROPN
Cause	ADP,SCONJ
Causes	PROPN
Causey	PROPN
Cavalcade	PROPN
Cavaliers	PROPN
Cave	PROPN
Cavendish	PROPN
Cavern	PROPN
Cavour	PROPN
Cay	PROPN
Cayman	PROPN
Cayuga	PROPN
Cedar	PROPN
Cell	NOUN
Celsius	PROPN
Cemetery	PROPN
Census	PROPN
Centennial	PROPN
Center	PROPN
Centers	PROPN
Centilli	PROPN
Central	ADJ,PROPN
Centre	NOUN,PROPN
Centres	PROPN
Centro	PROPN
Centuries	NOUN
Century	NOUN,PROPN
Cereal	PROPN
Ceron	PROPN
Certain	ADJ
Certainly	ADV
Certeau	PROPN
Cesar	PROPN
Cester	PROPN
Chad	PROPN
Chadli	PROPN
Chaffetz	PROPN
Chaharbagh	PROPN
Chain	PROPN
Chair	NOUN,PROPN
Chairman	NOUN,PROPN
Chalabi	PROPN
Chalcis	PROPN
Challenge	PROPN
Challenger	PROPN
Challenges	PROPN
Chaman	PROPN
Chamber	PROPN
Chamberlain	PROPN
Chambermaid	PROPN
Chambers	PROPN
Champagne	PROPN
Champion	PROPN
Championship	PROPN
Champs	PROPN
Chan	PROPN
Chandeliers	NOUN
Chander	PROPN
Chandler	PROPN
Chandrika	PROPN
Change	NOUN,PROPN,VERB
ChangeCoordSys	PROPN
Changes	NOUN
Changpei	PROPN
Changzhou	PROPN
Chanley	PROPN
Channel	PROPN
Channing	PROPN
Chanukah	PROPN
Chao	PROPN
Chaos	PROPN
Chapel	PROPN
Chapelle	PROPN
Chapman	PROPN
Chapter	PROPN
Character	PROPN
Chardonnay	PROPN
Charge	VERB
Charity	PROPN
Charles	PROPN
Charleston	PROPN
Charlie	PROPN
Charlotte	PROPN
Charmaz	PROPN
Charter	NOUN,PROPN
Charu	PROPN
Chase	PROPN
Chasing	PROPN,VERB
ChatGPT	PROPN
Chateaux	PROPN
Chatham	PROPN
Chathams	PROPN
Chatillon	PROPN
Chatnam	PROPN
Chavez	PROPN
Che	PROPN
Cheap	ADJ
Cheaper	PROPN
Cheapest	ADJ
Checa	PROPN
Chechnya	PROPN
Check	VERB
Checks	NOUN
Cheer	VERB
Cheers	NOUN
Cheese	NOUN
Cheeves	PROPN
Chehel	PROPN
Chelan	PROPN
Chelsea	PROPN
Chemical	ADJ
Cheney	PROPN
Cheng	PROPN
Chennai	PROPN
Chernobyl	PROPN
Cherokee	PROPN
Cherry	PROPN
Cheryl	PROPN
Chess	NOUN
Chester	PROPN
Chestney	PROPN
Chet	PROPN
Cheuk	PROPN
Cheung	PROPN
Chevalier	PROPN
Cheveux	PROPN
Chevrolet	PROPN
Chevron	PROPN
Chevy	PROPN
Chewing	VERB
Chi-fung	PROPN
Chi-wai	PROPN
Chiang	PROPN
Chiara	PROPN
Chicago	PROPN
Chichen	PROPN
Chicken	NOUN,PROPN
Chickie	PROPN
Chicks	NOUN,PROPN
Chief	ADJ,PROPN
Chiefs	PROPN
Chihuahua	PROPN
Child	NOUN,PROPN
Children	NOUN,PROPN
Chili	NOUN,PROPN
Chimes	PROPN
Chin	PROPN
China	PROPN
Chinatown	PROPN
Chineese	ADJ
Chinese	ADJ
Chinoise	PROPN
Chipotle	PROPN
Chips	NOUN
Chitonga	PROPN
Chittagong	PROPN
Chloe	PROPN
Cho	PROPN
Choate	PROPN
Chocolate	NOUN
Choice	ADJ,PROPN
Chomsky	PROPN
Chong	PROPN
Chop	PROPN
Chorus	PROPN
Chow	PROPN
Chris	PROPN
Chris.Germany@enron.com	PROPN
Christ	INTJ,PROPN
Christchurch	PROPN
Christensen	PROPN
Christian	ADJ,PROPN
Christiane	PROPN
Christianity	PROPN
Christians	NOUN,PROPN
Christie	PROPN
Christina	PROPN
Christmas	PROPN
Christopher	PROPN
Chrome	PROPN
Chronicle	PROPN
Chrysler	PROPN
Chu	PROPN
Chuck	PROPN
Chudnov	PROPN
Chumley	PROPN
Chun	PROPN
Chung	PROPN
Church	NOUN,PROPN
Churches	NOUN
Ciao	X
Cimarron	PROPN
Cincinnati	PROPN
Cindy	PROPN
Cinematic	ADJ
Cinnamon	NOUN
Cinsault	PROPN
Cintra	PROPN
Circle	PROPN
Circuit	PROPN
Circus	PROPN
Citation	PROPN
Cities	NOUN,PROPN
Citigroup	PROPN
Citing	VERB
Citizen	PROPN
Citizens	NOUN
Citizenship	NOUN,PROPN
City	NOUN,PROPN
CityGate	PROPN
Civet	NOUN
Civic	ADJ
Civil	ADJ
Civilization	NOUN
Civilized	ADJ
Cj	PROPN
Claim	PROPN
Claimed	VERB
Claiming	VERB
Clair	PROPN
Claire	PROPN
Clairmont	PROPN
Clambake	PROPN
Clara	PROPN
Clare	PROPN
Clark	PROPN
Clarke	PROPN
Clarkson	PROPN
Class	NOUN,PROPN
Claude	PROPN
Claudia	PROPN
Claudio	PROPN
Clause	PROPN
Clauses	NOUN
Clay	NOUN,PROPN
Clayton	PROPN
Clean	ADJ,PROPN
Cleaning	PROPN
Clear	ADJ,VERB
Clearly	ADV
Clearwater	PROPN
Clem	PROPN
Cleopatra	PROPN
Cleveland	PROPN
Click	VERB
Client	NOUN
Clifford	PROPN
Cliffs	PROPN
Cliffside	PROPN
Climate	NOUN,PROPN
Climb	VERB
Clinic	NOUN,PROPN
Clinical	ADJ
Clinton	PROPN
Close	NOUN,PROPN
Closs	PROPN
Cloth	PROPN
Clothing	NOUN
Cloud9	PROPN
Clouds	PROPN
Club	NOUN,PROPN
Cluster	NOUN
Clydesdales	PROPN
Clyst	PROPN
Co	PROPN
Co-founder	NOUN
Co.	NOUN,PROPN
CoM	NOUN
Coach	NOUN
Coaches	NOUN
Coahuila	PROPN
Coalition	PROPN
Coarse	ADJ
Coase	PROPN
Coast	NOUN,PROPN
Cocaine	PROPN
Cochin	PROPN
Coco	PROPN
Cocoa	PROPN
Cocteau	PROPN
Code	NOUN,PROPN
Coeur	PROPN
Coffeyville	PROPN
Coffman	PROPN
Cognition	NOUN
Cognitive	ADJ
Cohen	PROPN
Coil	PROPN
Coined	VERB
Coke	PROPN
Col.	PROPN
Colbert	PROPN
Cold	ADJ
Cole	PROPN
Colette	PROPN
Colin	PROPN
Collaboration	NOUN,PROPN
Collaborative	ADJ
Collapsing	VERB
Collateral	NOUN
Collecting	VERB
Collection	PROPN
Collections	NOUN
Collective	ADJ
College	NOUN,PROPN
Collingswood	PROPN
Collins	PROPN
Colombia	PROPN
Colombo	PROPN
Colonel	PROPN
Colonial	ADJ
Colonies	PROPN
Color	NOUN,PROPN,VERB
Colorado	PROPN
Colorful	ADJ
Colors	PROPN
Colton	PROPN
Columbia	PROPN
Columbine	PROPN
Columbus	PROPN
Columns	PROPN
Comb	NOUN
Combat	VERB
Combined	VERB
Come	VERB
Comeback	PROPN
Comets	PROPN
Comex	PROPN
Comfort	PROPN
Comfortable	ADJ
Comic	PROPN
Comics	PROPN
Coming	VERB
Command	PROPN
Commander	PROPN
Commanders	NOUN
Comments	NOUN
Commission	NOUN,PROPN
Commissioner	PROPN
Commissioners	NOUN,PROPN
Commitment	NOUN
Committee	NOUN,PROPN
Committees	PROPN
Commodity	NOUN
Common	ADJ
Commons	PROPN
Commonwealth	PROPN
Communication	PROPN
Communications	PROPN
Communion	PROPN
Communist	ADJ,PROPN
Communists	PROPN
Communities	PROPN
Community	PROPN
Compact	ADJ
Companies	NOUN
Company	NOUN,PROPN
Compaq	PROPN
Compaq.com	NOUN
Comparative	ADJ
Compare	VERB
Comparing	PROPN
Comparison	NOUN
Compensation	NOUN
Complaint	NOUN
Completed	VERB
Completely	ADV
Complex	ADJ
Complexities	NOUN
Composers	PROPN
Compositionally	ADV
Compounding	VERB
Comprehensive	ADJ
Compression	PROPN
Computational	PROPN
Computer	PROPN
Computers	PROPN
Computing	PROPN
Comédie	PROPN
Con	NOUN,PROPN
ConEd	PROPN
Conan	PROPN
Concepts	NOUN
Concern	VERB
Concerned	ADJ
Concerning	VERB
Conclusion	NOUN
Conclusions	NOUN
Concord	PROPN
Conditioning	NOUN
Conditions	NOUN
Condoleeza	PROPN
Condominiums	PROPN
Cone	PROPN
Conf	NOUN
Conf.	NOUN
Confer	ADJ
Conference	NOUN,PROPN
Confessions	PROPN
Confidential	ADJ
Confidentiality	NOUN
Confirmation	NOUN
Confirmations	NOUN
Confirmed	VERB
Conflict	NOUN,PROPN,X
Confronting	VERB
Confused	ADJ
Congo	PROPN
Congrats	NOUN
Congratulations	NOUN
Congress	PROPN
Congressional	ADJ
Congressman	PROPN
Congressmen	PROPN
Congresswoman	PROPN
Connaught	PROPN
Connecticut	PROPN
Connection	NOUN
Connections	NOUN
Connolly	PROPN
Conquest	PROPN
Conrad	PROPN
Conroy	PROPN
Cons	NOUN
Consciousness	NOUN
Conseguences	PROPN
Consent	NOUN
Consequently	ADV
Conservation	PROPN
Conservative	PROPN
Conservatoire	PROPN
Consider	VERB
Consideration	PROPN
Considered	VERB
Considering	VERB
Consistantly	ADV
Console	PROPN
Constantine	PROPN
Constitution	NOUN,PROPN
Constitutional	ADJ
Construction	NOUN,PROPN
Constructions	PROPN
Consulate	PROPN
Consultation	PROPN
Consumers	PROPN
Consumption	PROPN
Contact	VERB
Contains	VERB
Contemporary	ADJ
Content	PROPN
Contest	PROPN
Continental	ADJ
Continually	ADV
Continue	VERB
Continuity	PROPN
Contra	PROPN
Contract	NOUN,PROPN,X
Contracts	NOUN
Contractual	ADJ
Contrary	ADV
Contributions	NOUN
Control	NOUN,PROPN
Controller	PROPN
Convention	PROPN
Conversation	PROPN
Conversations	NOUN
Conversion	NOUN
Coogan	PROPN
Cookie	PROPN
Cookies	NOUN
Cool	ADJ
Cooper	PROPN
Cooperation	PROPN
Coordinating	VERB
Coordinator	NOUN
Copan	PROPN
Copeland	PROPN
Copenhagen	PROPN
Copies	NOUN
Coppergate	PROPN
Copying	PROPN,VERB
Copyright	NOUN
CopyrightX	PROPN
Corbyn	PROPN
Cordially	ADV
Core	NOUN,PROPN
Corel	PROPN
Corell	PROPN
Corey	PROPN
Corn	NOUN
Cornell	PROPN
Coronas	PROPN
Corp	PROPN
Corp.	PROPN
Corporate	ADJ
Corporation	PROPN
Corps	PROPN
Corpse	PROPN
Corpus	PROPN
Correct	ADJ
Correction	NOUN
Correspondence	PROPN
Correspondents	NOUN
Cortese	PROPN
Coruña	PROPN
Cory	NOUN,PROPN
Cosmic	ADJ,PROPN
Cosplay	NOUN,PROPN
Costs	NOUN
Cotillion	PROPN
Cottage	PROPN
Could	AUX
Coulthard	PROPN
Council	PROPN
Counsel	NOUN,PROPN
Counseling	NOUN,PROPN
Counselor	NOUN
Counselors	NOUN
Count	PROPN
Countdown	PROPN
Counter-Strike	PROPN
Counterparty	NOUN,PROPN
Countess	PROPN
Country	NOUN,PROPN
County	PROPN
Couple	PROPN
Course	NOUN
Court	NOUN,PROPN
Courtesy	NOUN
Courtney	PROPN
Courtois	PROPN
Coventry	PROPN
Cover	NOUN
Covey	PROPN
Covid	PROPN
Cowboys	PROPN
Cowpland	PROPN
Cox	PROPN
Cozumel	PROPN
Crab	NOUN
Crabs	PROPN
Craft	NOUN
Craig	PROPN
Cranmore	PROPN
Cranston	PROPN
Craving	NOUN
Crawfish	NOUN
Crawford	PROPN
Crayola	PROPN
Crazy	ADJ
Cream	PROPN
Create	VERB
Creating	VERB
Creative	ADJ,PROPN
Creativity	PROPN
Creator	PROPN
Credibility	NOUN
Credit	NOUN
Creek	PROPN
Creekside	PROPN
Creel	PROPN
Cremona	PROPN
Crepes	PROPN
Crescent	PROPN
Crest	NOUN
Crete	PROPN
Crew	PROPN
Cricket	PROPN
Crickets	NOUN
Crim	PROPN
Crime	NOUN
Crimea	PROPN
Criminal	ADJ
Crisp	ADJ
Critical	ADJ
Critics	NOUN,PROPN
Croall	PROPN
Croatia	PROPN
Crockett	PROPN
Croft	PROPN
Croke	PROPN
Cross	PROPN
Cross-clause	ADJ
Crosse	PROPN
Crossed	VERB
Crossing	VERB
Croucher	PROPN
Crowds	NOUN
Crowleyan	ADJ
Crown	PROPN
Cruden	PROPN
Cruise	NOUN,PROPN
CruiseCompete	PROPN
Cruse	PROPN
Crushed	VERB
Crust	PROPN
Cruz	PROPN
Cruze	PROPN
Cry	PROPN
Crystal	PROPN
Cuba	PROPN
Cuban	ADJ
Cucumber	PROPN
Cullen	PROPN
Cultural	ADJ
Culture	NOUN,PROPN
Cup	PROPN
Cups	PROPN
Cure	NOUN
Cures	VERB
Curl	PROPN
Curr	PROPN
Currency	NOUN
Current	ADJ
Currently	ADV
Curve	PROPN
Curveball	PROPN
Custom	NOUN
Customer	NOUN
Customers	NOUN
Customs	NOUN
Cut	NOUN
Cute	ADJ
Cuthbert	PROPN
Cuyahoga	PROPN
Cuz	SCONJ
Cyanogen	PROPN
Cyberpunk	PROPN
Cycle	NOUN,PROPN
Cyd	PROPN
Cynagon	PROPN
Cynthia	PROPN
Cyrus	PROPN
Czech	ADJ
Czechoslovakia	PROPN
Cérebro	PROPN
César	PROPN
Cómbita	PROPN
D	NOUN,PROPN
D-	INTJ
D.	PROPN,X
D.C.	PROPN
D.D.	PROPN
D2	NOUN
D7000	NOUN
D:	SYM
DA	NOUN,PROPN
DA22-0645	PROPN
DAB	NOUN,PROPN
DAD	NOUN
DAILY	ADJ
DAKOTA	PROPN
DANCING	NOUN
DANGER	NOUN
DATE	NOUN
DAUGHTER	NOUN
DAY	NOUN
DAYS	NOUN
DB	PROPN
DBE	PROPN
DC	PROPN
DEAL	NOUN,VERB
DEALER	NOUN
DECENT	ADJ
DECOR	PROPN
DEFINITELY	ADV
DELHI	PROPN
DELL	PROPN
DEMANDS	VERB
DENISE	PROPN
DESPERATE	ADJ
DF	PROPN
DG	X
DH	NOUN
DI	PROPN
DID	AUX
DIGITAL	ADJ
DINING	NOUN,VERB
DIRECTIONS	NOUN
DISCO	NOUN,PROPN
DISCOURSE	NOUN
DISHES	NOUN
DISPOSAL	NOUN
DISTRACT	VERB
DISTRICT	PROPN
DIY	ADJ
DJ's	NOUN
DKK	SYM
DNA	NOUN
DO	AUX,VERB
DOCTOR	NOUN
DOG	NOUN
DOING	VERB
DOJ	PROPN
DONATIONS	NOUN
DONE	VERB
DOOR	NOUN
DOORS	NOUN
DOUBLE	VERB
DOWN	ADP
DPA	PROPN
DPC	PROPN
DPR	NOUN
DPRK	PROPN
DRIVE	VERB
DS	PROPN
DSL	NOUN,PROPN
DSLR	NOUN
DUMB	ADJ
DURER	PROPN
DURING	ADP
DVD	NOUN
DWSD	PROPN
Da	PROPN
Dad	NOUN,PROPN
Daddy	PROPN
Dagger	PROPN
Daily	ADJ,ADV,PROPN
Daimler	PROPN
Dakota	PROPN
Dale	NOUN,PROPN
Dallas	PROPN
Dalmatia	PROPN
Daly	PROPN
Damage	NOUN
Damascus	PROPN
Damasus	PROPN
Dame	PROPN
Dan	PROPN
Dance	NOUN,PROPN
Dancing	PROPN
Dandenong	PROPN
Danelia	PROPN
Daniel	PROPN
Daniela	PROPN
Daniels	PROPN
Danish	ADJ,PROPN
Danly	PROPN
Danny	PROPN
Danny_Jones%ENRON@eott.com	PROPN
Daphnia	NOUN
Darfur	PROPN
Dari	PROPN
Dario	PROPN
Darius	PROPN
Dark	ADJ
Darla	PROPN
Darmanin	PROPN
Darren	PROPN
Dartmouth	PROPN
Darunta	PROPN
Darwinian	ADJ
Daschle	PROPN
Dasovich	PROPN
Data	NOUN
Datamanager	NOUN,PROPN
Date	NOUN,PROPN
Datos	PROPN
Daugherty	PROPN
Daughters	PROPN
Dave	PROPN
Davezilla	PROPN
David	PROPN
David@UNT	PROPN
Davidson	PROPN
Davies	PROPN
Davio	PROPN
Davis	PROPN
Davison	PROPN
Davy	PROPN
Dawa	PROPN
Dawn	PROPN
Dawson	PROPN
Day	NOUN,PROPN
Days	NOUN,PROPN
Dazzling	VERB
De	PROPN
DeCook	PROPN
DeJesús	PROPN
DeVries	PROPN
Deacon	NOUN
Dead	PROPN
Deal	NOUN
Dealbench	PROPN
Dealer	NOUN,PROPN
Deals	NOUN
Dealt	VERB
Dean	PROPN
Dear	ADJ
Death	NOUN
Deb	PROPN
Debaathification	PROPN
Debbie	PROPN
Debi	PROPN
Dec	PROPN
Dec.	PROPN
Decay	PROPN
December	PROPN
Decide	VERB
Decision	NOUN
Decisions	NOUN
Declaration	NOUN,PROPN
Deco	PROPN
Decor	PROPN
Decoud	PROPN
Decrease	NOUN
Dedham	PROPN
Dee	PROPN
Deemed	VERB
Deep	ADJ
Deer	PROPN
Def	ADV
Default	NOUN
Defence	NOUN,PROPN
Defend	VERB
Defense	PROPN
Deffner	PROPN
Defining	ADJ
Definite	ADJ
Definitely	ADV
Definition	PROPN
Degenerate	ADJ
Degeneration	PROPN
Degree	PROPN
Degu	NOUN
Degus	NOUN
Deixis	PROPN
Dekalb	PROPN
Del	PROPN
Delainey	PROPN
Delainey@ECT	X
Delete	VERB
Delhi	PROPN
Delight	PROPN
Delightful	ADJ
Delivery	PROPN
Delta	PROPN
Demand	NOUN
Demante	PROPN
Democrat	NOUN,PROPN
Democratic	ADJ
Democrats	PROPN
Demosisto	PROPN
Dempsey	NOUN,PROPN
Dempseys	NOUN
Dems	PROPN
Deng	PROPN
Denial	NOUN
Denis	PROPN
Denmark	PROPN
Dennis	PROPN
Dental	ADJ
Dentist	NOUN
Dentistry	PROPN
Denton	PROPN
Denver	PROPN
Department	NOUN,PROPN
Departments	PROPN
Dependant	ADJ
Depending	VERB
Depends	VERB
Depot	PROPN
Depression	PROPN
Depth	NOUN
Deputy	NOUN
Der	PROPN
Derivatives	NOUN
Derrick	PROPN
Des	PROPN
Describe	VERB
Description	NOUN
Descriptions	NOUN
Descriptive	ADJ
Deseret	PROPN
Desert	PROPN
Design	NOUN,PROPN
Designed	VERB
Desk	NOUN
Desperation	NOUN
Despite	ADP,SCONJ
Dessert	NOUN
Destiny	NOUN
Destroy	VERB
Detection	NOUN
Deteriorating	VERB
Determined	ADJ,VERB
Detrick	PROPN
Detroit	PROPN
Deutsche	PROPN
Deutsched	PROPN
Developer	NOUN
Developing	VERB
Development	NOUN,PROPN
Device	NOUN
Devil	PROPN
Devlin	PROPN
Devocht	PROPN
Devolution	NOUN
Devon	PROPN
Devraj	PROPN
Dewhurst	PROPN
Dhaka	PROPN
Dharma	PROPN
Dharmadeva	PROPN
Diablo	PROPN
Diagnostic	ADJ
Diagon	PROPN
Diagram	NOUN
Diana	PROPN
Diane	PROPN
Diary	PROPN
Diatribe	PROPN
Dick	PROPN
Dictator	NOUN
Dictatorship	NOUN
Did	AUX
Diebner@ECT	X
Died	VERB
Diego	PROPN
Dietrich	PROPN
Differences	NOUN
Digi	PROPN
Digimon	PROPN
Digital	ADJ
Diglipur	PROPN
Dignitaries	NOUN
Diligence	NOUN
Dillards	PROPN
Dilworth	PROPN
Din	PROPN
Dinghies	PROPN
Dingle	PROPN
Dining	NOUN
Dinner	NOUN
Dinners	NOUN
Diplomacy	NOUN
Direct	ADJ
Directions	NOUN
Director	NOUN,PROPN
Directorate	PROPN
Directors	NOUN
Disabilities	PROPN
Disabled	ADJ
Disappointed	ADJ
Disaster	NOUN,PROPN
Disasters	PROPN
Disatisfied	ADJ
Discipline	NOUN
Disclaimer	NOUN
Discount	PROPN
Discourse	NOUN
Discovery	PROPN
Discuss	VERB
Discussing	VERB
Discussion	NOUN
Disease	PROPN
Disgusting	ADJ
Disinformation	NOUN
Disney	PROPN
Disorders	PROPN
Dispatch	NOUN
Displays	NOUN
Disposable	ADJ
Disposal	PROPN
Dispute	NOUN
Dissolved	VERB
Distance	NOUN
Distances	NOUN
Distancia	PROPN
Distant	ADJ
Distinguish	VERB
Distorted	ADJ
Distraction	NOUN
Distractions	NOUN
District	PROPN
Diversity	PROPN
Dividends	PROPN
Division	NOUN
Diwaniya	PROPN
Dixam	PROPN
Dixie	PROPN
Do	AUX,VERB
Do@ENRON_DEVELOPMENT	X
DoD	PROPN
Doc	NOUN,PROPN
Doctor	NOUN,PROPN
Doctorow	PROPN
Document	NOUN
Dodds	PROPN
Does	AUX
Dogwood	NOUN
Doing	VERB
Doliver	PROPN
Dollar	NOUN
Dollars	NOUN
Domain	PROPN
Domenico	PROPN
Dominguez	PROPN
Dominica	PROPN
Dominion	PROPN
Dominique	PROPN
Domínguez	PROPN
Don	PROPN
Donald	PROPN
Donaldson	PROPN
Donations	NOUN
Donatus	PROPN
Done	ADJ,VERB
Dong	PROPN
Donna	PROPN
Donohue	PROPN
Door	NOUN
Doors	PROPN
Doris	PROPN
Dorsey	PROPN
Dorsey@ENRON_DEVELOPMENT	X
Dory	PROPN
Dose	PROPN
Dostoyevsky	PROPN
Double	ADJ
Doug	PROPN
Douglas	PROPN
Douglass	PROPN
Doves	NOUN
Dow	PROPN
Down	ADP,ADV,PROPN
Download	NOUN
Downton	PROPN
Downtown	NOUN,PROPN
Doyon	PROPN
Dozen	PROPN
Dr	NOUN,PROPN
Dr.	PROPN
Draft	NOUN,PROPN
Drafting	VERB
Dragon	PROPN
Drake	PROPN
Drama	PROPN
Dramatic	ADJ
Dranove	PROPN
DreamWorks	PROPN
Dreams	NOUN
Dress	NOUN
Drew	PROPN
Dries	PROPN
Driftwood	NOUN
Drink	NOUN
Drinks	NOUN
Drive	PROPN,VERB
Driver	NOUN
Driving	NOUN,PROPN,VERB
Drop	PROPN
Drove	VERB
Drug	NOUN
Dry	ADJ,NOUN
Dubai	PROPN
Dublin	PROPN
Duchatelet	PROPN
Duckworth	PROPN
Duct	PROPN
Dude	NOUN
Dudley	PROPN
Due	ADJ
Dugway	PROPN
Dujail	PROPN
Duke	PROPN
Dulaim	PROPN
Dulaym	PROPN
Dulaymi	PROPN
Dumas	PROPN
Dumb	ADJ
Dumbest	ADJ
Duncan	PROPN
Dunn	PROPN
Duo	PROPN
Dupont	PROPN
Duran	PROPN
Durham	PROPN
During	ADP
Dust	NOUN,PROPN
Dustin	PROPN
Dutchman	PROPN
Dutton	PROPN
Dux	PROPN
Dwarf	ADJ
Dwibbling	VERB
Dye	PROPN
Dykman	PROPN
Dylan	PROPN
Dymoke	PROPN
Dynamic	ADJ
Dynegy	PROPN
Dzida	PROPN
Désirade	PROPN
Désiré	PROPN
D’Alesandro	PROPN
E	ADV,NOUN,PROPN,X
E-mail	NOUN
E-meter	PROPN
E.	PROPN,X
E.T.	PROPN
E.g	X
E.g.	ADV
E500's	NOUN
E@tG	PROPN
EACH	DET
EARTHHHHHHH	PROPN
EARTHQUAKE	PROPN
EAST	NOUN
EAT	VERB
EATTING	VERB
EB	PROPN
EBIC	PROPN
EBS	PROPN
ECC	PROPN
ECCL	PROPN
ECP	NOUN,PROPN
ECS	PROPN
ECT	PROPN,X
EDGE	PROPN
EDIT	NOUN
EDT	PROPN
EEFTL	PROPN
EEI	NOUN,PROPN
EES	NOUN,PROPN
EESI	NOUN
EGM	PROPN
EI	PROPN
EI.London	PROPN
EIR	PROPN
EL	PROPN
ELectronics	NOUN
EMERCOM	PROPN
ENA	NOUN,PROPN
END	NOUN
ENE	PROPN
ENERGY	PROPN
ENJOYABLE	ADJ
ENJOYS	VERB
ENOUGH	ADJ
ENRON	PROPN,X
ENRON.XLS	NOUN
ENRONONLINE	PROPN
ENRONR~1.DOC	NOUN
ENW_GCP	PROPN
EOL	NOUN,PROPN
EOS	NOUN
EPA	PROPN
EPC	NOUN
EPI	PROPN
EPM	NOUN
EQUALITY	PROPN
ER	NOUN
ERCOT	PROPN
ESA	NOUN,PROPN
ESAI	PROPN
ESSG	PROPN
EST	PROPN
ESTAR	PROPN
ET	NOUN,PROPN
ETA	NOUN
ETA_revision0307.doc	NOUN
ETS	NOUN
EU	PROPN
EVEN	ADV
EVER	ADV
EVERY	DET
EVERYBODY	PRON
EVERYONE	PRON
EVERYTHING	PRON
EXACTLY	ADV
EXCELLENT	ADJ
EXCELS	VERB
EXCEPT	ADP
EXPECTING	VERB
EXPENSIVE	ADJ
EXPERIENCE	NOUN
EXPERIENCED	ADJ
EXPERIENCES	NOUN
EXTRA	ADJ
Each	DET
Eagle	NOUN,PROPN
Earl	PROPN
Earlier	ADV
Early	ADJ,ADV
Earth	NOUN,PROPN
Earthquakes	NOUN
Earthworks	PROPN
Earthworms	NOUN
Easiest	ADJ
East	ADV,PROPN
Easter	PROPN
Eastern	ADJ,PROPN
Easterners	PROPN
Eastman	PROPN
Easy	ADJ
Eat	VERB
Eating	VERB
Eaton	PROPN
Eats	VERB
Eau	PROPN
Ebay	PROPN
Eberhard	PROPN
Ebert	PROPN
Ebola	PROPN
Ebor	PROPN
Eboracum	PROPN
Eco	PROPN,X
Economics	NOUN,PROPN
Economist	PROPN
Economy	NOUN
Ed	NOUN,PROPN
Ed.	NOUN
Eddie	PROPN
Eden	PROPN
Edgar	PROPN
Edge	PROPN
Edgewater	PROPN
Edinburgh	PROPN
Edison	PROPN
Edit	NOUN
Editor	PROPN
Editorial	ADJ
Edmark	PROPN
Edmund	PROPN
Educación	PROPN
Education	NOUN,PROPN
Educational	ADJ
Edward	PROPN
Edwards	PROPN
Edwardsiella	X
Edwin	PROPN
Eelam	PROPN
Effective	ADJ
Effects	PROPN
Efforts	NOUN
Efrem	PROPN
Egg	NOUN,PROPN
Egypt	PROPN
Egyptian	ADJ
Eid	NOUN
Eight	NUM
Einstein	PROPN
Eisenhower	PROPN
Either	CCONJ,DET
El	PROPN
ElPaso	PROPN
Elaine	PROPN
Eleanor	PROPN
Election	NOUN,PROPN
Electoral	ADJ
Electric	ADJ
Electrical	ADJ
Electricity	NOUN,PROPN
Electronic	ADJ
Elements	NOUN
Elena	PROPN
Eleuthra	PROPN
Elevator	PROPN
Eleven	PROPN
Elia	PROPN
Eliminate	VERB
Elimination	PROPN
Elinor	PROPN
Elisha	PROPN
Elite	ADJ
Elizabeth	PROPN
Elliott	PROPN
Elliotts	PROPN
Ellis	PROPN
Ellison	PROPN
Ellon	PROPN
Elon	PROPN
Elsevier	PROPN
Elviña	PROPN
Em-enro2.doc	NOUN
Email	NOUN,VERB
Emails	NOUN
Emam	PROPN
Embarrassing	VERB
Embassies	PROPN
Embedded	VERB
Emergencies	PROPN
Emergency	NOUN
Emeritus	ADJ
Emery	PROPN
Emily	PROPN
Emission	NOUN
Emma	PROPN
Emminence	PROPN
Emmy	PROPN
Emona	PROPN
Emotion	NOUN
Emperor	PROPN
Emphasis	NOUN
Empire	PROPN
Empirical	ADJ
Employees	NOUN
Employment	NOUN
Empowerment	NOUN,PROPN
Empress	PROPN
En	PROPN
Enclosed	VERB
End	NOUN
Endangered	ADJ
Endless	ADJ
Endo	PROPN
Endowment	PROPN
Energy	NOUN,PROPN
Energyphiles	NOUN
Enforcement	PROPN
Enfranchising	VERB
Eng	PROPN
Eng.	ADJ
Engels	PROPN
Engine	NOUN
Engineer	NOUN
Engineering	PROPN
Engineers	PROPN
England	PROPN
Englewood	PROPN
English	ADJ,PROPN
Enjambment	NOUN
Enjoy	VERB
Enjoyed	VERB
Enoch	PROPN
Enough	ADV
Enpower	PROPN
Enquirer	PROPN
Enrique	PROPN
Enron	PROPN,X
EnronEAuction	PROPN
EnronOnLine	PROPN
EnronOnline	PROPN
Ensure	VERB
Entartete	PROPN
Enterprise	PROPN
Entities	NOUN
Entrance	NOUN
Entree	NOUN
Entrepreneurial	ADJ
Entrepreneurs	NOUN
Entry	NOUN
Enver	PROPN
Environment	NOUN
Environmental	ADJ
Envoy	PROPN
Epic	ADJ
Epis.	ADJ
Episcopal	PROPN
Episcopalian	PROPN
Epistemic	ADJ
Epstein	PROPN
Equality	PROPN
Equals	VERB
Equant	PROPN
Equilon	PROPN
Equine	ADJ
Equipment	NOUN
Equity	NOUN
Equivalence	PROPN
Erasmus	PROPN
Ercot	PROPN
Eric	PROPN
Erie	PROPN
Erik	PROPN
Erin	PROPN
Eritrea	PROPN
Ernest	PROPN
Ernie	PROPN
Escapes	PROPN
Escaping	VERB
Escola	PROPN
Esfahan	PROPN
Esna	PROPN
Esp.	ADV
Especially	ADV
Esports	PROPN
Essential	ADJ
Essentially	ADV
Essex	PROPN
Essie	PROPN
Estimated	VERB
Estimates	NOUN
Estonia	PROPN
Estonian	ADJ
Etc.	NOUN
Ethiopia	PROPN
Ethnocentrism	NOUN
Etudes	PROPN
Eugene	PROPN
Euler	PROPN
Eulogic	PROPN
Eunice	PROPN
Eurasia	PROPN
Eureka	PROPN
Euro	PROPN
Europass	PROPN
Europe	PROPN
European	ADJ
Eurostar	PROPN
Eusebius	PROPN
Eva	PROPN
Evaluating	VERB
Evaluation	NOUN
Evaluations	NOUN
Evan	PROPN
Evangelical	PROPN
Evangelicals	PROPN
Evans	PROPN
Evanston	PROPN
Evansville	PROPN
Eve	PROPN
Evelyn	PROPN
Even	ADV
Evening	PROPN
Events	NOUN
Eventually	ADV
Ever	ADV
Everett	PROPN
Evergreen	PROPN
Everland	PROPN
Evernote	PROPN
Every	DET
Everybody	PRON
Everyday	NOUN
Everyone	PRON
Everything	PRON
Evidently	ADV
Evolution	PROPN
Evolutionary	ADJ
Ew	INTJ
Ex	PROPN
Exact	ADJ
Exactly	ADV
Example	NOUN,PROPN
Examples	NOUN
Excel	PROPN
Excellent	ADJ
Except	SCONJ
Exceptionally	ADV
Excess	ADJ
Exchange	PROPN
Excitement	NOUN
Excuse	VERB
Executive	ADJ
Executives	PROPN
Exercise	PROPN
Exercises	PROPN,VERB
Exercitationes	PROPN
Exeter	PROPN
Exhibit	NOUN
Exile	PROPN
Exit	NOUN
Exocet	PROPN
Exocets	PROPN
Exotic	ADJ
Exp.doc	X
Expansion	NOUN,PROPN
Expect	VERB
Expeditionary	ADJ
Experience	NOUN,PROPN,VERB
Experienced	VERB
Experimental	ADJ
Experts	NOUN
Expired	ADJ
Expires	VERB
Explain	VERB
Exploration	PROPN
Explore	VERB
Explorer	PROPN
Expo	PROPN
Export	X
Exposition	PROPN
Express	PROPN
Expressionist	NOUN
Expressway	PROPN
Extensive	ADJ
Extract	PROPN
Extraction	NOUN
Extracts	PROPN
Extracurricular	ADJ
Extremely	ADV
Eye	NOUN,PROPN
F	NOUN,PROPN
F%#king	ADJ
F&AM	PROPN
F'ers	NOUN
F.O.B.	PROPN
F.R.S.	PROPN
FABULOUS	ADJ
FAIR	ADJ
FAMILY	NOUN
FANFUCKINGTASTIC	ADJ
FANTASTIC	ADJ
FAQ	NOUN
FAR	ADV
FAST	ADJ
FAX	NOUN
FBI	PROPN
FCE	PROPN
FDI	NOUN
FDR	PROPN
FERC	NOUN,PROPN
FEVER	PROPN
FFFF	PROPN
FHS	PROPN
FIFA	PROPN
FINALLY	ADV
FIRE	PROPN
FIRST	ADJ,ADV,PROPN
FIT	VERB
FITNESS	PROPN
FL	PROPN
FLDS	PROPN
FLOOD	NOUN
FLOOR	NOUN
FLY	NOUN
FOOD	NOUN
FOR	ADP,SCONJ
FORGOT	VERB
FORMAL	ADJ
FOUR	NUM
FRANCE	PROPN
FREAK	VERB
FREE	ADJ
FREEDOM	NOUN
FREEMAN	PROPN
FRENCH	ADJ
FRIENDLY	ADJ
FRIES	NOUN
FRL3@pge.com	PROPN
FROM	ADP
FRS	PROPN
FTU	PROPN
FTW	ADV
FUCKING	ADJ,ADV
FURY	PROPN
FUTURE	ADJ,NOUN
FWS	PROPN
FX	NOUN
FY04	NOUN
FY05	NOUN
FYI	ADV
Faaborg	PROPN
Fabiani	PROPN
Fabio	PROPN
Fabo	PROPN
Facebook	PROPN
Faced	PROPN
Facility	NOUN
Factor	NOUN,PROPN
Factors	NOUN
Factory	PROPN
Facts	NOUN
Faculties	PROPN
Fagan	PROPN
Fahim	PROPN
Fahrenheit	PROPN
Failed	VERB
Failure	PROPN
Fair	ADJ,PROPN
Fairchild	PROPN
Fairway	PROPN
Faithful	ADJ
Fake	PROPN
Fall	NOUN,PROPN
Fallen	VERB
Fallon	PROPN
Falls	PROPN
Fallujah	PROPN
Fallujan	ADJ
Fame	PROPN
Family	NOUN,PROPN
Fan	NOUN,PROPN
Fancy	ADJ
Fang	PROPN
Fannin	PROPN
Fantastic	ADJ
Fantoni	PROPN
Far	ADJ,ADV
Faretta	PROPN
Farewell	INTJ
Faris	PROPN
Farm	PROPN
Farmer	PROPN
Farms	PROPN
Farouk	PROPN
Farrier	NOUN
Fascinating	ADJ
Fascist	ADJ
Fassbinder	PROPN
Faster	ADJ,ADV
Father	PROPN
Faust	PROPN
Favorite	ADJ,NOUN
Fawn	PROPN
Fax	NOUN
Fax.	NOUN
Fayetteville	PROPN
Fazlur	PROPN
Fe	PROPN
Feagan	PROPN
Fear	NOUN
Feather	NOUN
Feathered	ADJ,PROPN
Feb	PROPN
Feb.	PROPN
February	PROPN
Febuary	PROPN
FedEx	PROPN
Fedayeen	NOUN
Federal	ADJ,PROPN
Federation	NOUN,PROPN
Fedex	PROPN
Fedexed	VERB
Fee	NOUN,PROPN
Feed	VERB
Feel	VERB
Feet	NOUN
Fehl	PROPN
Fei	PROPN
Feith	PROPN
Felice	PROPN
Felicia	PROPN
Felipe	PROPN
Felix	PROPN
Fellow	ADJ,NOUN,PROPN
Fellowship	PROPN
Feng	PROPN
Fenway	PROPN
Ferguson	PROPN
Ferjani	PROPN
Fernandel	PROPN
Fernandez	PROPN
Fernandina	PROPN
Fernando	PROPN
Fernley	PROPN
Fernández	PROPN
Ferrari	PROPN
Ferrous	ADJ
Ferry	NOUN
Fest	PROPN
Festival	PROPN
Festivals	NOUN
Few	ADJ
Fi	PROPN
Fidelity	PROPN
Field	NOUN,PROPN
Fifteen	NUM
Fifth	ADV
Fifty	NUM
Fighting	VERB
Figuratively	ADV
Figure	PROPN
Figured	VERB
Figures	NOUN,VERB
File	NOUN,VERB
Filed	VERB
Filet	PROPN
Filipino	ADJ
Filippini	PROPN
Fill	VERB
Filled	VERB
Fillmore	PROPN
Film	PROPN
Films	PROPN
Filner	PROPN
Filo	PROPN
Final	ADJ
Finally	ADV
Finals	NOUN
Finance	NOUN,PROPN
Financial	ADJ
Financially	ADV
Fincher	PROPN
Find	VERB
Finding	VERB
Fine	ADJ
Finest	ADJ
Finkelstein	PROPN
Finland	PROPN
Finley	PROPN
Finn	PROPN
Fiona	PROPN
Fire	PROPN
Fired	VERB
Firefox	PROPN
Firm	NOUN
First	ADJ,ADV
Firstly	ADV
Fischer	PROPN
Fish	PROPN
Fisher	PROPN
Fisheries	PROPN
Fishing	NOUN
Fishman	PROPN
Fisht	PROPN
Fistfights	NOUN
Fits	VERB
Fitzsimmons	PROPN
Five	NUM
Fixtures	NOUN
Fla.	PROPN
Flag	PROPN
Flagship	PROPN
Flakes	NOUN
Fleck	PROPN
Fleming	PROPN
Flex	VERB
Flexibility	NOUN
Flickr	PROPN
Flight	NOUN,PROPN
Flip	NOUN,VERB
Flipped	VERB
Floating	VERB
Flooding	NOUN
Floor	NOUN,PROPN
Flora	NOUN
Florence	PROPN
Flores	PROPN
Florida	PROPN
Floridian	PROPN
Flourishing	VERB
Flow	PROPN
Flowers	PROPN
Floyd	PROPN
Fluorescent	ADJ
Fly	VERB
Flyer	PROPN
Flyers	PROPN
Flying	PROPN,VERB
Folies	PROPN
Follow	NOUN,VERB
Following	VERB
Folly	NOUN
Fontainbleu	PROPN
Food	NOUN,PROPN
Foods	PROPN
Foolhardy	ADJ
Foot	PROPN
For	ADP,CCONJ,SCONJ,VERB
Forbes	PROPN
Forbidden	ADJ
Force	NOUN,PROPN
Forces	NOUN
Ford	PROPN
Foreign	ADJ
Foreigner	NOUN
Foreman	PROPN
Forensic	PROPN
Forest	PROPN
Forester	PROPN
Forever	PROPN
Forge	PROPN
Forget	VERB
Forgot	VERB
Forgotten	VERB
Form	NOUN
Formal	ADJ
Former	ADJ
Formica	X
Forster	PROPN
Forster@ENRON	X
Forsythe	PROPN
Fort	PROPN
Fortier	PROPN
Forties	PROPN
Fortunately	ADV
Forty	NUM
Forum	PROPN
Fossum	PROPN
Fostering	VERB
Foulkesstraat	PROPN
Foundation	PROPN
Foundations	NOUN
Founded	VERB
Founder	NOUN
Founders	NOUN
Fountain	NOUN,PROPN
Four	NUM
Fourth	ADV
Fox	PROPN
Foxx	PROPN
Foz	PROPN
Fracking	NOUN
Fraction	NOUN
Fragments	NOUN
Fraiser	PROPN
Frame	NOUN,PROPN
FrameNet	PROPN
Frames	NOUN
Framework	PROPN
Frampton	PROPN
Fran	PROPN
Franc	PROPN
France	PROPN
Francis	PROPN
Francisco	PROPN
Frank	PROPN
Franken	PROPN
Frankfurt	PROPN
Franklin	PROPN
Frankly	ADV
Française	PROPN
François	PROPN
Fraser	PROPN
Fred	PROPN
Frederick	PROPN
Fredonia	PROPN
Free	ADJ
Freedom	NOUN,PROPN
Freeman	PROPN
Freemason	PROPN
Freemasonry	PROPN
Freeport	PROPN
Freese	PROPN
Freewinds	PROPN
Freeze	VERB
Freezer	PROPN
Freezing	VERB
Freight	NOUN
Freighters	PROPN
French	ADJ,PROPN
Frenchtown	PROPN
Frequent	ADJ
Fresh	ADJ
Freud	PROPN
Fri	PROPN
Fri.	PROPN
Friar	PROPN
Friday	PROPN
Fridays	PROPN
Fried	PROPN,VERB
Friedkin	PROPN
Friedman	PROPN
Friedrich	PROPN
Friedrichstrasse	PROPN
Friend	NOUN
Friendliness	NOUN
Friendly	ADJ,PROPN
Friends	PROPN
Fries	NOUN
Frisco	PROPN
From	ADP,SCONJ
Front	PROPN
Frontier	PROPN
Frontiers	PROPN
Frontpage	NOUN
Frozen	ADJ
Fruit	NOUN
Ft.	PROPN
Fuad	PROPN
Fuck	VERB
Fuel	NOUN,PROPN
FuelCell	PROPN
Fugitives	NOUN
Fujairah	PROPN
Fuji	PROPN
Full	ADJ
Fully	ADV
Functional	ADJ
Fund	NOUN,PROPN
Fundamentalism	NOUN
Fundamentalist	ADJ
Fundamentals	PROPN
Funen	PROPN
Fung	PROPN
Funkhouser	PROPN
Funny	ADJ
Furnace	NOUN
Furnishings	PROPN
Furniture	PROPN
Further	ADJ,ADV
Furthermore	ADV
Fusion	PROPN
FusionRetail	PROPN
Future	ADJ,PROPN
Futurism	NOUN
Fyi	ADV
Félicie	PROPN
G	NOUN,PROPN
G&G	PROPN
G.	PROPN
GA	NOUN,X
GAVE	VERB
GB	PROPN
GCP	NOUN
GCP_London	PROPN
GDP	NOUN,PROPN
GE	PROPN
GEM	NOUN
GEMMA	PROPN
GEORGE	PROPN
GET	AUX,VERB
GI	NOUN,PROPN
GILBERGD@sullcrom.com	PROPN
GIMP	PROPN
GIRL	NOUN
GIS	NOUN,PROPN
GIVE	VERB
GLAD	ADJ
GM	PROPN
GMAT	NOUN,PROPN
GMT	NOUN,PROPN
GNP	NOUN
GNU	NOUN
GO	VERB
GOD	PROPN
GOING	VERB
GOOD	ADJ
GOODWYN	PROPN
GOP	PROPN
GOT	VERB
GOVERNMENT	NOUN
GPA	NOUN
GPL	PROPN
GPS	NOUN,PROPN
GRAIL	NOUN
GREAT	ADJ
GRECO	PROPN
GREEDY	ADJ
GREEK	ADJ
GREEN	ADJ
GRF	NOUN
GRILL	NOUN
GROOM	PROPN
GROUP	NOUN
GROUPS	NOUN
GRRRRRRR	INTJ
GTC	NOUN
GTC's	NOUN
GTCs	NOUN
GUARANTEE	VERB
GUARDS	NOUN
GUESS	VERB
GUI	NOUN
GUYS	NOUN
GW	PROPN
GWB	PROPN
GYM	NOUN
Gabin	PROPN
Gabonese	ADJ
Gabriel	PROPN
Gaining	VERB
Gakuru	PROPN
Galante	PROPN
Galantino	PROPN
Galaxy	NOUN
Galbraith	PROPN
Galen	PROPN
Galileo	PROPN
Galleries	PROPN
Gallery	PROPN
Gallie	PROPN
Gallop	PROPN
Gallows	PROPN
Gallup	PROPN
Galois	PROPN
Galveston	PROPN
Galvin	PROPN
Gamaa	PROPN
Game	NOUN,PROPN
Gameplay	NOUN
Gamers	PROPN
Games	NOUN,PROPN
Gaming	NOUN,PROPN
Gandhi	PROPN
Gansu	PROPN
Gapinski	PROPN
Garage	NOUN,PROPN
Garcia	PROPN
Garcia@ENRON	X
García	PROPN
Garden	PROPN
Gardens	PROPN
Gare	PROPN
Garganta	PROPN
Garibaldi	PROPN
Garment	PROPN
Garten	PROPN
Gary	PROPN
Gas	NOUN,PROPN,X
Gass	PROPN
Gaston	PROPN
Gates	NOUN,PROPN
Gatineau	PROPN
Gatorade	PROPN
Gaul	PROPN
Gawker.com	PROPN
Gay	ADJ
Gaza	PROPN
Gazette	PROPN
Gebo	PROPN
GeekSeekers	PROPN
Geertz	PROPN
Gel	NOUN
Gelceuticals	NOUN
Gels	NOUN
Gem	NOUN
Gemini	PROPN
Gen.	PROPN
GenCon	PROPN
General	ADJ,NOUN,PROPN
Generally	ADV
Generals	X
Generic	ADJ
Genesis	PROPN
Geneva	PROPN
Genevieve	PROPN
Genius	NOUN
Geno	PROPN
Genova	PROPN
Gentilz	PROPN
Gentle	ADJ,PROPN
Geofence	NOUN
Geofences	NOUN
Geographic	ADJ
George	PROPN
Georges	PROPN
Georgia	PROPN
Gerald	PROPN
Geri	PROPN
German	ADJ,PROPN
Germans	PROPN
Germany	PROPN
Gerry	PROPN
Gerulaitis	PROPN
Get	AUX,VERB
Get-A-Free-House.com	PROPN
Gets	VERB
Getting	VERB
Ghana	PROPN
Ghassemlou	PROPN
Ghaza	PROPN
Ghazaliyah	PROPN
Ghirlandaio	PROPN
Ghost	PROPN
Ghostbusters	PROPN
Gianna	PROPN
Giannini	PROPN
Giants	PROPN
Gianutto	PROPN
Giap	PROPN
Gibbs	PROPN
Gibraltar	PROPN
Gibson	PROPN
Gigaloader	PROPN
Gil	PROPN
Gilbert	PROPN
Gillette	PROPN
Gillies	PROPN
Gillman	PROPN
Gilmore	PROPN
Ginger	NOUN,PROPN
Gino	PROPN
Giorgio	PROPN
Giovanni	PROPN
Giovannini	PROPN
Girl	PROPN
Girls	NOUN,PROPN
Gish	PROPN
GitHub	PROPN
Giulia	PROPN
Giuliana	PROPN
Give	VERB
Given	VERB
Giverny	PROPN
Gives	VERB
Giving	VERB
Glacier	PROPN
Glad	ADJ
Glandular	ADJ
Glasgow	PROPN
Glass	PROPN
Gleason	PROPN
Glen	PROPN
Glendale	PROPN
Glenn	PROPN
Gliders	PROPN
Global	ADJ,PROPN
GlobalSecurity.org	PROPN
Globalflash	PROPN
Globe	PROPN
Gloucestershire	PROPN
Glove	PROPN
Gnosticism	PROPN
Go	PROPN,VERB
Goal	NOUN,PROPN
Goals	PROPN
Gobierno	X
God	PROPN
Goddard	PROPN
Godiva	PROPN
Godzilla	PROPN
Goebbels	PROPN
Going	VERB
Golan	PROPN
Gold	ADJ,NOUN,PROPN
Goldbach	PROPN
Goldberg	PROPN
Golden	ADJ,NOUN
Goldman	PROPN
Goldmann	PROPN
Goldsmith	PROPN
Gomez	PROPN
Gon	VERB
Gone	ADJ,VERB
Gonzaga	PROPN
Gonzales	PROPN
Good	ADJ,INTJ,PROPN
Goode	PROPN
Goodwill	PROPN
Goodwyn	PROPN
Google	PROPN
GoogleScholar	PROPN
Googlenut	PROPN
Googol	PROPN
Goonewardena	PROPN
Goose	PROPN
Gorbachev	PROPN
Gordon	PROPN
Gore	PROPN
Gorman	PROPN
Gosh	INTJ
Gosier	PROPN
Gospel	PROPN
Gospels	PROPN
Got	AUX,VERB
Gotschal	PROPN
Gout	NOUN
Gov.	PROPN
Government	NOUN,PROPN
Governments	NOUN
Governor	NOUN,PROPN
Govind	PROPN
Govt	NOUN
Grace	PROPN
Gracee	PROPN
Gracie	PROPN
Graduate	PROPN
Graham	PROPN
Grammar	NOUN,PROPN
Grammatical	ADJ
Grand	ADJ
Grande	PROPN
Granger	PROPN
Granqvist	PROPN
Grant	NOUN
Grass	NOUN
Gratefully	ADV
Gratification	PROPN
Gratton	PROPN
Gravity	NOUN
Gray	ADJ,PROPN
Graydon	PROPN
Grazie	X
Great	ADJ
Greater	ADJ
Grecian	ADJ
Greece	PROPN
Greek	ADJ,PROPN
Greeks	PROPN
Green	ADJ,NOUN,PROPN
Greendale	PROPN
Greenfield	PROPN
Greenland	PROPN
Greensboro	PROPN
Greenspan	PROPN
Greenwalt	PROPN
Greetings	NOUN
Gregg	PROPN
Gregory	PROPN
Grenada	PROPN
Grenadines	PROPN
Grether	PROPN
Grey	PROPN
Greyhound	PROPN
Grigorenko	PROPN
Grill	PROPN
Grille	PROPN
Grilled	VERB
Grimm	PROPN
Grimy	ADJ
Grissom	PROPN
Grit	NOUN
Grizzly	PROPN
Grocery	NOUN
Groningen	PROPN
Groom	PROPN
Gross	ADJ
Ground	NOUN,PROPN
Grounds	PROPN
Group	NOUN,PROPN
Groups	NOUN
Grove	PROPN
Growers	NOUN
Growing	PROPN,VERB
Gruen	PROPN
Grusendorf	PROPN
Gu'ud	PROPN
Guadeloupe	PROPN
Guadeloupean	ADJ
Guangzhou	PROPN
Guantanamo	PROPN
Guantánamo	PROPN
Guaranties	NOUN
Guaranty	NOUN
Guard	PROPN
Guardian	PROPN
Guards	NOUN,PROPN
Guardsmen	PROPN
Guatemala	PROPN
Guernica	PROPN
Guerra	PROPN
Guerrillas	NOUN
Guess	VERB
Guest	PROPN
Guesthouse	PROPN
Guests	NOUN
Guide	NOUN,PROPN
Guided	ADJ
Guidelines	PROPN
Guild	PROPN
Guilds	PROPN
Guinea	NOUN
Guiness	PROPN
Gulbuddin	PROPN
Gulf	NOUN,PROPN
Gulfport	PROPN
Gulliver	PROPN
Guruswamy	PROPN
Gus	PROPN
Gustafason	PROPN
Gustafon	PROPN
Gustafson	PROPN
Gustavo	PROPN
Guthe	PROPN
Guthrie	PROPN
Guy	NOUN
Guys	NOUN
Gwadloup	X
Gwen	PROPN
Gyanendra	PROPN
Gérald	PROPN
Gérard	PROPN
Gómez	PROPN
H	NOUN,PROPN,X
H.	PROPN
H2O-esque	ADJ
HAD	VERB
HAMSTERS	NOUN
HAND	NOUN
HANDLE	VERB
HARRIS	PROPN
HAS	VERB
HATE	VERB
HATED	VERB
HATES	VERB
HATING	VERB
HAVE	AUX,VERB
HAVING	VERB
HBO	PROPN
HBS	PROPN
HCC	PROPN
HD	NOUN
HDS	PROPN
HE	PRON
HEATING	PROPN
HEAVEN	NOUN
HECS	PROPN
HELP	NOUN,VERB
HERE	ADV
HH	PROPN
HICKENLOOPER	PROPN
HIGH	ADJ
HIGHLY	ADV
HIM	PRON
HIS	PRON
HISTORY	NOUN
HIV	PROPN
HMC	PROPN
HND	NOUN
HO	PROPN
HOAX	NOUN
HOLY	ADJ
HOME	ADV
HONG	PROPN
HONKA	PROPN
HOPE	VERB
HORRIBLE	ADJ
HOSTESS	NOUN
HOT	ADJ
HOTEL	PROPN
HOUSE	NOUN,PROPN
HOUSEMOTHER	NOUN
HOW	ADV
HOWEVER	ADV
HR	NOUN,PROPN
HTC	PROPN
HTML	PROPN
HUGE	ADJ
Haas	PROPN
Habit	NOUN
Habits	PROPN
Hacienda	PROPN
Hackers	NOUN
Had	AUX,VERB
Haddo	PROPN
Haden	PROPN
Hadibo	PROPN
Hadid	PROPN
Hadith	PROPN
Haedicke	PROPN
Hafijj	PROPN
Hafs	PROPN
Hagghier	PROPN
Hai	PROPN
Haight	PROPN
Haim	PROPN
Hainan	PROPN
Hair	PROPN
Haishen	PROPN
Haiti	PROPN
Hajj	NOUN,PROPN
Hakim	PROPN
Hal	PROPN
Halal	ADJ
Haley	PROPN
Half	DET,NOUN,PROPN
Hall	PROPN
Halliburton	PROPN
Halloween	PROPN
Halston	PROPN
Ham	PROPN
Hamas	PROPN
Hambali	PROPN
Hamburg	PROPN
Hamburger	PROPN
Hamdullah	PROPN
Hamid	PROPN
Hamill	PROPN
Hamilton	PROPN
Hamma	PROPN
Hammer	PROPN
Hammond	PROPN
Hampshire	PROPN
Hamster	NOUN
Hana	X
Hand	PROPN
Handling	PROPN
Hands	NOUN
Handwritten	ADJ
Handy	ADJ
Hang	VERB
Hannah	PROPN
Hannibal	PROPN
Hannon	PROPN
Hanrahan	PROPN
Hansen@ENRON	X
Happiness	NOUN
Happy	ADJ
Hapupu	PROPN
Haram	PROPN
Harari	PROPN
Harbor	PROPN
Harbour	PROPN
Hard	ADJ
Hare	PROPN
Hariri	PROPN
Harkat	PROPN
Harley	PROPN
Harp	PROPN
Harpoon	PROPN
Harris	PROPN
Harrison	PROPN
Harry	PROPN
Hartpury	PROPN
Harvard	PROPN
Harvest	NOUN,PROPN
Has	AUX
Hash	NOUN
Hasht	PROPN
Hasina	PROPN
Hassan	PROPN
Hassen	PROPN
Hatch	PROPN
Hatfill	PROPN
Hats	NOUN,PROPN
Hau	PROPN
Haut	PROPN
Havana	PROPN
Have	AUX,VERB
Havelock	PROPN
Haven	NOUN,PROPN
Having	AUX,VERB
Hawaii	PROPN
Hawaiian	PROPN
Hawaiʻi	PROPN
Hawijah	PROPN
Hawk	PROPN
Hawker	PROPN
Hawking	PROPN
Hay	PROPN
Hayat	PROPN
Hayek	PROPN
Hazara	PROPN
Hazard	PROPN
Hazim	PROPN
He	PRON
Headley	PROPN
Heagle	PROPN
Heald	PROPN
Healing	VERB
Health	PROPN
HealthSpace	PROPN
Heaps	NOUN
Hear	VERB
Heard	PROPN
Hearing	NOUN
Heart	PROPN
Hearts	NOUN
Heather	PROPN
Heating	PROPN
Heaven	PROPN
Heavily	ADV
Heberling	PROPN
Hebrew	ADJ,PROPN
Hebrews	PROPN
Heck	INTJ
Hedging	NOUN
Hee-Chan	PROPN
Heels	PROPN
Hegelian	ADJ
Hegemony	PROPN
Heian	PROPN
Heidelberg	PROPN
Heidenreich	PROPN
Heights	PROPN
Heil	PROPN
Hein	PROPN
Heineken	PROPN
Heisenberg	PROPN
Hell	PROPN
Hellada	PROPN
Hellenic	ADJ
Hello	INTJ
Helmut	PROPN
Help	NOUN,VERB
Helpers	NOUN
Helps	VERB
Helsinki	PROPN
Hemisphere	NOUN,PROPN
Hemsley	PROPN
Hence	ADV
Henderson	PROPN
Henga	PROPN
Henley	PROPN
Henry	PROPN
Hens	NOUN
Her	PRON
Hera	PROPN
Herald	PROPN
Herat	PROPN
Herbalist	NOUN
Herbert	PROPN
Here	ADV
Heritage	PROPN
Herman	PROPN
Hermann	PROPN
Hermeticism	PROPN
Hermitage	PROPN
Hernan	PROPN
Hero	NOUN
Herpes	NOUN
Herrick	PROPN
Hershey	PROPN
Herzegovina	PROPN
Hewlett	PROPN
Hey	INTJ
Hezbollah	PROPN
Hi	INTJ
Hibbs	PROPN
Hibernation	NOUN
Hickory	PROPN
Hidden	ADJ,VERB
Hieronymus	PROPN
High	ADJ,PROPN
Higher	ADJ
Highlighting	VERB
Highly	ADV
Highway	PROPN
Higuchi	PROPN
Hikmetar	PROPN
Hikmetyar	PROPN
Hilary	PROPN
Hilgert	PROPN
Hill	PROPN
Hillegonds	PROPN
Hiller	PROPN
Hills	PROPN
Hilton	PROPN
Hindi	PROPN
Hindu	ADJ,PROPN
Hino	PROPN
Hiring	VERB
Hiroshima	PROPN
Hirsch	PROPN
Hirsohima	PROPN
His	PRON
Hispanic	ADJ
Historian	NOUN
Historic	ADJ
Historically	ADV
History	NOUN,PROPN
Hit	VERB
Hitler	PROPN
Hits	PROPN
Hitwise	PROPN
Hizb	PROPN
Hizbullah	PROPN
Hm	INTJ
Hm-m	INTJ
Hmm	INTJ
Hmmm	INTJ
Hmmmmmm	INTJ
Ho	PROPN
HoTMaiL	PROPN
Hoa	PROPN
Hoax	NOUN
Hobbes	PROPN
Hobbit	PROPN
Hochrenaissance	X
Hodge	PROPN
Hoecker	PROPN
Hoffman	PROPN
Hogg	PROPN
Hogsmeade	PROPN
Hogwarts	PROPN
Hohokam	PROPN
Hold	PROPN
Holden	PROPN
Holderness	PROPN
Holding	NOUN
Holdings	PROPN
Holga	PROPN
Holinshed	PROPN
Holistic	ADJ
Holland	PROPN
Holley	PROPN
Holly	PROPN
Hollywood	PROPN
HollyŁódź	PROPN
Holocaust	NOUN,PROPN
Holocaust-esque	ADJ
Holofernes	PROPN
Holt	PROPN
Holy	ADJ
Hom	PROPN
Home	NOUN,PROPN
Homeland	NOUN,PROPN
Homeopath	NOUN
Homer	PROPN
Homes	PROPN
Honda	PROPN
Honduras	PROPN
Honest	ADJ
Honestly	ADV
Honey	NOUN
Hong	PROPN
Honolulu	PROPN
Honor	PROPN
Hood	PROPN
Hoof	NOUN
Hoog	PROPN
Hoop	PROPN
Hooray	INTJ
Hooser	PROPN
Hoot	PROPN
Hoover	PROPN
Hope	PROPN,VERB
Hoped	VERB
Hopefully	ADV
Hopelessly	ADV
Hopelessness	NOUN
Hoping	VERB
Hopkinson@ENRON_DEVELOPMENT	X
Hopless	ADJ
Hopper	PROPN
Horace	PROPN
Horatio	PROPN
Horizon	PROPN
Hormel	PROPN
Hormuz	PROPN
Hornby	PROPN
Horomona	PROPN
Horrible	ADJ
Horribly	ADV
Horror	X
Horse	ADJ,NOUN,PROPN
Horsiesios	PROPN
Horton	PROPN
Horton@ENRON	X
Hosanna	PROPN
Hospital	PROPN
Hospitals	PROPN
Hostel	PROPN
Hoston	PROPN
Hot	ADJ
Hotel	NOUN,PROPN
Hotels	NOUN
Hotline	NOUN
Hotmail	PROPN
Hour	NOUN,PROPN
Hours	NOUN
House	NOUN,PROPN
Household	PROPN
Houseman	PROPN
Houson	PROPN
Houston	PROPN
How	ADV
Howard	PROPN
However	ADV
Howrah	PROPN
Hu	PROPN
Hub	PROPN,X
Hubbard	PROPN
Hubble	PROPN
Huber	PROPN
Huble@ENRON	X
Hudson	PROPN
Hue	PROPN
Huffington	PROPN
Huge	ADJ
Hugh	PROPN
Hughes	PROPN
Hugo	PROPN
Huguenots	PROPN
Huh	INTJ
Hui	PROPN
Hull	NOUN,PROPN
Hum.	PROPN
Human	ADJ,PROPN
Humanistic	ADJ
Humanities	PROPN
Humanpixel	PROPN
Humans	NOUN
Hume	PROPN
Humvees	PROPN
Hundreds	NOUN
Hunger	PROPN
Hunh	INTJ
Hunter	PROPN
Hurricane	PROPN
Husain	PROPN
Husayn	PROPN
Husbands	NOUN
Huskers	PROPN
Hussein	PROPN
Husseiniyas	PROPN
Huston	PROPN
Hut	PROPN
Hutcheson	PROPN
Hutt	PROPN
Huver	PROPN
Hwang	PROPN
Hwy	PROPN
Hyatt	PROPN
Hybrid	ADJ
Hydor	PROPN
Hydraulica	PROPN
Hydrodynamica	PROPN
Hydrogen	NOUN
HyperLink	PROPN
Hyperion	PROPN
Hyppolita	PROPN
Hyundai	PROPN
Hz	NOUN
Hôpital	PROPN
I	NOUN,NUM,PRON,PROPN
I'd	SCONJ
I'ile	X
I.=	ADJ
I.B.	PROPN
I.S.C.	NOUN
I/C	NOUN
I/S	NOUN
IAEA	PROPN
IATA	PROPN
IBM	PROPN
ICC	NOUN
ICDC	PROPN
ICI	PROPN
ICT	NOUN,PROPN
ICU	NOUN
ID	NOUN
IDs	NOUN
IE	PROPN
IE6	PROPN
IE9	PROPN
IEP	PROPN
IF	PROPN,SCONJ
IFN	PROPN
IGTS	X
IHOP	PROPN
IHS	PROPN
IHT.com	PROPN
II	NUM
III	NUM
IL	PROPN
ILS	PROPN
IM	NOUN
IMMEDIATE	ADJ
IMO	ADV
IMPLICATION	NOUN
IMPORTANT	ADJ
IMPOSSIBLE	ADJ
IMU	PROPN
IN	ADP,ADV
INS	PROPN
INSULTED	VERB
INSULTING	ADJ
INTERNATIONAL	ADJ,PROPN
INTegrated	ADJ
IOTM	PROPN
IP	NOUN,PROPN
IPA	NOUN
IPN	PROPN
IPS	PROPN
IQ	NOUN
IQR	PROPN
IRC	PROPN
IRIS	PROPN
IRR	SYM
IRS	PROPN
IS	AUX,VERB
ISDA	NOUN,PROPN
ISDAs	PROPN
ISI	PROPN
ISIS	PROPN
ISO	NOUN,PROPN
ISS	PROPN
IT	NOUN,PRON
IUG	PROPN
IV	NOUN,NUM
Iain	PROPN
Ian	PROPN
Ibn	PROPN
Ibrahim	PROPN
Ice	PROPN
Iceland	PROPN
Ichiyo	PROPN
Ichiyō	PROPN
Icky	ADJ
Icon	NOUN
Idaho	PROPN
Ide	PROPN
Idea	NOUN,PROPN
Ideally	ADV
Ideas	NOUN
Ideation	NOUN
Identity	NOUN,PROPN
Idiomaticity	PROPN
If	SCONJ
Ifa	PROPN
Ignore	VERB
Iguazu	PROPN
Iguaçu	PROPN
Ihara	PROPN
Ikea	PROPN
Ikhbariya	PROPN
Il	PROPN
Ildefonso	PROPN
Ill	PROPN
Illinois	PROPN
Illyrian	ADJ
Image	NOUN,PROPN
Images	NOUN
Imaginary	ADJ
Imagine	PROPN,VERB
Imam	PROPN
Imi	PROPN
Imitation	PROPN
Immacolata	PROPN
Immanuel	PROPN
Immigrant	NOUN
Immigrants	PROPN
Immigration	NOUN,PROPN
Immortal	ADJ
Immortals	PROPN
Impact	PROPN
Impacts	PROPN
Implant	PROPN
Implicated	VERB
Important	ADJ
Importantly	ADV
Impossible	ADJ
Improvements	NOUN
In	ADP,SCONJ
Inad	PROPN
Inaugural	ADJ
Inc	PROPN
Inc.	PROPN
Inca	PROPN
Incentive	NOUN
Incidentally	ADV
Incitement	NOUN
Inclusive	ADJ
Income	NOUN
Incorporated	PROPN
Increased	VERB
Increases	VERB
Increasingly	ADV
Incredible	ADJ
Incredibly	ADV
Indeed	ADV
Indemnity	PROPN
Independence	NOUN,PROPN
Independent	ADJ,PROPN
Index	NOUN,PROPN
Indexed	VERB
India	PROPN
Indian	ADJ
Indiana	PROPN
Indianapolis	PROPN
Indians	PROPN
Indicators	NOUN
Indivero	PROPN
Indo	X
Indonesia	PROPN
Indonesian	ADJ
Indonesians	PROPN
Indoor	ADJ
Industries	PROPN
Industry	NOUN,PROPN
Ineos	PROPN
Ineos.xls	NOUN
Inequality	NOUN
Infected	VERB
Inferior	ADJ
Infernale	PROPN
Infinite	ADJ
Infinity	NOUN
Infocus	PROPN
Información	X
Information	NOUN,PROPN
Ingram	PROPN
Initially	ADV
Inn	NOUN,PROPN
Innate	ADJ
Inner	ADJ
Innovation	PROPN
Innovative	ADJ
Inside	ADP,PROPN
Insights	NOUN
Insofar	SCONJ
Inspection	NOUN
Inspector	PROPN
Inspiration	PROPN
Inspired	VERB
Instagram	PROPN
Instead	ADV
Instep	PROPN
Instinct	PROPN
Institute	PROPN
Institutional	ADJ
Institutions	PROPN
Instituto	PROPN
Instructions	NOUN
Instructor	NOUN
Instruments	PROPN
Insurance	NOUN,PROPN
Insurgency	PROPN
Intel	PROPN
Intellectual	ADJ
Intelligence	NOUN,PROPN
Intelligencer	PROPN
Inter	X
Interceptor	PROPN
Interconnect	NOUN,X
Interesting	ADJ
Interestingly	ADV
Interface	NOUN
Interfaces	PROPN
Intergalactic	ADJ
Interim	PROPN
Interior	ADJ,PROPN
Interiors	PROPN
Internal	ADJ
International	ADJ,PROPN
Internet	NOUN,PROPN
Interplanetary	ADJ
Interpretation	PROPN
Interview	NOUN,PROPN
Interviewers	NOUN
Interviews	NOUN
Into	ADP,SCONJ
Intrepid	PROPN
Introduces	VERB
Introduction	NOUN
Inuit	ADJ
Invalides	PROPN
Investigators	NOUN
Investment	NOUN,PROPN
Investors	NOUN
Invictus	PROPN
Invisible	ADJ
Inwood	PROPN
IoT	PROPN
Iowa	PROPN
Ip	PROPN
Ipanema	PROPN
Iran	PROPN
Iranian	ADJ,PROPN
Iranians	PROPN
Iraq	PROPN
Iraqi	ADJ,PROPN
Iraqis	PROPN
Iraqiya	PROPN
Iraqiyah	PROPN
Ireland	PROPN
Iris	PROPN
Irish	ADJ,PROPN
Iron	PROPN
Ironically	ADV
Irony	NOUN
Iroq	PROPN
Irregularities	NOUN
Irving	PROPN
Is	AUX,VERB
Isaac	PROPN
Isabelle	PROPN
Isfahan	PROPN
Islam	PROPN
Islamabad	PROPN
Islami	PROPN
Islamiah	PROPN
Islamic	ADJ,PROPN
Islamism	PROPN
Islamist	PROPN
Islamists	PROPN
Islamiya	PROPN
Islamophobia	NOUN
Island	NOUN,PROPN
Islands	NOUN,PROPN
Isle	PROPN
Ismail	PROPN
Ismat	PROPN
Ispat	PROPN
Israel	PROPN
Israeli	ADJ
Israelis	PROPN
Issac	PROPN
Issues	NOUN
Istanbul	PROPN
It	INTJ,PRON
It's	PRON
Italia	PROPN
Italian	ADJ,PROPN
Italiano	PROPN
Italy	PROPN
Itinerary	NOUN
Its	PRON
Itza	PROPN
Ivan	PROPN
Ivies	PROPN
Ivy	PROPN
Iván	PROPN
J	NOUN,PROPN,X
J'	X
J.	PROPN
J.doc	X
JA	PROPN
JAMES	PROPN
JANUARY	PROPN
JAZZ	NOUN
JBennett@GMSSR.com	PROPN
JFK	PROPN
JI	PROPN
JMB	PROPN
JOB	NOUN
JOHN	PROPN
JOKE	NOUN
JOYSTICK	NOUN
JPC	PROPN
JPL	PROPN
JPY	NOUN
JR	PROPN
JUI	PROPN
JULY	PROPN
JUNE	PROPN
JUNO	PROPN
JUST	ADV
JWVS	PROPN
Jack	NOUN,PROPN
Jackie	PROPN
Jackson	PROPN
Jacob	PROPN
Jacobs	PROPN
Jacobsen	PROPN
Jacoby@ECT	X
Jafar	PROPN
Jafari	PROPN
Jaffna	PROPN
Jagger	PROPN
Jahan	PROPN
Jai	PROPN
Jaime	PROPN
Jake	PROPN
Jalalabad	PROPN
Jamaica	PROPN
Jamaican	ADJ
Jamarat	PROPN
James	PROPN
Jamie	PROPN
Jammu	PROPN
Jan	PROPN
Jan.	PROPN
Jana	PROPN
Jane	PROPN
Janeiro	PROPN
Janell	PROPN
Janet	PROPN
Janice	PROPN
Janis	PROPN
Jann	PROPN
Jantar	PROPN
January	PROPN
Japan	PROPN
Japanese	ADJ,PROPN
Jaquier	PROPN
Jared	PROPN
Jarrold	PROPN
Jasmine	PROPN
Jasny	PROPN
Jason	PROPN
Jason.Leopold@dowjones.com	PROPN
Java	PROPN
JavaScript	PROPN
Jawaharal	PROPN
Jawaharlal	PROPN
Jay	PROPN
Jayden	PROPN
Jazeera	PROPN
Jazz	PROPN
Jean	PROPN
Jeanne	PROPN
Jeep	PROPN
Jeez	INTJ
Jeff	PROPN
Jeffrey	PROPN
Jeffs	PROPN
Jehad	PROPN
Jeju	PROPN
Jelly	PROPN
Jemaah	PROPN
Jemison	PROPN
Jen	PROPN
Jenkins	PROPN
Jenks	PROPN
Jenna	PROPN
Jennifer	PROPN
Jenny	PROPN
Jensen	PROPN
Jeopardy	PROPN
Jeremy	PROPN
Jerome	PROPN
Jerry	PROPN
Jersey	PROPN
Jerusalem	PROPN
Jesse	PROPN
Jessen	PROPN
Jessica	PROPN
Jesuit	ADJ
Jesus	PROPN
Jet	NOUN,PROPN
JetBlue	PROPN
Jew	PROPN
Jewish	ADJ
Jews	PROPN
Jezebel	PROPN
Jgerma5@aol.com	PROPN
Jiabao	PROPN
Jiangsu	PROPN
Jihad	NOUN,PROPN
Jill	PROPN
Jim	PROPN
Jimmy	PROPN
Jingū	PROPN
Jintao	PROPN
Jito	PROPN
Jiuquan	PROPN
Jkthom	NOUN
Joachim	PROPN
Joan	PROPN
Job	NOUN,PROPN
Jobs	NOUN,PROPN
Joby	PROPN
Joe	PROPN
Joe_Lardy@cargill.com	PROPN
Joel	PROPN
Johann	PROPN
Johar	PROPN
John	PROPN
Johnelle	PROPN
Johnette	PROPN
Johnnie	PROPN
Johnson	PROPN
Johnson@ENRON	X
Joint	ADJ
Joke	NOUN
Joker	PROPN
Joking	VERB
Jolfa	PROPN
Jolla	PROPN
Jonathan	PROPN
Jones	PROPN
Jonesy	PROPN
Jong	PROPN
Joo-Ho	PROPN
Jordan	PROPN
Jorge	PROPN
Jorvik	PROPN
Josalyn	PROPN
Jose	PROPN
Joseph	PROPN
Joule	PROPN
Journal	PROPN
Journey	PROPN
Joux	PROPN
Joy	PROPN
Joyce	PROPN
Joys	PROPN
Jr	PROPN
Jr.	PROPN
Juan	PROPN
Jubilee	PROPN
Jubur	PROPN
Judaism	PROPN
Judd	PROPN
Judge	NOUN,PROPN
Judges	NOUN
Judging	VERB
Judicial	ADJ
Judiciary	ADJ,PROPN
Judy	PROPN
Juego	X
Juggernaut	PROPN
Jules	PROPN
Julfa	PROPN
Julia	PROPN
Julian	PROPN
Julie	PROPN
Julien	PROPN
July	PROPN
Jump	VERB
Junction	PROPN
June	PROPN
Jungwook	PROPN
Junius	PROPN
Junlong	PROPN
Jupiter	PROPN
Jurek	PROPN
Jurisdictions	NOUN
Just	ADV
Juste	PROPN
Justice	NOUN,PROPN
Justified	ADJ
Justifies	VERB
Justin	PROPN
Jérôme	PROPN
Jāmé	PROPN
Jūsan'ya	PROPN
K	NUM,PROPN
K-	INTJ
K.	PROPN
K.C.	PROPN
K/psu	NOUN
KABUL	PROPN
KAMALA	PROPN
KB	PROPN
KCNA	PROPN
KDP	PROPN
KELLY	PROPN
KEVALAM	NOUN
KIMBERLY	PROPN
KINDY	PROPN
KNEW	VERB
KNOW	VERB
KNOWS	VERB
KONG	PROPN
KPA	PROPN
KS	PROPN
KSM	PROPN
Ka-chun	PROPN
Ka-ki	PROPN
Kabul	PROPN
Kadai	PROPN
Kadhim	PROPN
Kafka	PROPN
Kahneman	PROPN
Kaho	PROPN
Kai	PROPN
Kalikhola	PROPN
Kalkat	PROPN
Kamen	PROPN
Kaminski	PROPN
Kaminski@ECT	X
Kandahar	PROPN
Kane	PROPN
Kansas	PROPN
Kant	PROPN
Kaoshikii	NOUN
Kaplan	PROPN
Kapor	PROPN
Kar	PROPN
Karachi	PROPN
Karate	PROPN
Karen	PROPN
Karim	PROPN
Karine	PROPN
Karl	PROPN
Karla	PROPN
Karlgren	PROPN
Karol	PROPN
Karzai	PROPN
Kashmir	PROPN
Kat	PROPN
Kate	PROPN
Katherinator	PROPN
Katherine	PROPN
Kathleen	PROPN
Kathryn	PROPN
Kathy	PROPN
Katie	PROPN
Katrina	PROPN
Katsof	PROPN
Katy	PROPN
Kaufman	PROPN
Kaufman@ECT	X
Kawashima	PROPN
Kay	PROPN
Kayak	PROPN
Kayani	PROPN
Kazakhstan	PROPN
Kazan	PROPN
Kazimir	PROPN
Kean	PROPN
Keck	PROPN
Keeney	PROPN
Keep	VERB
Kelley	PROPN
Kelly	PROPN
Kelowna	PROPN
Ken	PROPN
Kendel	PROPN
Kendrick	PROPN
Kennebunkport	PROPN
Kennedy	PROPN
Kenneth	PROPN
Kenny	PROPN
Kent	PROPN
Kenya	PROPN
Kenyan	ADJ
Kenyans	PROPN
Kermie	PROPN
Kermit	PROPN
Kerr	PROPN
Kerrigan	PROPN
Kerry	PROPN
Kettner	PROPN
Kevalam	X
Kevin	PROPN
Key	ADJ,NOUN,PROPN
Keywords	NOUN
Khaled	PROPN
Khalid	PROPN
Khan	PROPN
Khan@TRANSREDES	X
Khattab	PROPN
Khaza'il	PROPN
Khomeini	PROPN
Khosla	PROPN
Khymberly	PROPN
Kia	PROPN
Kiara	PROPN
Kibbutz	PROPN
Kickstarter	PROPN
Kid	NOUN,PROPN
Kids	NOUN,PROPN
Kiev	PROPN
Kilinochchi	PROPN
Kill	VERB
KilliFish	NOUN
Killifish	NOUN
Kim	PROPN
Kind	ADJ,NOUN,PROPN
Kinder	PROPN
Kindle	PROPN
Kindly	ADJ,ADV
Kindopp	PROPN
Kinect	PROPN
King	NOUN,PROPN
Kinga	PROPN
Kingdom	PROPN
Kingel	PROPN
Kingerski	PROPN
Kingsman	PROPN
Kingston	PROPN
Kinkade	PROPN
Kinneret	PROPN
Kinsler	PROPN
Kioka	PROPN
Kirk	PROPN
Kirriemuir	PROPN
Kitchen	PROPN
Kittie	PROPN
Kitts	PROPN
Kitty	PROPN
Kivu	PROPN
Kiwi	PROPN
Kiyani	PROPN
Klain	PROPN
Kleinhans	PROPN
Klenk	PROPN
Klimberg	PROPN
Kline	PROPN
Klingberg	PROPN
Klingon	PROPN
Knights	PROPN
Knitters	NOUN
Know	VERB
Knowledge	NOUN
Knudsen	PROPN
Kobey	PROPN
Kohne	PROPN
Koinonia	PROPN
Kong	PROPN
Kool	PROPN
Koolhaas	PROPN
Kopinga	PROPN
Koran	PROPN
Korea	PROPN
Korean	ADJ
Kori	PROPN
Kos	PROPN
Kosher	ADJ
Kosovo	PROPN
Kowalke	PROPN
Kowloon	PROPN
Kr	NOUN,SYM
Kraków	PROPN
Kramer	PROPN
Kreyol	PROPN
Krill	PROPN
Kriste	PROPN
Kristen	PROPN
Kristin	PROPN
Kristof	PROPN
Kroeker	PROPN
Krueger	PROPN
Krumbholz	PROPN
Księży	PROPN
Kueck	PROPN
Kuei	PROPN
Kukulkan	PROPN
Kumaratunga	PROPN
Kumon	PROPN
Kunst	PROPN
Kurdish	ADJ
Kurdistan	PROPN
Kurds	PROPN
Kusal	PROPN
Kusanagi	PROPN
Kushnick	PROPN
Kut	PROPN
Kuwait	PROPN
Kuwaiti	ADJ
Kuykendall	PROPN
Kwa	PROPN
Kwik	PROPN
Kwok	PROPN
Kwong	PROPN
Kyle	PROPN
Kyle.Jones@ra	PROPN
Kyle.Jones@radianz.com	PROPN
Kyoto	PROPN
L	PROPN,SYM
L'Americano	PROPN
L'Enfant	PROPN
L'espalier	PROPN
L'instant	PROPN
L.	PROPN
L.A.	PROPN
L.I.T	PROPN
L.L.C	NOUN
L.P	NOUN
L/C	NOUN
L2	NOUN
LA	PROPN
LA.	PROPN
LAGESSE	PROPN
LAMP	NOUN
LANDING	NOUN
LAST	ADJ
LATER	ADV
LATIN	ADJ
LAURA	PROPN
LBJ	PROPN
LC	NOUN
LE	PROPN
LEARNING	NOUN
LEAST	ADJ
LEAVE	VERB
LED	NOUN
LEGAL	ADJ
LENOX	PROPN
LEONARDO	PROPN
LET	VERB
LETTER	NOUN
LFTD	PROPN
LGBTQ	ADJ
LIBERTY	PROPN
LIFE	NOUN
LIGHTS	NOUN
LIKE	ADP,INTJ,SCONJ
LIKED	VERB
LIMITATIONS	NOUN
LINE	NOUN
LINK	NOUN
LIPA	NOUN
LIST	NOUN
LISTEN	VERB
LITTLE	ADJ
LIVE	VERB
LL.D.	PROPN
LLC	NOUN,PROPN
LLM	NOUN
LLMs	NOUN
LLP	PROPN
LME	NOUN,PROPN
LNG	PROPN
LOC	NOUN
LOCATION	NOUN
LOCUST	PROPN
LOGIN	NOUN
LOI	NOUN
LOL	INTJ
LONGER	ADV
LOPEZ	PROPN
LOT	NOUN
LOTS	NOUN
LOVE	VERB
LOVED	VERB
LOW	ADJ
LSD	NOUN,PROPN
LTTE	PROPN
LUCIO	PROPN
LV	PROPN
LW	PROPN
LYNX	PROPN
La	PROPN
La.	PROPN
LaGrange	PROPN
LaGuardia	PROPN
Lab	PROPN
Labadee	PROPN
Labat	PROPN
Labor	NOUN,PROPN
Laboratorio	PROPN
Laboratory	PROPN
Labour	PROPN
Lack	NOUN
Ladakh	PROPN
Laden	PROPN
Ladies	NOUN
Lady	PROPN
Lafayette	PROPN
Lagrange	PROPN
Lai	PROPN
Laidlaw	PROPN
Laird	PROPN
Laity	PROPN
Lake	PROPN
Lakes	PROPN
Lakoff	PROPN
Lakshmi	PROPN
Lam	PROPN
Lamarque	PROPN
Lamonica	PROPN
Lamont	PROPN
Lan	PROPN
Lancashire	PROPN
Land	NOUN,PROPN
Landa	PROPN
Landfall	PROPN
Landgraf	PROPN
Landing	NOUN
Landlords	PROPN
Lands	PROPN
Landscape	PROPN
Lane	PROPN
Lange	PROPN
Langeland	PROPN
Language	NOUN,PROPN
Languages	PROPN
Lanka	PROPN
Lankan	ADJ
Lansing	PROPN
Lantern	PROPN
Lao	PROPN
Laodicea	PROPN
Laos	PROPN
Laplace	PROPN
Lara	PROPN
Large	ADJ
Larry	PROPN
Larson	PROPN
Las	PROPN
Laser	NOUN
Last	ADJ
Late	ADJ,ADV,PROPN
Later	ADV
Latin	ADJ,PROPN
Latino	ADJ
Latinos	PROPN
Latter	ADJ
Lattice	PROPN
Lau	PROPN
Laughing	VERB
Launch	PROPN
Laundry	PROPN
Laura	PROPN
Lauralee	PROPN
Laureate	PROPN
Laurel	PROPN
Lauren	PROPN
Laurent	PROPN
Laurie	PROPN
Lautrec	PROPN
Lava	NOUN
Lavan	PROPN
Lavorato	PROPN
Law	NOUN,PROPN
Lawmakers	NOUN
Lawman	NOUN
Lawrence	PROPN
Laws	NOUN,PROPN
Lawsuit	NOUN
Lawsuits	NOUN
Lawyer	NOUN
Lawyers	NOUN,PROPN
Lay	PROPN,VERB
Le	PROPN
LeRoy	PROPN
Lea	PROPN
Leach	PROPN
Leaders	NOUN
Leadership	PROPN
Leads	NOUN
League	PROPN
Leah	PROPN
Leahy	PROPN
Leainne	PROPN
Leaky	ADJ
Leap	PROPN
Learn	VERB
Learner	NOUN
Learning	NOUN
Leasing	PROPN
Least	ADJ
Leave	VERB
Leavenworth	PROPN
Leaving	VERB
Leavy	PROPN
Lebanese	ADJ
Lebanon	PROPN
Lectures	PROPN
Lee	PROPN
Leeds	PROPN
Left	ADV,PROPN
Legacy	NOUN,PROPN
Legal	ADJ,NOUN,PROPN
Legato	PROPN
Legged	ADJ
Legion	PROPN
Legislation	NOUN
Legislative	ADJ
Legislature	PROPN
Legit	ADJ
Lego	PROPN
Leibman@ENRON	X
Leicester	PROPN
Leigh	PROPN,X
Leisure	PROPN
Leite	PROPN
Leithead	PROPN
Lemell	PROPN
Lemoine	PROPN
Lemon	NOUN
Len	PROPN
Length	NOUN
Lennon	PROPN
Leno	PROPN
Lensey	PROPN
Leo	PROPN
Leon	PROPN
Leonard	PROPN
Leonardo	PROPN
Leonhard	PROPN
Leonia	PROPN
Leopold	PROPN
Lepage	PROPN
Lepore	PROPN
Les	PROPN
Leslie	PROPN
Less	ADV
Lessig	PROPN
Lessons	PROPN
Let	PROPN,VERB
Letter	NOUN,PROPN,X
Leung	PROPN
Levi	PROPN
Levi`s	PROPN
Levico	PROPN
Levine	PROPN
Levis	PROPN
Levitt	PROPN
Lewis	PROPN
Lewiston	PROPN
Lexical	ADJ
Lexus	PROPN
Li	PROPN
Liars	NOUN
Liau	PROPN
Libby	PROPN
Liberation	PROPN
Liberia	PROPN
Libertarian	ADJ
Liberty	PROPN
Libra	PROPN
Librarian	PROPN
Library	PROPN
LibriVox	PROPN
Libro	X
Libya	PROPN
Libyan	ADJ
License	NOUN,PROPN
Lichtenstein	PROPN
Lie	NOUN
Liechtenstein	PROPN
Lieutenant	PROPN
Life	NOUN,PROPN
Lifestyle	PROPN
Lifetime	PROPN
Light	ADJ,NOUN,PROPN
Lighting	NOUN
Lights	NOUN
Lihabi	PROPN
Lihaib	PROPN
Lihaibi	PROPN
Like	ADJ,ADP,INTJ,SCONJ,VERB
Likewise	ADV
Limerick	PROPN
Limit	VERB
Limited	ADJ,PROPN
Limits	NOUN
Lina	PROPN
Linda	PROPN
Lindh	PROPN
Lindqvist	PROPN
Lindsay	PROPN
Lindsey	PROPN
Line	NOUN,PROPN
Lines	NOUN,PROPN
Lingard	PROPN
Linguistic	ADJ
Linguistics	NOUN,PROPN
Link	NOUN,PROPN
Linkages	NOUN
Links	NOUN
Linna	PROPN
Linux	PROPN
Lionel	PROPN
Lipids	NOUN
Lipstick	PROPN
Lipton	PROPN
Liquid	ADJ,NOUN
Liquidweb	PROPN
Liquidweb.com	PROPN
Lisa	PROPN
Lisbon	PROPN
List	NOUN,PROPN
Listed	VERB
Listen	VERB
Listening	VERB
Listing	PROPN
Lists	NOUN
Litterarum	PROPN
Little	ADJ,ADV,PROPN
Litzmannstadt	PROPN
Liu	PROPN
Live	ADJ,PROPN,VERB
Liverpool	PROPN
Lives	PROPN
Living	VERB
Livingston	PROPN
Livorno	PROPN
Liwei	PROPN
Liz	PROPN
Ličen	PROPN
Lloyd	PROPN
Lo	INTJ,PROPN
Load	NOUN
Loads	NOUN
Local	ADJ,ADV
Localist	ADJ
Locate	VERB
Located	VERB
Location	NOUN
Loch	PROPN
Lock	VERB
Locked	VERB
Locust	PROPN
Lodge	PROPN
Log	PROPN,VERB
Logan	PROPN
Logic	NOUN
Lol	INTJ
Lolland	PROPN
Lombardy	PROPN
London	PROPN
Lone	ADJ
Lonely	ADJ
Long	ADJ,ADV,PROPN
Longer	ADJ
Look	NOUN,VERB
Looked	VERB
Looking	ADJ,VERB
Lookout	NOUN
Looks	VERB
Looming	VERB
Loop	PROPN
Loose	ADJ,VERB
Lope	VERB
Lopez	PROPN
Lora	PROPN
Lord	PROPN
Lords	PROPN
Lorenzo	PROPN
Loretta	PROPN
Lorie	PROPN
Lorne	PROPN
Lorraine	PROPN
Los	PROPN
Loss	NOUN
Lost	VERB
Lot	NOUN
Lotf	PROPN
Lotfollah	PROPN
Lots	NOUN
Lotte	PROPN
Lottery	NOUN
Lotus	NOUN,PROPN
Lou	PROPN
Louis	PROPN
Louise	PROPN
Louisiana	PROPN
Louisianna	PROPN
Lounge	PROPN
Louvre	PROPN
Love	NOUN,PROPN,VERB
Loved	VERB
Lovely	ADJ
Lover	NOUN
Lovers	PROPN
Low	ADJ
Lt.	PROPN
Ltd	PROPN
Ltd.	PROPN
Luan	PROPN,X
Luca	PROPN
Lucas	PROPN
Lucia	PROPN
Lucille	PROPN
Luckily	ADV
Lucky	ADJ
Lucy	PROPN
Luest	PROPN
Lugli	PROPN
Luis	PROPN
Luján	PROPN
Lukaku	PROPN
Luna	NOUN
Lunch	NOUN
Lund	PROPN
Lung	PROPN
Luo	PROPN
Luther	PROPN
Lutheran	ADJ
Luv	NOUN
Luxembourg	PROPN
Lynch	PROPN
Lynda	PROPN
Lynley	PROPN
Lynn	PROPN
Lynne	PROPN
Lyons	PROPN
Lysa	PROPN
M	NOUN,NUM,PROPN
M-m	INTJ
M-mm	INTJ
M.	PROPN
M.D.	PROPN
M.S.	PROPN
M.Sc.	PROPN
M1	PROPN
M18	PROPN
M300	PROPN
M306	PROPN
M5J	NOUN
M5S	PROPN
M62	PROPN
MACS	NOUN
MAIDEN	NOUN
MAILING	NOUN
MAIN	ADJ
MAJOR	ADJ
MAKE	VERB
MANAGER	NOUN
MAPS	NOUN
MARCH	PROPN
MARK	PROPN
MARRIAGE	PROPN
MASSACHUSETTS	PROPN
MAY	AUX
MAYA	PROPN
MBA	NOUN
MCC	PROPN
MD	PROPN
MDGs	PROPN
ME	PRON
MEALS	NOUN
MEAN	VERB
MEAT	NOUN
MEH-risk	X
MEK	PROPN
MEN	PROPN
MERCURY	PROPN
MERS	PROPN
MGr...@usa.pipeline.com	PROPN
MHC	PROPN
MI	PROPN
MICROcomputer	NOUN
MILF	PROPN
MILNET	PROPN
MIND	VERB
MIRACLE	PROPN
MISS	PROPN
MISSISSIPPI	PROPN
MISTAKE	NOUN
MIT	PROPN
MIUI	PROPN
MK	PROPN
MKM	PROPN
MLB	PROPN
MM	NUM
MMA	PROPN
MMC	NOUN
MMPI	PROPN
MO	NOUN,PROPN
MONARCHS	PROPN
MONEY	NOUN
MOO	NOUN
MOON	NOUN
MORALITY	NOUN
MORE	ADJ
MOUNT	PROPN
MOVE	NOUN
MOVING	NOUN
MP3	NOUN
MRS.	PROPN
MSA	PROPN
MSNBC	PROPN
MSU	PROPN
MT	NOUN
MTLE	NOUN
MTM	NOUN,PROPN
MTPs	PROPN
MTV	PROPN
MUCH	ADJ,ADV
MUCK	PROPN
MUD	NOUN
MULES	PROPN
MUNI	PROPN
MURPH	PROPN
MUST	AUX
MVB	NOUN
MVP	NOUN
MWh	NOUN
MXN	NOUN
MY	PRON
MYSTERYS	NOUN
MYSTIC	PROPN
MYSTICS	PROPN
MYTHS	PROPN
Ma	NOUN
Maaloul	PROPN
Maarten	PROPN
Maati	PROPN
Mabruk	PROPN
Mac	PROPN
MacGyver	PROPN
MacKenzie	PROPN
Macaulay	PROPN
Macedonia	PROPN
Mach	NOUN,PROPN
Machina	PROPN
Machine	PROPN
Machines	NOUN
Mackey	PROPN
Mackinaw	PROPN
Maclaurin	PROPN
Macrocosm	NOUN
Madagascar	PROPN
Madam	NOUN,PROPN
Madame	PROPN
Made	VERB
Mademoiselle	X
Madhlum	PROPN
Madrid	PROPN
Mae	PROPN
Maeena	PROPN
Magazine	PROPN
Magazines	NOUN
Magi	PROPN
Magic	ADJ,NOUN,PROPN
Magicians	PROPN
Magnum	PROPN
Maguire	PROPN
Mahady	PROPN
Mahal	PROPN
Maharishi	PROPN
Mahatma	PROPN
Mahault	PROPN
Mahesh	PROPN
Maids	PROPN
Mail	NOUN,PROPN,VERB
Mailing	NOUN,VERB
Mails	NOUN
Main	ADJ
Maine	PROPN
Maintains	VERB
Maitra	PROPN
Maize1_1017013	PROPN
Majoos	PROPN
Major	ADJ,PROPN
Mak	PROPN
Make	PROPN,VERB
Makel	PROPN
Makes	VERB
Making	VERB
Makkai	PROPN
Mako	PROPN
Makos	PROPN
Malacca	PROPN
Malardians	PROPN
Malaysia	PROPN
Malaysian	ADJ
Malbec	PROPN
Maldives	PROPN
Male	ADJ
Malevich	PROPN
Mall	PROPN
Malle	PROPN
Mama	NOUN,PROPN
Man	NOUN,PROPN
Management	NOUN,PROPN
Manager	NOUN,PROPN
Managers	NOUN
Managing	VERB
Manakau	PROPN
Manchester	PROPN
Mandel	PROPN
Mandil	PROPN
Mandir	PROPN
Mandros	PROPN
Mandy	PROPN
Mango	PROPN
Mangold	PROPN
Manhattan	PROPN
Manifesto	PROPN
Manila	PROPN
Manipal	PROPN
Manipur	PROPN
Manmohan	PROPN
Mann	PROPN
Mann@ENRON	X
Manne	PROPN
Manoel	PROPN
Manogue	PROPN
Manson	PROPN
Mansoor	PROPN
Mansour	PROPN
Mantar	PROPN
Mantia	PROPN
Manual	PROPN
Manufacturing	VERB
Manuscript	NOUN
Many	ADJ
Manzano	PROPN
Maoists	PROPN
Maori	ADJ,PROPN
Map	NOUN
Maple	NOUN
Mapping	NOUN
Mapplethorpe	PROPN
Maps	PROPN
Mar	PROPN
Marae	PROPN
Marauders	PROPN
Marbles	PROPN
Marc	PROPN
Marcelo	PROPN
March	PROPN
Marches	PROPN
Marcia	PROPN
Marcie	PROPN
Marco	PROPN
Marcus	PROPN
Mare	NOUN
Marek	PROPN
Margaret	PROPN
Margaritas	NOUN
Maria	PROPN
Mariah	PROPN
Marianne	PROPN
Marie	PROPN
Marilyn	PROPN
Marin	PROPN
Marina	PROPN
Marine	PROPN
Mariner	PROPN
Marines	PROPN
Marino	PROPN
Mark	NOUN,PROPN
Market	NOUN,PROPN
Marketing	NOUN,PROPN
Markets	PROPN
Markit	PROPN
Marks	PROPN
Markus	PROPN
Marly	PROPN
Maroni	PROPN
Marquez	PROPN
Marquis	PROPN
Marriage	NOUN,PROPN
Marriott	PROPN
Marrying	VERB
Mars	PROPN
Marsden	PROPN
Marsha	PROPN
Marshall	PROPN
Marstal	PROPN
Mart	PROPN
Martha	PROPN
Martin	PROPN
Martinez@ENRON	X
Martyrs	PROPN
Martínez	PROPN
Marval	PROPN
Marvel	PROPN
Marx	PROPN
Mary	NOUN,PROPN
Mary.Ellenberger@enron.com	PROPN
Maryam	PROPN
Marymegan	PROPN
María	PROPN
Mashhad	PROPN
Masjed-e	PROPN
Masjid	PROPN
Masonic	ADJ
Mass	NOUN
Massachusetts	PROPN
Massoud	PROPN
Master	NOUN,PROPN,X
MasterCard	PROPN
Masters	PROPN
Match	PROPN
Mate	NOUN
Math	NOUN
Mathematica	PROPN
Mathematical	ADJ
Mathematically	ADV
Mathematician	NOUN
Mathematics	PROPN
Mathias	PROPN
Matilda	PROPN
Matisse	PROPN
Matt	PROPN
Matte	ADJ
Mattel	PROPN
Matter	NOUN,PROPN
Matters	PROPN
Matthew	PROPN
Matthews	PROPN
Mature	ADJ
Mauer	PROPN
Maui	PROPN
Maulana	PROPN
Maureen	PROPN
Maurer	PROPN
Mauritania	PROPN
Maviglio	PROPN
Maw	NOUN
Max	PROPN
Maximilien	PROPN
Maximum	ADJ,NOUN
May	AUX,PROPN
Maya	PROPN
Mayan	ADJ
Maybe	ADV
Mayes	PROPN
Mayko	PROPN
Maynard	PROPN
Mayor	PROPN
Mayors	PROPN
Mayur	PROPN
Mazda	PROPN
Mazirat	PROPN
Mc	PROPN
McAuliffe	PROPN
McBride	PROPN
McCAFE	PROPN
McCallum	PROPN
McCartney	PROPN
McCombs	PROPN
McConnell@ECT	X
McCullough	PROPN
McCutchan	PROPN
McDermott	PROPN
McDonald	PROPN
McDonalds	PROPN
McFarlane	PROPN
McGinnis	PROPN
McGovern	PROPN
McGowan	PROPN
McGrath	PROPN
McGuire	PROPN
McInnis	PROPN
McKenzie	PROPN
McLean	PROPN
McMahon	PROPN
McManus	PROPN
McMuffin	PROPN
McMunchies	PROPN
McMurdo	PROPN
McNamara	PROPN
McNeally	PROPN
McNealy	PROPN
McNuggets	PROPN
McSushi	PROPN
McVegan	PROPN
McVeigh	PROPN
Mcdonald	PROPN
Me	PRON
Meadowrun	PROPN
Meagan	PROPN
Meal	NOUN
Means	NOUN,PROPN
Meanwhile	ADV
Measure	NOUN
Measures	NOUN
Measuring	VERB
Meats	NOUN
Mecca	PROPN
Mechaincs	NOUN
Mechanics	NOUN
Mechanism	NOUN
Mecole	PROPN
Med	PROPN
Medal	PROPN
Media	NOUN,PROPN
Mediawiki	PROPN
Medical	ADJ
Medicare	PROPN
Medici	PROPN
Medicine	PROPN
Medieval	ADJ
Medina	PROPN
Meditation	NOUN,PROPN
Mediterranean	PROPN
Medium	ADJ
Medusa	PROPN
Meen	PROPN
Meeting	NOUN,PROPN
Megapixel	NOUN
Meghalaya	PROPN
Megumi	PROPN
Mehraban	PROPN
Meidan	PROPN
Meier	PROPN
Meiji	PROPN
Meiko	PROPN
Meira	PROPN
Meiring	PROPN
Mekong	PROPN
Melancon	PROPN
Melanie	PROPN
Melbourne	PROPN
Melissa	PROPN
Mellencamp	PROPN
Mellon	PROPN
Melon	PROPN
Melted	VERB
Member	PROPN
Members	NOUN,PROPN
Memon	PROPN
Memorial	PROPN
Memphis	PROPN
Men	NOUN,PROPN
Menger	PROPN
Mental	ADJ
Menzies	PROPN
Meowing	NOUN,VERB
Meraux	PROPN
Merchanting	PROPN
Merit	NOUN
Merlot	PROPN
Merrist	PROPN
Merson	PROPN
Mertens	PROPN
Mesa	PROPN
Mesoamerica	PROPN
Mesoamerican	ADJ
Mesoamericans	PROPN
Messages	NOUN
Messenger	PROPN
Messer	PROPN
Messina	PROPN
Metal	PROPN
Metals	PROPN
Metcalfe	PROPN
Meteorites	NOUN
Methodist	ADJ
Methodistic	ADJ
Methodius	PROPN
Methodology	NOUN,PROPN
Methylene	PROPN
Metro	ADJ,PROPN
Metro.us	PROPN
Metroplex	NOUN
Metropolitan	ADJ
Mets	PROPN
Meurtres	PROPN
Mexican	ADJ
Mexicana	PROPN
Mexicans	PROPN
Mexico	PROPN
Meydan	PROPN
Meyers	PROPN
Mezza	NOUN
MfM	PROPN
Mh	INTJ
Mhm	INTJ
Mia	PROPN
Miami	PROPN
Michael	PROPN
Michael.McDermott@spectrongroup.com	PROPN
Michaelis	PROPN
Michaels	PROPN
Michel	PROPN
Michelangelo	PROPN
Michele	PROPN
Michelle	PROPN
Michi	PROPN
Michigan	PROPN
Mick	PROPN
Mickey	PROPN
Micro	PROPN
MicroMega	PROPN
Microbiologist	NOUN
Microscope	NOUN,PROPN
Microsoft	PROPN
Microsystems	PROPN
Microwave	NOUN
Mid	ADV,X
Midas	PROPN
Middle	ADJ
Middlebrooks	PROPN
Middlesex	PROPN
Mideast	PROPN
Midnight	PROPN
Midtown	PROPN
Midwest	PROPN
Midwesterners	PROPN
Might	AUX
Miharris	PROPN
Mike	PROPN
Mikhail	PROPN
Milan	PROPN
Milekic	PROPN
Miley	PROPN
Military	ADJ,NOUN,PROPN
Millennium	PROPN
Miller	PROPN
Milligan	PROPN
Mills	PROPN
Milton	PROPN
Mimmy	PROPN
Mimosas	NOUN
Min-Woo	PROPN
Mind	NOUN
Mindset	NOUN
Mine	PRON
Mingo	PROPN
Minh	PROPN
Mini	ADJ
Minimum	ADJ
Miniseries	NOUN
Minister	PROPN
Ministry	PROPN
Minkin	PROPN
Minneapolis	PROPN
Minnesota	PROPN
Minor	ADJ,PROPN
Minority	PROPN
Minster	PROPN
Minute	PROPN
Minutes	PROPN
Miracle	PROPN
Miranda	PROPN
Mirandela	PROPN
Miri	PROPN
Miriam	PROPN
Mirror	PROPN
Mirroring	VERB
Misalette	PROPN
Misha	PROPN
Miss	PROPN
Missed	VERB
Missile	NOUN,PROPN
Mission	PROPN
Mississippi	PROPN
Missouri	PROPN
Mistake	NOUN
Mister	PROPN
Misto	NOUN
Mitch	PROPN
Mitchell	PROPN
Mitten	PROPN
Mixed	VERB
Miyako	X
Miyuki	PROPN
Mlle.	PROPN,X
Mm	INTJ
Mmkay	PROPN
Mmm	INTJ
Mo	PROPN
MoI	PROPN
Mob.	NOUN
Mobile	ADJ
Mobilising	NOUN
Mod	PROPN
Moda	PROPN
Model	PROPN
Modell	PROPN
Modern	ADJ
Modrian	PROPN
Module	PROPN
Modus	NOUN
Mogadishu	PROPN
Mohamed	PROPN
Mohammad	PROPN
Mohammed	PROPN
Mohandas	PROPN
Mohaqeq	PROPN
Mohawk	PROPN
Moher	PROPN
Mohib	PROPN
Moi	X
Moines	PROPN
Moldovan	ADJ
Molly	PROPN
Molten	ADJ
Mom	NOUN,PROPN
Moment	PROPN
Moments	NOUN
Mommies	NOUN
Mommism	NOUN
Mon	PROPN
Mon.	PROPN
Monaco	PROPN
Monday	PROPN
Monday's	PROPN
Monet	PROPN
Money	NOUN,PROPN
Mongolia	PROPN
Mongolian	ADJ
Monks	NOUN
Monopoly	NOUN,PROPN
Monroe	PROPN
Monsoon	NOUN
Montague	PROPN
Montalvo	PROPN
Montana	PROPN
Montavano	PROPN
Montejo	PROPN,X
Montenegro	PROPN
Montgomery	PROPN
Montgomery@ENRON	X
Month	PROPN
Monti	PROPN
Montmartre	PROPN
Montparnasse	PROPN
Montrouge	PROPN
Moon	NOUN,PROPN
Mooney	PROPN
Moore	PROPN
Moral	ADJ
Morality	NOUN,PROPN
More	ADJ,ADV
Moreau	PROPN
Moreover	ADV
Moreton	PROPN
Moretti	PROPN
Morgan	PROPN
Moriaty	PROPN
Moriori	ADJ,PROPN
Moritz	PROPN
Mormon	ADJ
Mormonism	PROPN
Mormons	PROPN
Morne	PROPN
Morning	NOUN,PROPN
Moro	PROPN
Morocco	PROPN
Morphology	PROPN
Morrell	PROPN
Morris	PROPN
Morrison	PROPN
Morton	PROPN
Moscoso	PROPN
Moscow	PROPN
Moslem	ADJ
Moslems	PROPN
Mosque	NOUN,PROPN
Mosques	NOUN
Most	ADJ,ADV
Mosul	PROPN
Motel	PROPN
Mother	NOUN
Motherwell	PROPN
Motion	NOUN,PROPN
Motivated	VERB
Motive	NOUN
Motoko	PROPN
Motor	NOUN,PROPN
Motorola	PROPN
Motors	PROPN
Mouez	PROPN
Mouhamad	PROPN
Mount	PROPN,VERB
Mountain	NOUN,PROPN
Mountains	PROPN
Mourey	PROPN
Mourvèdre	PROPN
Moussaoui	PROPN
Movement	PROPN
Moves	NOUN,VERB
Movie	NOUN,PROPN
Movies	PROPN
Movimento	PROPN
Moving	VERB
Moxon	PROPN
Moyross	PROPN
Mozilla	PROPN
Mr	PROPN
Mr.	PROPN
Mrs	PROPN
Mrs.	PROPN
Ms	PROPN
Ms.	PROPN
Mt	PROPN
Muang	PROPN
Mubarak	PROPN
Much	ADJ,ADV
Mudd	PROPN
Mudo	PROPN
Mueller	PROPN
Muffs	NOUN
Muhammad	PROPN
Mujahedeen	PROPN
Mukalla	PROPN
Mukhabarat	PROPN
Mulberry	PROPN
Mullah	PROPN
Multicultural	ADJ
Mum	NOUN
Mumbai	PROPN
Munafò	PROPN
Muni	PROPN
Municipal	X
Municipality	PROPN
Munk	PROPN
Muqrin	PROPN
Murasaki	PROPN
Murders	NOUN
Murdoch	PROPN
Murfreesboro	PROPN
Murillo	PROPN
Murph	PROPN
Murphy	PROPN
Murray	PROPN
Murthy	PROPN
Murungi	PROPN
Muscovy	PROPN
Museum	PROPN
Musharraf	PROPN
Music	PROPN
Musk	NOUN,PROPN
Muskogee	PROPN
Muskoka	PROPN
Muskokas	PROPN
Muslim	ADJ,PROPN
Muslims	PROPN
Musmanno	PROPN
Must	AUX
Mustansiriyah	PROPN
Mustapha	PROPN
Mutation	NOUN,PROPN
My	PRON,PROPN
Myanmar	PROPN
Myrna	PROPN
Myself	PRON
Mysteries	PROPN
Mysterious	ADJ
Mystery	NOUN
Mécanique	PROPN
Mérida	PROPN
Módulo	X
Młyn	PROPN
N	ADV,CCONJ,PROPN
N'T	PART
N-	INTJ
N.O.	PROPN
N.Y.	PROPN
NAM	NOUN
NAME	NOUN
NASA	PROPN
NASTY	ADJ
NATO	PROPN
NB	PROPN
NBA	PROPN
NBC	PROPN
NC	PROPN
NCAA	PROPN
NCLAN	PROPN
NCRC4ME	PROPN
ND	PROPN
NDI	PROPN
NEA	PROPN
NECESSARY	ADJ
NEED	VERB
NEEDED	VERB
NEEEEEEEEEVERRRR	ADV
NEPCO	PROPN
NEPOOL	PROPN
NEST	NOUN
NET	NOUN
NEVER	ADV
NEW	ADJ
NEWS	NOUN
NEXT	ADJ,ADV
NFL	PROPN
NGO's	NOUN
NHS	PROPN
NICE	ADJ
NICER	ADJ
NIGHT	NOUN
NJ	PROPN
NK	PROPN
NMANNE@SusmanGodfrey.com	PROPN
NO	DET,INTJ
NOMINATION	NOUN
NON	ADV
NOOK	PROPN
NORTH	PROPN
NOT	PART
NOTE	NOUN,VERB
NOTEBOOK	NOUN
NOTES	NOUN
NOTICE	NOUN
NOV	PROPN
NOW	ADV
NPP	PROPN
NPR	PROPN
NRC	PROPN
NSA	PROPN
NSU	PROPN
NSW	PROPN
NT	PART
NTU	PROPN
NVA	PROPN
NVQ	NOUN
NW	PROPN
NWP	NOUN
NWSC	PROPN
NX1	NOUN
NX3	NOUN
NY	PROPN
NYC	PROPN
NYE	PROPN
NYMEX	PROPN
NZ	PROPN
Na	INTJ
Nabil	PROPN
Nacer	PROPN
Nacional	PROPN
Nacogdoches	PROPN
Nader	PROPN
Nadereh	PROPN
Nadler	PROPN
Nadu	PROPN
Nagaland	PROPN
Nagaski	PROPN
Nagin	PROPN
Nah	INTJ
Naha	PROPN
Nail	NOUN
Nails	NOUN,PROPN
Nairobi	PROPN
Naji	PROPN
Najib	PROPN
Nakarai	PROPN
Nalapat	PROPN
Nam	X
Namaskar	INTJ
Namath	PROPN
Name	NOUN,PROPN,VERB
Namely	ADV
Names	NOUN
Namibia	PROPN
Namsan	PROPN
Nance	PROPN
Nancy	PROPN
Nang	PROPN
Nano	PROPN
Napa	PROPN
Napier	PROPN
Naqsh-e	PROPN
Narayan	PROPN
Narrative	ADJ
Nashua	PROPN
Nashville	PROPN
Nasim	PROPN
Nat	ADJ,PROPN
Natalie	PROPN
Natasha	PROPN
Nathan	PROPN
Nathaniel	PROPN
Nation	PROPN
National	ADJ
Nationally	ADV
Nations	NOUN,PROPN
Nationwide	ADJ,ADV
Native	ADJ
Nato	PROPN
Natsu	PROPN
Natsuko	PROPN
Natural	ADJ
Naturalis	PROPN
Naturalisation	PROPN
Nature	NOUN,PROPN
Nava	PROPN
Naval	ADJ
Navarro	PROPN
Navigating	VERB
Navigator	PROPN
Navtej	PROPN
Navy	NOUN,PROPN
Nawaz	PROPN
Nazarenes	PROPN
Nazareth	PROPN
Nazi	ADJ,PROPN
Nazis	PROPN
Ne	ADV
Neal	PROPN
Near	ADP
Nearly	ADV
Nedre	PROPN
Nedwick	PROPN
Need	VERB
Needed	VERB
Needles	PROPN
Needless	ADJ
Needs	NOUN,VERB
Negligence	NOUN
Negro	ADJ
Nehru	PROPN
Neighborhood	PROPN
Neil	PROPN
Neiman	PROPN
Neither	ADV,CCONJ,DET
Nella	PROPN
Nelson	PROPN
Nemec	PROPN
Neo	PROPN
Neoplatonic	ADJ
Nepal	PROPN
Nepalese	ADJ
Nephew	NOUN
Nepool	PROPN
Neptune	PROPN
Nesbitt	PROPN
Nesf	PROPN
Net	ADJ,PROPN
NetMeeting	PROPN
Netflix	PROPN
Netherlands	PROPN
Network	NOUN,PROPN
Networks	NOUN,PROPN
Neuendorffer	PROPN
Neuralink	PROPN
Neuroscience	NOUN
Neutron	NOUN
Never	ADV
Nevertheless	ADV
Nevis	PROPN
New	ADJ,PROPN
Newark	PROPN
Newbies	NOUN
Newcomer	PROPN
Newer	ADJ
Newman	PROPN
Newport	PROPN
News	NOUN,PROPN
Newsday.com	PROPN
Newspaper	NOUN
Newsweek	PROPN
Newton	PROPN
Next	ADJ,ADV
Ngoc	PROPN
Nguyen	PROPN
Nhut	PROPN
Niagara	PROPN
Nicaragua	PROPN
Nicco	PROPN
Nice	ADJ,PROPN
Nicholas	PROPN
Nichols	PROPN
Nick	PROPN
Nickelodean	PROPN
Nicki	PROPN
Nickinator	PROPN
Nicklaus	PROPN
Nicktendo64	PROPN
Nicobar	PROPN
Nicole	PROPN
Nida	PROPN
Nidd	PROPN
Nie	PROPN
Nierman	PROPN
Nigel	PROPN
Nigeria	PROPN
Night	NOUN,PROPN
Nightmare	NOUN
Nights	PROPN
Nightwing	PROPN
Nigorie	PROPN
Niklaus	PROPN
Nikon	PROPN
Nile	PROPN
Nimr	PROPN
Nina	PROPN
Ninevah	PROPN
Ninth	ADJ
Nirmal	PROPN
Nissan	PROPN
Nitrogen	PROPN
Nivine	PROPN
Nix	PROPN
Nixon	PROPN
Nizhny	PROPN
No	ADV,DET,INTJ
No.	NOUN,PROPN
Noam	PROPN
Nobel	PROPN
Noble	ADJ,PROPN
Nobody	PRON
Noel	PROPN
Noir	PROPN
Noise	NOUN
Nomination	NOUN
Non	ADV,X
Non-Bondad	PROPN
Non-Catholic	ADJ
Non-Proliferation	PROPN
Non-teacher	ADJ
None	PRON
Nonetheless	ADV
Nonna	PROPN
Nonna!	PROPN
Nonpartisan	NOUN
Nook	PROPN
Noori	PROPN
Nope	INTJ
Nor	CCONJ
Nord	PROPN
Nordau	PROPN
Nordic	ADJ
Nordstrom	PROPN
Norma	PROPN
Normalcy	NOUN
Normale	PROPN
North	ADJ,PROPN
Northeast	PROPN
Northern	ADJ
Northumberland	PROPN
Northwest	PROPN
Northwestern	PROPN
Norton	PROPN
Norway	PROPN
Norwegian	ADJ
Norwegians	PROPN
Nostromo	PROPN
Not	PART
Note	NOUN,VERB
Notes	PROPN
Nothing	PRON,PROPN
Nothingness	NOUN
Notice	NOUN,PROPN
Notional	ADJ
Notre	PROPN
Nottingham	PROPN
Nourished	PROPN
Nov	PROPN
Nov.	PROPN
November	PROPN
Novgorod	PROPN
Novotel	PROPN
Now	ADV,INTJ
Nowadays	ADV
Nowhere	ADV
Nowheresville	PROPN
Noyce	PROPN
Nuclear	ADJ
Number	NOUN,PROPN
Numbered	ADJ
Numbers	NOUN
Numero	NOUN
Nunzio	PROPN
Nuremberg	PROPN
Nuria_R_Ibarra@calpx.com	PROPN
Nutley	PROPN
Nylander	PROPN
Nylon	PROPN
O	ADP,INTJ,NOUN
O&M	PROPN
O'Connell	PROPN
O'Connor	PROPN
O'Reilly	PROPN
O'Rourke	PROPN
O'Toole	PROPN
O'clock	NOUN
O.	PROPN
O.J.	PROPN
OBJECTIVES	NOUN
OBL	PROPN
OBSERVATION	NOUN
OBSF	NOUN
OCD	PROPN
ODIHR	PROPN
OER	PROPN
OF	ADP,AUX
OFF	ADP
OFFER	NOUN
OFFICE	PROPN
OFOs	NOUN
OIR	PROPN
OK	ADJ,INTJ,PROPN
OK'd	VERB
OLE	NOUN
OLMEC	PROPN
OLYMPUS	PROPN
OMFG	INTJ
OMG	INTJ
ON	ADP,ADV
ONE	NUM
ONLINE	NOUN,PROPN
ONLY	ADJ,ADV
ONSI	PROPN
OOPS	INTJ
OOTD	INTJ
OPEC	PROPN
OPEN	ADJ,PROPN
OPENING	VERB
OPINION	NOUN
OPPOSE	VERB
OR	CCONJ
ORACLE	PROPN
ORDERS	NOUN
OS	NOUN,PROPN
OSCE	PROPN
OSSOFF	PROPN
OSTRICH	NOUN
OSU	PROPN
OTC	NOUN
OTHER	ADJ
OUT	ADP,ADV
OVER	ADJ,ADP,ADV
OVERALL	ADV
OVERVIEW	NOUN
OWI	NOUN
OWN	ADJ
OWNER	NOUN
Oakley	PROPN
Oasis	PROPN
Oatmeal	NOUN
Oats	PROPN
Obama	PROPN
Oberst	PROPN
Obina	PROPN
Object	NOUN
Objectives	NOUN
Objects	NOUN
Obligation	PROPN
Obscurity	PROPN
Observatory	PROPN
Observed	VERB
Obudu	PROPN
Obviously	ADV
Occupancy	NOUN
Occupation	NOUN
Ocean	PROPN
Ocho	X
Oct	PROPN,X
Oct.	PROPN
October	PROPN
Odense	PROPN
Odette	PROPN
Of	ADP,SCONJ
Off	ADJ,ADP,ADV,NOUN
Offensive	PROPN
Offer	VERB
Offers	VERB
Office	NOUN,PROPN
Officer	NOUN,PROPN
Offices	PROPN
Officials	NOUN
Ofra	PROPN
Often	ADV
Ogden	PROPN
Oglethorpe	PROPN
Oh	INTJ
Oh-ho	INTJ
Ohh	INTJ
Ohio	PROPN
Oija	PROPN
Oil	NOUN,PROPN
Ok	ADJ,INTJ
Okabayashi	PROPN
Okay	INTJ
Okinawa	PROPN
Oklahoma	PROPN
Okmulgee	PROPN
Olbina	PROPN
Old	ADJ
Older	ADJ
Oldham	PROPN
Olgletree	PROPN
Oliveira	PROPN
Oliver	PROPN
Ollie	PROPN
Olmec	ADJ,PROPN
Olsen	PROPN
Olsens	PROPN
Olson	PROPN
Olympic	ADJ
Olympics	PROPN
Olympus	PROPN
Omar	PROPN
Ombre	PROPN
Omnimax	PROPN
On	ADP,SCONJ
Once	ADV,SCONJ
One	NOUN,NUM,PRON,PROPN
Ongoing	ADJ
Onion	PROPN
Online	PROPN
Only	ADJ,ADV
Only.doc	X
Ono	PROPN
Ontario	PROPN
Onward	ADV
Oops	INTJ
Op	PROPN
Open	ADJ,PROPN,VERB
OpenAI	PROPN
Opened	VERB
Opening	VERB
Opera	PROPN
Operandi	NOUN
Operating	VERB
Operation	NOUN,PROPN
Operational	ADJ
Operations	PROPN
Operator	PROPN
Operators	NOUN,PROPN
Opportunity	NOUN
Oppose	VERB
Oprah	PROPN
Optimization	NOUN
Options	NOUN
Opus	PROPN
Or	CCONJ,PROPN
Oracle	PROPN
Orange	ADJ,PROPN
Orchestra	PROPN
Order	NOUN,PROPN
Ordered	VERB
Orders	NOUN
Ordinarily	ADV
Oregon	PROPN
Org	PROPN
Organization	NOUN,PROPN
Oriental	ADJ
Original	ADJ,NOUN
Originally	ADV
Origination	NOUN
Orissa	PROPN
Orla	PROPN
Orlando	PROPN
Orleans	PROPN
Orr	PROPN
Orson	PROPN
Orthodox	ADJ,PROPN
Ortiz	PROPN
Orwell	PROPN
Orwellian	ADJ
Oryana	PROPN
Osage	PROPN
Osama	PROPN
Oscar	PROPN
Osler	PROPN
Oslo	PROPN
Ossendrecht	PROPN
Ostrom	PROPN
Otago	PROPN
Other	ADJ,ADV,NOUN
Others	NOUN
Otherwise	ADV
Otters	PROPN
Ottley	PROPN
Otto	PROPN
Ouija	PROPN
Ouiji	PROPN
Our	PRON
Ouse	PROPN
Out	ADP,ADV,NOUN
Outback	PROPN
Outdated	ADJ
Outer	ADJ
Outfielder	NOUN
Outlaws	PROPN
Outraged	VERB
Outside	ADV
Outstanding	ADJ
Over	ADJ,ADP,ADV
Over-rated	ADJ
Overall	ADJ,ADV
Overcooked	VERB
Overpriced	ADJ
Overtures	NOUN
Owen	PROPN
Owing	VERB
Owls	PROPN
Own	ADJ
Owner	NOUN
Oxford	PROPN
Oxley	PROPN
Oxygen	PROPN
Oz	PROPN
Ozark	PROPN
Ozone	NOUN
Ozymandias	PROPN
O’Reilly	PROPN
P	NOUN,PROPN
P&I	NOUN
P&L	NOUN
P.	PROPN
P.A.	PROPN
P.M	NOUN
P.M.	NOUN
P.O.	NOUN
P.S.	NOUN,X
PA	NOUN,PROPN
PAC	PROPN
PADILLA	PROPN
PAID	VERB
PAINT	VERB
PAL	NOUN
PALS	PROPN
PAQ	NOUN
PARTY	NOUN
PASSWORD	NOUN
PAT	NOUN,PROPN
PATROL	VERB
PAY	VERB
PC	PROPN
PD	PROPN
PDF	NOUN
PDT	NOUN,PROPN
PEANUTS	NOUN
PENNSYLVANIA	PROPN
PEOPLE	NOUN
PEP	NOUN
PEREGRINO	PROPN
PEREGRINate	ADJ
PEREZ	PROPN
PERSON	NOUN
PETSMART	PROPN
PG&E	NOUN,PROPN,X
PGE	PROPN
PGT	NOUN
PHILLY	PROPN
PHONE	NOUN
PHOTOS	NOUN
PHX	PROPN
PIECES	NOUN
PINKERTON	PROPN
PJC	PROPN
PJM	PROPN
PLACE	NOUN
PLAN	NOUN
PLATE	NOUN
PLEASE	INTJ
PLUS	CCONJ
PM	NOUN
PMA	PROPN
PMID	PROPN
PO	NOUN
POA	NOUN
POINTS	NOUN
POLYGAMY	NOUN
PONCHATOULA	PROPN
POP	NOUN
POS	NOUN
POSSIBLE	ADJ
POST	VERB
POV	NOUN
PPI	NOUN
PPL	NOUN
PPM	NOUN
PR	NOUN
PRC	NOUN,PROPN
PRESIDENT	PROPN
PRESS	NOUN,PROPN
PRICE	NOUN
PRICED	X
PRICES	NOUN
PROCEED	VERB
PROCESS	NOUN
PROD	NOUN
PROGRAMS	NOUN
PROTECT	VERB
PROVIDED	VERB
PRS	NOUN
PS	NOUN
PS3	NOUN,PROPN
PS4	NOUN,PROPN
PSP	PROPN
PST	NOUN,PROPN
PT	NOUN
PTA	PROPN
PUC	NOUN
PUCT	PROPN
PUG	PROPN
PUK	PROPN
PUT	VERB
PUTS	NOUN
PX	PROPN
Pablo	PROPN
Pace	PROPN
Pacheco	PROPN
Pachomian	ADJ
Pachomius	PROPN
Pacific	ADJ,PROPN
Pack	PROPN
Package	PROPN
Packard	PROPN
Pacquiao	PROPN
Padalecki	PROPN
Padmasana	NOUN
Paganism	PROPN
Page	NOUN,PROPN
Pager	NOUN
Paget	PROPN
Pahl	PROPN
Paine	PROPN
PaineWebber	PROPN
Painting	PROPN
Paje	PROPN
Pakistan	PROPN
Pakistani	ADJ
Pakistanis	PROPN
Palace	NOUN,PROPN
Palaces	NOUN
Palacio	X
Palatine	PROPN
Palestine	PROPN
Palestinian	ADJ
Palestinians	PROPN
Palette	PROPN
Palk	PROPN
Palm	PROPN
Palmer	PROPN
Palmer@ENRON	X
Palmers	PROPN
Pam	PROPN
Pamphlets	NOUN
Pamplona	PROPN
Pan	NOUN,PROPN
Panama	PROPN
Panamal	PROPN
Panamanian	ADJ
Panda	PROPN
Pandolfi	PROPN
Panel	NOUN
Panera	PROPN
Panjsheri	ADJ
Pannonia	PROPN
Pants	NOUN
Papacy	PROPN
Papafava	PROPN
Papeluna	PROPN
Paper	PROPN
Paperback	PROPN
Papillon	X
Para	NOUN
Para.	NOUN
Para13	X
Paradero	PROPN
Paradise	NOUN
Paradises	PROPN
Paragraph	NOUN
Parakeet	NOUN
Paralympic	ADJ
Paralympics	PROPN
Parama	NOUN
Paramus	PROPN
Paraíso	PROPN
Parcel	PROPN
Parent	NOUN
Parenteau	PROPN
Parents	PROPN
Paris	PROPN
Parish	PROPN
Parisian	ADJ
Parisians	PROPN
Park	PROPN
Parkhill	PROPN
Parking	NOUN
Parks	NOUN,PROPN
Parkway	PROPN
Parliament	PROPN
Parliamentary	ADJ
Parmesan	NOUN,PROPN
Parmigiana	NOUN
Parole	NOUN
Parra	PROPN
Parry	PROPN
Parsi	ADJ
Part	NOUN
Partially	ADV
Participants	NOUN
Particles	NOUN
Particularly	ADV
Parties	NOUN,PROPN
Partnerships	PROPN
Parts	NOUN
Party	NOUN,PROPN
Parvovirus	PROPN
Pasejo	PROPN
Paseo	PROPN,X
Pashtun	ADJ
Pashtuns	PROPN
Pasquallie	PROPN
Pass	VERB
Passage	NOUN
Passages	PROPN
Passcode	NOUN
Passion	NOUN,PROPN
Passive	ADJ
Password	NOUN
Past	ADJ
Pasta	NOUN
Pastor	NOUN
Pastorino	PROPN
Pat	PROPN
Patel	PROPN
Patel@ENRON	X
Patent	NOUN
Path	PROPN
Pathways	NOUN
Patience	NOUN
Patio	PROPN
Patricia	PROPN
Patrick	PROPN
Patriot	PROPN
Patriotism	NOUN
Patrizia	PROPN
Patrons	NOUN
Patterson	PROPN
Patty	PROPN
Paul	PROPN
Paula	PROPN
Paulo	PROPN
Pauvre	PROPN
Pawtucket	PROPN
Pax	PROPN
Pay	VERB
Payment	NOUN
Payne	PROPN
Pea	NOUN
Peace	NOUN,PROPN
Peacekeeping	PROPN
Peach	PROPN
Peachstate	PROPN
Peanutjake	PROPN
Pearl	PROPN
Peas	NOUN
Pediatricians	PROPN
Pediatrics	PROPN
Pedicures	NOUN
Peekaboo	PROPN
Peels	NOUN
Peer	NOUN
Peggy	PROPN
Peking	PROPN
Pellegrino	PROPN
Pelosi	PROPN
Pemex	PROPN
Pen	PROPN
Penalosa	PROPN
Pending	NOUN
Peninsula	PROPN
Penman	PROPN
Penn	PROPN
Pennsylvania	PROPN
Penny	NOUN
Pennysaver	PROPN
Pentagon	PROPN
People	NOUN,PROPN
Peoples	NOUN
Peoria	PROPN
Per	ADP,PROPN
Percell	PROPN
Percell,	X
Percentage	NOUN
Percentiles	NOUN
Peres	PROPN
Perez	PROPN
Perfect	ADJ
Performance	NOUN
Perhaps	ADV
Period	NOUN
Perkins	PROPN
Perle	PROPN
Permanent	ADJ
Permian	PROPN
Permits	NOUN
Perold	PROPN
Perry@ENRON_DEVELOPMENT	X
Perseverance	NOUN
Persia	PROPN
Persian	ADJ,PROPN
Persians	PROPN
Personal	ADJ
Personality	NOUN,PROPN
Personally	ADV
Perspective	NOUN
Pervaiz	PROPN
Pervez	PROPN
Pescheux	PROPN
Pet	PROPN
PetSmart	PROPN
Pete	PROPN
Peter	PROPN,X
Peters	PROPN
Petersburg	PROPN
Petersen	PROPN
Peterson	PROPN
Petit	PROPN
Petite	PROPN
Petrarch	PROPN
Petri	PROPN
Petroleum	PROPN
Petronios	PROPN
Petruck	PROPN
Petsmart	PROPN
Pew	PROPN
Pewter	NOUN
Ph.	NOUN
Ph.D.	NOUN,PROPN
PhD	NOUN,PROPN
Phantome	PROPN
Pharisaical	ADJ
Pharrell	PROPN
Phat	ADJ
Phbow	PROPN
Pheasant	NOUN
Phenology	NOUN
Phet	PROPN
Philadelphia	PROPN
Philip	PROPN
Philipe	PROPN
Philipines	PROPN
Philippine	ADJ
Philippines	PROPN
Phillip	PROPN
Phillips	PROPN
Philly	PROPN
Philology	PROPN
Philonise	PROPN
Philosophiae	PROPN
Philosophy	NOUN
Phnoum	PROPN
Pho	NOUN,PROPN
Pho-nomenal	ADJ
Phoebe	PROPN
Phoenix	PROPN
Phone	NOUN
Phonologie	PROPN
Photo	NOUN
Photographic	ADJ
Photographs	NOUN,PROPN
Photography	NOUN
Photos	NOUN
Phrase	NOUN
Phuket	PROPN
Phy	NOUN
Phyllis	PROPN
Physios	NOUN
Physiotherapists	NOUN
Pi	PROPN
Piaget	PROPN
Pian	PROPN
Picasa	PROPN
Picasso	PROPN
Piccadilla	PROPN
Piccadilly	PROPN
Pickle	PROPN
Pico	PROPN
Picture	NOUN,PROPN,VERB
Pictures	NOUN
Pierre	PROPN
Pig	NOUN
Pigs	PROPN
Pik-wan	PROPN
Pike	PROPN
Pilates	NOUN,PROPN
Pilot	PROPN
Pimentel	PROPN
Pin	NOUN
Pink	ADJ
Pinot	PROPN
Pinotage	PROPN
Pinto	PROPN
Pinturricchio	PROPN
Pioneer	NOUN,PROPN
Pioneers	NOUN,PROPN
Piotrkowska	PROPN
Pirates	PROPN
Pisa	PROPN
Pisces	PROPN
Pistorius	PROPN
Pitch	NOUN
Pitney	PROPN
Pitre	PROPN
Pitt	PROPN
Pittsburgh	PROPN
Pixar	PROPN
Pixel	NOUN
Pizza	NOUN,PROPN
Plac	PROPN
Place	NOUN,PROPN,VERB
Places	NOUN,PROPN
Placid	ADJ
Plague	PROPN
Plains	PROPN
Plan	NOUN,PROPN
Planet	PROPN
Planning	PROPN,VERB
Plans	NOUN,PROPN
Plant	PROPN
Plantation	PROPN
Plants	NOUN,PROPN
Plaskitt	PROPN
Plaster	NOUN
Plastic	NOUN
Plate	NOUN
Plateau	PROPN
Platt	PROPN
Platter	NOUN
Play	PROPN,VERB
PlayStation	PROPN
Playhouse	PROPN
Plays	PROPN
Playstation	PROPN
Plaza	PROPN
Please	INTJ
Plenty	NOUN
Plonsky	PROPN
Plot	NOUN
Plt	NOUN
Plucker	PROPN
Plus	CCONJ,PROPN
Pluto	PROPN
PoP	NOUN
Podcast	PROPN
Poet	NOUN,PROPN
Poibeau	PROPN
Point	NOUN,PROPN
Pointe	PROPN
Points	NOUN
Poisonous	ADJ
Poisson	PROPN
Poitiers	PROPN
Poland	PROPN
Polansky	PROPN
Polaris	PROPN
Polaroid	PROPN
Polaroids	PROPN
Polat	PROPN
Police	NOUN,PROPN
Policemen	NOUN
Policing	PROPN
Policy	NOUN,PROPN
Polio	PROPN
Polish	ADJ
Political	ADJ
Politically	ADV
Politics	PROPN
Polk	PROPN
Poll	VERB
Polmar	PROPN
Polo	PROPN
Polykron	PROPN
Pomodoro	PROPN
Pomper	PROPN
Pompey	PROPN
Ponce	PROPN
Ponchatoula	PROPN
Pond	PROPN
Pool	PROPN
Pools	NOUN
Poor	ADJ
Pop	ADJ,NOUN,PROPN
Pope	PROPN
Populaire	PROPN
Popup	NOUN
Porch	PROPN
Porpoise	PROPN
Port	PROPN
Porte	PROPN
Portland	PROPN
Portrait	NOUN
Portsmouth	PROPN
Portugal	PROPN
Portugese	ADJ
Posada	PROPN
Poseidon	PROPN
Position	NOUN
Positioning	PROPN
Posselt	PROPN
Possibilities	NOUN
Possible	ADJ
Possibly	ADV
Post	PROPN
Postal	ADJ
Postdoctoral	ADJ
Posted	VERB
Posts	NOUN
Post–Revolutionary	PROPN
Potatoes	NOUN
Potential	ADJ
Poterin	PROPN
Potidea	PROPN
Potter	PROPN
Potters	NOUN
Pottstown	PROPN
Potty	NOUN
Pound	NOUN
Pounds	NOUN
Poverty	PROPN
Powder	NOUN
Powell	PROPN
Power	NOUN,PROPN
Powers	PROPN
Powersports	PROPN
Prabhakaran	PROPN
Practice	NOUN,PROPN
Practicing	VERB
Prague	PROPN
Praise	NOUN
Pratt	PROPN
Praying	VERB
Pre	VERB
Preachers	NOUN
Preamble	NOUN
Prearranged	VERB
Pred	PROPN
Prejudice	PROPN
Premadasa	PROPN
Premier	PROPN
Prensky	PROPN
Prepare	VERB
Preparedness	NOUN
Presciently	ADV
Prescott	PROPN
Preseason	NOUN
Present	ADJ
Presentation	NOUN,PROPN
Presented	VERB
Preserves	VERB
Presidency	PROPN
President	NOUN,PROPN
Presidential	ADJ
Presidents	NOUN
Press	NOUN,PROPN
Prestige	PROPN
Presto	PROPN
Preston	PROPN
Pretty	ADV
Prevent	VERB
Prevention	PROPN
Preview	VERB
Previous	ADJ
Previously	ADV
Price	NOUN,PROPN
Prices	NOUN
Pricing	X
Pride	PROPN
Priest	PROPN
Priests	PROPN
Primary	X
Prime	ADJ,PROPN
Primetime	PROPN
Prince	PROPN
Princess	PROPN
Princeton	PROPN
Principal	NOUN
Principia	PROPN
Principles	PROPN
Print	VERB
Printing	PROPN
Prints	PROPN
Prior	ADV
Priorities	NOUN
Priscilla	PROPN
Pritzker	PROPN
Privacy	NOUN
Private	ADJ
Privatization	NOUN
Privatize	VERB
Prize	PROPN
Pro-Beijing	ADJ
ProPublica	PROPN
Probably	ADV
Probing	VERB
Problem	NOUN,PROPN
Proceedings	PROPN
Process	NOUN,PROPN
Processing	NOUN
Procurement	NOUN
Prod	NOUN
Produce	NOUN
Producer	NOUN
Producers	PROPN
Product	NOUN
Production	NOUN,PROPN
Products	NOUN,PROPN
Prof.	PROPN
Professional	ADJ
Professor	NOUN,PROPN
Professors	PROPN
Profit	NOUN
Program	NOUN,PROPN
Programs	NOUN,PROPN
Progress	NOUN
Progressive	ADJ
Project	NOUN,PROPN
Projected	VERB
Proletariat	PROPN
Prom	PROPN
Prominent	ADJ
Promised	VERB
Promote	VERB
Prompt	ADJ
Prompted	VERB
Pronounced	VERB
Property	NOUN,PROPN
Prophet	PROPN
Proposal	NOUN,X
Proposal.xls	NOUN
Proposed	VERB,X
Proposes	VERB
Proposition	NOUN
Pros	NOUN,PROPN
Prosperity	PROPN
Protect	VERB
Protection	PROPN
Protestant	ADJ,PROPN
Protestants	PROPN
Protocol	NOUN,PROPN
Prototypes	NOUN
Prove	VERB
Provide	VERB
Provided	VERB
Providence	PROPN
Provides	VERB
Province	PROPN
Provisions	NOUN
Proxy	PROPN
Prudential	ADJ
Prussia	PROPN
Psalmist	PROPN
Psalms	PROPN
Psychiatry	PROPN
Psychology	NOUN,PROPN
Public	ADJ,NOUN,PROPN
Publications	NOUN,PROPN
Publishers	PROPN
Publishing	PROPN
Pubs	PROPN
Pueblo	PROPN
Puerto	PROPN
Puff	PROPN
Pull	VERB
Pump	PROPN
Pune	PROPN
Puppet	PROPN
Purchase	NOUN
Pure	ADJ
Puritanical	ADJ
Purple	ADJ
Purpose	NOUN
Pursuant	ADJ
Pursuing	VERB
Pursuit	PROPN
Purus'a	NOUN
Push	VERB
Put	VERB
Putin	PROPN
Putting	VERB
Puttino	PROPN
Pygmalion	PROPN
Pyramid	PROPN
Pyrenees	PROPN
Python	NOUN
Q	NOUN,PROPN
Q1	NOUN
QFs	NOUN
QLD	PROPN
QUESO	NOUN
QUESTIONS	NOUN
QUIETEST	ADJ
Qa'ida	PROPN
Qadoos	PROPN
Qaeda	PROPN
Qaim	PROPN
Qalansia	PROPN
Qanooni	PROPN
Qapu	PROPN
Qasim	PROPN
Qatar	PROPN
Qinkuang	PROPN
Quaddaffi	PROPN
Quadra	NOUN
Quaid	PROPN
Quaint	ADJ
Qualified	ADJ
Quality	NOUN
Quantcast	PROPN
Quantity	NOUN
Quarter	NOUN,PROPN
Quartiles	NOUN
Quat	PROPN
Que.	PROPN
Quebec	PROPN
Quebecker	PROPN
Queen	PROPN
Querelle	PROPN
Queso	NOUN
Questar	PROPN,X
Question	NOUN
Questions	NOUN,PROPN
Quetta	PROPN
Quetzalcoatl	PROPN
Quick	ADJ,PROPN
QuickenLoans	PROPN
Quickly	ADV
QuikTrip	PROPN
Quilis	PROPN
Quimba	PROPN
Quinto	PROPN
Quit	VERB
Quixote	PROPN
Qwest	PROPN
Qāpū	PROPN
R	AUX,PROPN,X
R&D	NOUN
R.	PROPN
R.I	PROPN
RA	PROPN
RAC	NOUN
RADISON	PROPN
RAFAEL	PROPN
RAFFLE	NOUN
RAPED	VERB
RAPHAEL	PROPN
RASER	PROPN
RAW	PROPN
RBI	NOUN
RBIs	NOUN
RDBMS	PROPN
RE	ADP
REAAAALLY	ADV
READ	VERB
REAL	ADJ,ADV
REALLY	ADV
REALY	ADV
RECORD	NOUN
REFUNDABLE	ADJ
RELEASE	NOUN
RELEASES	NOUN
RELIGIOUS	ADJ
REMARK	NOUN
REMEMBER	VERB
REPORT	NOUN
REPORTED	VERB
RER	PROPN
RESTAURANT	NOUN
RETAIL	NOUN
RETURNED	VERB
REWARDED	VERB
REsearch	PROPN
RFI	NOUN
RI	PROPN
RIGHT	ADV
RIP	INTJ
RNR	NOUN
ROADHOUSE	PROPN
ROBERT	PROPN
ROCKERS	PROPN
RODERIGO	PROPN
ROLLS	NOUN
ROM	NOUN
ROMAN	ADJ
ROMs	NOUN
ROOMATES	NOUN
ROOMING	VERB
ROS	PROPN
ROV	NOUN
ROW	NOUN
RP	NOUN
RSS	PROPN
RTE	PROPN
RTO	PROPN
RUDE	ADJ
RUTH	PROPN
RUY	PROPN
RVS	PROPN
Rabbits	NOUN
Race	PROPN
Rachel	PROPN
Rachels	PROPN
Racing	PROPN
Rack	PROPN
Radcliffe	PROPN
Radianz	PROPN
Radiation	NOUN,PROPN
Radio	PROPN
Radison	PROPN
Rae	PROPN
Rafik	PROPN
Raging	VERB
Rahman	PROPN
Rail	PROPN
Raina	PROPN
Rainer	PROPN
Rains	PROPN
Rajavis	PROPN
Rajiva	PROPN
Raleigh	PROPN
Ralph	PROPN
Ram	PROPN
Ramadi	PROPN
Ramona	PROPN
Ramos	PROPN
Rams	PROPN
Ramsay	PROPN
Ramtanu	PROPN
Ramzi	PROPN
Ranasinghe	PROPN
Rance@ENRON	X
Randy	PROPN
Rangatira	PROPN
Range	PROPN
Ranger	NOUN,PROPN
Rangers	NOUN
Rangott	PROPN
Ranja	PROPN
Ranjit	PROPN
Rank	NOUN
Ranong	PROPN
Rap	PROPN
Rapid	ADJ
Rasmussen	PROPN
Raspberry	PROPN
Rat	PROPN
Rate	VERB
Rated	VERB
Rates	NOUN,X
Rathbun	PROPN
Rather	ADV,PROPN
Rathke	PROPN
Rating	NOUN
Rationalist	ADJ
Rats	NOUN
Rauschenberg	PROPN
Raw	ADJ
Rawalpindi	PROPN
Ray	PROPN
Raymond	PROPN
Rays	PROPN
Razak	PROPN
Razaq	PROPN
Rcommended	VERB
Re	ADP
Re(a)d	ADJ
Re-interviewed	VERB
Reactive	ADJ
Read	VERB
Readers	NOUN
Ready	ADJ
Reagan	PROPN
Real	ADJ,ADV
Realism	NOUN
Realists	NOUN
Really	ADV
Realtime	ADJ
Realtors	PROPN
Realty	PROPN
Reason	NOUN
Reasonable	ADJ
Reasons	PROPN
Rebecca	PROPN
Rebellion	PROPN
Recall	VERB
Receipt	NOUN
Recent	ADJ
RecentChangesCamp	PROPN
Recently	ADV
Reception	NOUN
Recognition	PROPN
Recognize	VERB
Recommend	VERB
Recommendations	NOUN
Recommended	VERB
Record	NOUN,PROPN
Records	NOUN
Recovery	NOUN
Recreational	ADJ
Recruiting	NOUN,X
Rector	NOUN
Recuperation	PROPN
Red	ADJ,NOUN,PROPN
Rediscovered	VERB
Reduced	VERB
Redwood	NOUN
Rees	PROPN
Reference	NOUN
Reflection	NOUN
Reform	PROPN
Refugee	PROPN
Refugees	PROPN
Refusing	VERB
Regarding	VERB
Regardless	ADV
Regards	NOUN
Regency	PROPN
Regenesis	PROPN
Regent	PROPN
Reggie	PROPN
Regina	PROPN
Region	PROPN
Regional	ADJ
Register	PROPN
Registrar	PROPN
Regular	ADJ
Regularity	PROPN
Regulatory	ADJ
Rehabilitation	PROPN
Rehe	PROPN
Reich	PROPN
Reilly	PROPN
Reine	PROPN
Reinstein	PROPN
Reinvestment	PROPN
Rekohu	PROPN
Related	ADJ
Relatedly	ADV
Relations	PROPN
Relativism	NOUN
Release	NOUN
Releases	X
Relevant	ADJ
Reliant	PROPN
Relief	NOUN,PROPN
Religion	NOUN,PROPN
Religious	ADJ
Relleno	NOUN
Rem	PROPN
Remain	VERB
Remarkably	ADV
Remarks	NOUN
Remedies	NOUN
Remember	VERB
Reminder	NOUN
Remove	VERB
Removes	VERB
Renaissance	PROPN
Rendy	PROPN
Renee	PROPN
Rent	PROPN,VERB
Rental	ADJ
Renton	PROPN
Repair	NOUN
Replication	NOUN
Reply	VERB
Report	NOUN,PROPN
Reporters	PROPN
Reporting	PROPN,VERB
Reports	NOUN
Represent.com	PROPN
Representation	NOUN
Representative	NOUN,PROPN
Representatives	PROPN
Reps.	NOUN
Repsitun	PROPN
Repubblica	PROPN
Republic	NOUN,PROPN
Republican	ADJ,PROPN
Republicans	PROPN
Republics	NOUN,PROPN
Requests	NOUN
Requiring	VERB
Research	NOUN,PROPN,VERB
ResearchGate	PROPN
Researchers	NOUN
Reservation	NOUN
Reserve	PROPN
Reserves	PROPN
Residential	ADJ
Residents	NOUN
Residual	ADJ
Resign	VERB
Resilience	NOUN
Resolution	NOUN,PROPN
Resort	PROPN
Resource	NOUN
Resources	PROPN
Respect	NOUN
Respectfully	ADV
Response	NOUN
Responses	NOUN
Ressam	PROPN
Rest	PROPN
Restaurant	PROPN
Restaurants	NOUN
Resting	NOUN
Restoration	NOUN
Restore	VERB
Restored	VERB
Restructuring	NOUN,PROPN
Results	NOUN
Resume	X
Retired	ADJ
Retiring	VERB
Return	NOUN,VERB
Reuters	PROPN
Rev.	PROPN
Revell	PROPN
Revenue	NOUN,PROPN
Revenues	NOUN
Review	NOUN,PROPN
Reviews	NOUN
Revised	VERB
Revisited	PROPN
Revocation	NOUN
Revolution	PROPN
Revolutionary	ADJ
Reward	NOUN
Rewind	PROPN
Reymont	PROPN
Reynolds	PROPN
Reza	PROPN
Rgds	NOUN
Rhee	PROPN
Rhino	PROPN
RhodeRunner	PROPN
Rhodes	PROPN
Rhonda	PROPN
Rhythm	NOUN
Rib	PROPN
Ribs	NOUN
Ric	PROPN
Rice	PROPN
Rice@ENRON	X
Rich	PROPN
Richard	PROPN
Richards	PROPN
Richardson	PROPN
Richmond	PROPN
Rick	PROPN
Rickenbacker	PROPN
Rico	PROPN
Ride	PROPN
Rider	PROPN
Riders	NOUN
Ridge	PROPN
Ridiculousness	PROPN
Riding	PROPN
Riedell	PROPN
Riggins	PROPN
Right	ADJ,ADV,INTJ,NOUN,PROPN
Rights	NOUN,PROPN,X
Rina	PROPN
Rinascimento	PROPN
Ring	PROPN
Rio	PROPN
Rip	NOUN
Ripple	PROPN
Rise	VERB
Rishi	PROPN
Risk	NOUN,PROPN
Ristorante	PROPN
Rittenhouse	PROPN
River	PROPN
Rivers	PROPN
Riverside	PROPN
Rivertrail	PROPN
Ro-	INTJ
Road	PROPN
Roadhouse	PROPN
Roaring	VERB
Rob	PROPN
Robbi	PROPN
Robbie	PROPN
Robert	PROPN
Roberto	PROPN
Roberts	PROPN
Robertson	PROPN
Robin	PROPN
Robinson	PROPN
Robogee	PROPN
Robot	PROPN
Robsart	PROPN
Rocca	PROPN
Rochester	PROPN
Rock	NOUN,PROPN
Rockies	PROPN
Rockin	PROPN
Rocks	NOUN,VERB
Rocky	ADJ,PROPN
Rod	PROPN
Rodaba	PROPN
Rodents	NOUN
Rodney	PROPN
Roger	PROPN
Rogers	PROPN
Rohatgi	PROPN
Rohingya	PROPN
Roll	NOUN,PROPN
Rolled	VERB
Rolling	VERB
Rolls	NOUN,VERB
Roman	ADJ,PROPN
Romance	NOUN
Romania	PROPN
Romanick	PROPN
Romans	PROPN
Rome	PROPN
Romelu	PROPN
Romeo	PROPN
Ron	PROPN
Ronald	PROPN
Rond	PROPN
Ronn	PROPN
Roofing	PROPN
Room	NOUN,PROPN
Roomers	NOUN
Rooms	NOUN
Roosevelt	PROPN
Roosters	NOUN
Rosa	PROPN
Rosalee	PROPN
Rosario	PROPN
Rose	NOUN,PROPN
Rosebud	PROPN
Rosemary	PROPN
Rosemont	PROPN
Ross	PROPN
Rossi	PROPN
Rotarua	PROPN
Rothko	PROPN
Rotorua	PROPN
Rouault	PROPN
Rough	ADJ
Round	ADJ,PROPN
Rouse	PROPN
Route	PROPN
Rove	PROPN
Rover	PROPN
Row	NOUN
Roy	PROPN
Royal	ADJ
Royale	ADJ
Rs	SYM
Rt	PROPN
Rubell	PROPN
Ruby	PROPN
Rude	ADJ
Rudolf	PROPN
Rueda	PROPN
Rufinus	PROPN
Rugova	PROPN
Ruhollah	PROPN
Ruiz	PROPN
Rulan	PROPN
Rule	NOUN,PROPN,X
Rules	NOUN
Rummy	PROPN
Rumor	NOUN
Rumsfeld	PROPN
Run	PROPN,VERB
Runs	NOUN
Ruona	PROPN
RusAmArts@aol.com	PROPN
Ruse	PROPN
Rusk	PROPN
Russ	PROPN
Russell	PROPN
Russia	PROPN
Russian	ADJ,PROPN
Russians	PROPN
Rusted	VERB
Rutgers	PROPN
Ruth	PROPN
Ruy	PROPN
Ryan	PROPN
Ryder	PROPN
S	AUX,NOUN,PART,PROPN
S&M	NOUN
S&S	NOUN
S-	INTJ
S.	PROPN
S.A.	PROPN
S.D.	PROPN
S1	PROPN
S65	SYM
S@P	NOUN
SA	PROPN
SAC-D	PROPN
SACRAMENTO	PROPN
SAID	VERB
SALAD	NOUN
SALLY	PROPN
SALOON	PROPN
SAM	PROPN
SAME	ADJ
SAMPLE.DOC	NOUN
SAMUEL	PROPN
SAP	NOUN,PROPN
SARA	PROPN
SARS	PROPN
SARS-CoV-2	PROPN
SAT	PROPN
SAY	VERB
SAYS	VERB
SBA	PROPN
SCAM	NOUN
SCAMMERS	NOUN
SCAP-22-368	PROPN
SCBA	PROPN
SCE	PROPN
SCHEDULE	X
SCIENTIST	NOUN
SCIRI	PROPN
SCLED	NOUN
SCREENS	NOUN
SCUD	PROPN
SD	PROPN
SDG&E	PROPN
SDGs	PROPN
SE	PROPN
SEA	NOUN
SEATS	NOUN
SEC	PROPN
SECOND	ADJ
SECTIONS	NOUN
SEEMS	VERB
SELL	VERB
SENATE	PROPN
SEO	NOUN
SEP	PROPN
SEQUENCE	NOUN
SERIOUSLY	ADV
SERVICE	NOUN
SERVICES	PROPN
SETI	PROPN
SF	PROPN
SHE	PRON
SHIT	NOUN
SHOCK	PROPN
SHOCKED	ADJ
SHOULD	AUX
SHOWS	VERB
SHU	NOUN
SI	NOUN,PROPN
SIAM	PROPN
SJ	PROPN
SJC	PROPN
SLFMR	PROPN
SMALL	ADJ
SMAP	PROPN
SMART	ADJ
SMOKE	NOUN
SMOS	PROPN
SMS	NOUN,VERB
SMSU	PROPN
SNAP	PROPN
SNY	PROPN
SO	ADV
SOFTware	NOUN
SOL	PROPN
SOLAS	PROPN
SOLVE	VERB
SOMEthing	PRON
SOO	PROPN
SORRY	ADJ
SOUND	PROPN
SOUTH	ADJ,PROPN
SPAR	PROPN
SPARKS	PROPN
SPECIAL	ADJ
SPEECH	NOUN
SPICES	NOUN
SPLOID.com	PROPN
SPM	PROPN
SPRDOPT	NOUN
SPRING	NOUN
SQL	PROPN
SRD	PROPN
SS	NOUN
SS-N-22	PROPN
SSA	PROPN
SSD	NOUN
SSRIs	NOUN
SSS	NOUN
SST	NOUN
ST	PROPN
STANDING	VERB
STAR	PROPN
START	NOUN,PROPN
STARZZ	PROPN
STATEMENTS	NOUN
STAY	VERB
STEAK	NOUN
STEALING	VERB
STEP	NOUN
STEPS	NOUN
STILL	ADV
STONER	NOUN
STOP	VERB
STORE	NOUN
STORM	PROPN
STORY	NOUN
STREET	NOUN,PROPN
STUDY	NOUN
STUDYING	NOUN
STUFF	NOUN
SUCH	ADJ
SUCKS	VERB
SUITABLE	ADJ
SUN	PROPN
SUNY	PROPN
SUPER	ADV
SUPPOSEDLY	ADV
SUPREME	ADJ
SUSHI	NOUN
SUT	NOUN
SUV	NOUN,PROPN
SW	PROPN
SWG	PROPN
Sa-	INTJ
Sabeer	PROPN
Sabine	PROPN
Sabunji	PROPN
Sacco	PROPN
Sacks	PROPN
Sacramento	PROPN
Sacre	PROPN
Sacred	ADJ
Sadat	PROPN
Saddam	PROPN
Saddamites	PROPN
Sadr	PROPN
Safari	PROPN
Safavid	PROPN
Safer	ADJ
Safety	PROPN
Saffavid	PROPN
Sage	PROPN
Sagittarius	PROPN
Sahaf	PROPN
Sahhaf	PROPN
Said	PROPN
Saikaku	PROPN
Sailing	VERB
Saint	PROPN
Sainte	PROPN
Saintes	PROPN
Saintly	ADJ
Saints	PROPN
Salad	NOUN
Salafi	PROPN
Salah	PROPN
Salama	PROPN
Salary	NOUN,PROPN
Salazar	PROPN
Saleh	PROPN
Salem	PROPN
Sales	NOUN
Salikh	PROPN
Salinity	NOUN
Sally	PROPN
Salmagundi	PROPN
Salon	NOUN
Salsa	NOUN
Salt	NOUN,PROPN
Saltford	PROPN
Saltillo	PROPN
Sam	PROPN
SamChawk@aol.com	PROPN
Same	ADJ
Samoa	PROPN
Samuel	PROPN
San	PROPN
Sana'a	PROPN
Sanborn	PROPN
Sancho	PROPN
Sanctified	PROPN
Sand	PROPN
Sandalwood	NOUN
Sandeep	PROPN
Sanders	PROPN,X
Sandi	PROPN
Sandra	PROPN
Sands	PROPN
Sandwiches	PROPN
Sandy	PROPN
Sanskrit	PROPN
Santa	PROPN
Santo	PROPN
Santorum	PROPN
Santos	PROPN
Sanwiches	NOUN
Sanzio	PROPN
Sao	PROPN
Sapulpa	PROPN
Sara	PROPN
Sarah	PROPN
Saratoga	PROPN
Sardica	PROPN
Sarhid	PROPN
Sasquatch	PROPN
Sassanid	PROPN
Sassi	PROPN
Sat	PROPN
Sat.	PROPN
Satan	PROPN
Satanic	ADJ
Satanism	PROPN
Satanists	PROPN
Satellite	PROPN
Satisfactory	ADJ
Satisfied	ADJ
Saturday	PROPN
Saturdays	PROPN
Saturn	PROPN
Saucey	PROPN
Saudi	ADJ
Saudis	PROPN
Sausage	NOUN
Sauvignon	PROPN
Savage	PROPN
Savannah	PROPN
Save	VERB
Savier	PROPN
Saviour	NOUN,PROPN
Saw	VERB
Saxby	PROPN
Say	VERB
Saying	VERB
Says	VERB
Sc.	NOUN
Scallops	NOUN
Scalzo	PROPN
Scampi	NOUN
Scarne	PROPN
Scary	ADJ
Scene	NOUN
Scenic	ADJ,PROPN
Schadenfreude	X
Schedule	NOUN,VERB
Scheffer	PROPN
Schenectady	PROPN
Scheuer	PROPN
Schmidt	PROPN
Scholars	PROPN
Scholarship	PROPN
Schonwetter	PROPN
School	NOUN,PROPN
Schott	PROPN
Schwa	PROPN
Schwartzenburg@ENRON_DEVELOPMENT	X
Schwarzschild	PROPN
Sci	PROPN
Science	NOUN,PROPN
Sciences	PROPN
Scientific	ADJ
Scientist	PROPN
Scientists	NOUN
Scientologist	PROPN
Scientology	PROPN
Scientology.org	PROPN
Scipio	PROPN
Scordia	PROPN
Scorpio	PROPN
Scot	PROPN
Scotland	PROPN
Scots	PROPN
Scotsman	PROPN
Scott	PROPN
Scottish	ADJ,PROPN
Scottsdale	PROPN
Scouts	PROPN
Scratch	VERB
Scribners	PROPN
Scripture	PROPN
Scriptures	PROPN
Sculpture	PROPN
Sea	NOUN,PROPN
Seaboard	PROPN
Seals	NOUN
Sean	PROPN
Sean.Cooper@ElPaso.com	PROPN
Sear's	PROPN
Search	NOUN,VERB
Searcher	PROPN
Seas	PROPN
Seats	NOUN
Seattle	PROPN
Sec.	NOUN
Second	ADJ,ADV,PROPN
Secondly	ADV
Secret	ADJ,NOUN
Secretariat	PROPN
Secretary	NOUN,PROPN
Secretive	ADJ
Sectarian	ADJ
Section	NOUN,PROPN
Sector	NOUN
Secular	ADJ
Secunia.com	PROPN
Securities	NOUN,PROPN
Security	NOUN,PROPN
See	VERB
Seed	NOUN
Seeing	VERB
Seems	VERB
Sehar	PROPN
Seidensticker	PROPN
Seince	SCONJ
Seinfeld	PROPN
Seis	X
Seized	VERB
Seizures	NOUN
Selah	PROPN
Select	ADJ
Seleznov	PROPN
Self	NOUN
Self/less	PROPN
Seller	NOUN
Selling	ADJ
Sells	PROPN
Semantics	PROPN
Sempra	PROPN
Sen.	PROPN
Senabre	PROPN
Senate	PROPN
Senator	NOUN,PROPN
Senators	NOUN,PROPN
Send	VERB
Senegal	PROPN
Senior	ADJ
Sensations	NOUN
Sense	NOUN
Sensor	PROPN
Sent	VERB
Seoul	PROPN
Separate	ADJ
Separated	VERB
Separately	ADV
Separating	VERB
Sept	PROPN
Sept.	PROPN
September	PROPN
Sequences	NOUN
Sera	PROPN
Serbia	PROPN
Sergey	PROPN
Series	PROPN
Seriously	ADV
Serotonin	NOUN
Serpent	PROPN
Server	NOUN
Serves	VERB
Service	NOUN,PROPN
Services	NOUN,PROPN
Services.DOC	NOUN
Services.doc	NOUN
Serving	VERB
Sesame	PROPN
Set	VERB
Seth	PROPN
Setoff	NOUN
Settlement	NOUN,X
Settlements	NOUN
Settlers	NOUN
Seven	NUM,PROPN
Seventeen	NUM
Several	ADJ
Severin	PROPN
Sevil	PROPN
Seville	PROPN
Sewerage	PROPN
Sex	NOUN
Sexual	ADJ
Sf	PROPN
Sh-	INTJ
Sha'lan	PROPN
Shackleton	PROPN
Shackleton@ECT	X
Shadow	PROPN
Shady	PROPN
Shag	PROPN
Shaganon	PROPN
Shah	PROPN
Shahid	PROPN
Shahshahan	PROPN
Shaikh	PROPN
ShakataGaNai	PROPN
Shakespeare	PROPN
Shakespearean	ADJ
Shakspere	PROPN
Shalev	PROPN
Shall	AUX
Shamanism	PROPN
Shames	PROPN
Shandao	PROPN
Shane	PROPN
Shankbone	PROPN
Shankman	PROPN
Shanks	NOUN
Shanlyn	PROPN
Shanna	PROPN
Shannon	PROPN
Shapiro	PROPN
Sharayu	PROPN
Share	PROPN,VERB
Sharif	PROPN
Sharjah	PROPN
Sharon	PROPN
Sharq	PROPN
Shaw	PROPN
Shawna	PROPN
Shawnta	PROPN
Shawntas	PROPN
Shaykh	PROPN
She	PRON
Shea	PROPN
Shebaa	PROPN
Shee	PROPN
Sheer	ADJ
Sheet	NOUN
Sheffield	PROPN
Sheik	PROPN
Sheikh	PROPN
Sheikhs	NOUN
Sheila	PROPN
Shek	PROPN
Shelf	PROPN
Shelia	PROPN
Shell	PROPN
Shemin	PROPN
Shenzhou	PROPN
Shep	PROPN
Shepherd	NOUN,PROPN
Sheraton	PROPN
Sheriff	NOUN,PROPN
Sherrar	PROPN
Sherri	PROPN
Sherry	PROPN
Shi'ite	ADJ
Shia	ADJ,PROPN
Shield	PROPN
Shih	NOUN,PROPN
Shiite	ADJ
Shiites	PROPN
Shikibu	PROPN
Shimon	PROPN
Shin-Wook	PROPN
Shindand	PROPN
Shippers	NOUN
Shiraz	PROPN
Shires	PROPN
Shit	INTJ
Shiu	PROPN
Shona	PROPN
Shop	NOUN,VERB
Shopping	PROPN
Shore	PROPN
Short	ADJ,ADV,PROPN
Shortages	NOUN
Shorts	NOUN
Shortstop	NOUN
Shorty	PROPN
Shots	PROPN
Should	AUX
Shows	NOUN
Shrek	PROPN
Shreveport	PROPN
Shrii	PROPN
Shrimp	NOUN
Shrodinger	PROPN
Shucks	INTJ
Shukrijumah	PROPN
Shuttle	NOUN
Sibley	PROPN
Sicilian	ADJ
Sicily	PROPN
Siddiqui	PROPN
Sidenote	NOUN
Siege	PROPN
Siegel	PROPN
Sierra	PROPN
Siete	X
Sigh	INTJ
Sigler	PROPN
Sign	VERB
Signac	PROPN
Signature	PROPN
Signed	VERB
Significant	ADJ
Significantly	ADV
Signoffs	NOUN
Signs	NOUN,PROPN
Sikkim	PROPN
Sikong	PROPN
Silent	ADJ
Silkie	NOUN
Silkies	NOUN
Sill	PROPN
Silly	ADJ
Silver	ADJ
Simien	PROPN
Similarly	ADV
Simon	PROPN
Simone	PROPN
Simons	PROPN
Simple	ADJ,ADV
Simply	ADV
Simpson	PROPN
Simultaneously	ADV
Siméon	PROPN
Sin	PROPN
Sinatra	PROPN
Since	ADP,SCONJ
Sincerely	ADV
Singapore	PROPN
Singer	NOUN,PROPN
Singh	PROPN
Single	ADJ
Singmaster	PROPN
Sinh	PROPN
Sinhala	ADJ
Sinhalese	ADJ
Sinica	PROPN
Sinners	PROPN
Sir	NOUN,PROPN
Sirae	PROPN
SiriusXM	PROPN
Sirs	NOUN
Sistani	PROPN
Sit	VERB
Sitara	PROPN
Site	PROPN
Sithamparanathan	PROPN
Siu-lai	PROPN
Siwu	PROPN
Six	NUM
Sixth	PROPN
Sixties	NOUN
Sizzle	VERB
Sketchy	ADJ
Skiatook	PROPN
Skidmore	PROPN
Skies	PROPN
Skilled	ADJ
Skilling	PROPN
Skin	NOUN
Skinner	PROPN
Skip	VERB
Skull	PROPN
Sky	PROPN
Skylab	PROPN
Skylar	PROPN
Skylight	NOUN
Skype	PROPN
Slacks	NOUN
Slammed	VERB
Slate	PROPN
Sleep	NOUN
SlimSkim	PROPN
Slope	PROPN
Slovakia	PROPN
Slovenia	PROPN
Slovenian	ADJ
Slow	ADJ
Slowest	ADJ
Smack	PROPN
Smakkecenter	PROPN
Small	ADJ
Smart	ADJ
Smartwolf	PROPN
Smartwolves	PROPN
Smith	PROPN
Smoker	NOUN
Smosh	PROPN
Smothers	PROPN
Smutney	PROPN
Snacks	NOUN
Snake	NOUN
Snbehnke	PROPN
Sne	PROPN
Snowdon	PROPN
Snyder	PROPN
So	ADV,INTJ,SCONJ,X
SoCal	PROPN
Sochi	PROPN
Social	ADJ,PROPN
Socialist	ADJ,NOUN
Socialists	PROPN
Society	NOUN,PROPN
Socio-economic	ADJ
Sociologists	NOUN
Socky	PROPN
Socotra	PROPN
Soft	ADJ,PROPN
Software	PROPN
Solana	PROPN
Soldiers	NOUN,PROPN
Soleil	PROPN
Solent	PROPN
Solheim	PROPN
Solicitor	PROPN
Solid	ADJ
Solidarity	NOUN
Solids	NOUN
Solis	PROPN
Solomita	PROPN
Solomon	PROPN
Solutions	NOUN
Somalia	PROPN
Some	DET
Somebody	PRON
Somehow	ADV
Someone	PRON
Sometime	ADV
Sometimes	ADV
Somewhere	ADV
Sommer	PROPN
Son	PROPN
Sonia	PROPN
Sonnets	NOUN
Sonoran	PROPN
Sons	NOUN
Sony	PROPN
Sonya	PROPN
Soon	ADV
Sooner	ADV
Sooners	PROPN
Soper	PROPN
Sophia	PROPN
Sophie	PROPN
Sophronius	PROPN
Soren	PROPN
Sorry	ADJ,INTJ
Sorta	ADV
Sotoun	PROPN
Souffleur	X
Soul	NOUN
Sound	VERB
Sounds	VERB
Soup	PROPN
Source	NOUN,PROPN
South	ADJ,NOUN,PROPN
Southeast	PROPN
Southern	ADJ
Southwest	PROPN
Sova	PROPN
Sovereignty	PROPN
Soviet	ADJ,PROPN
Soviets	PROPN
Sox	PROPN
Spa	NOUN,PROPN
Space	NOUN,PROPN
Spacecraft	PROPN
Spacetime	NOUN
Spacetoday.net	PROPN
Spaghetti	NOUN
Spain	PROPN
Spalding	PROPN
Spang	PROPN
Spaniard	PROPN
Spanish	ADJ,PROPN
Spare	NOUN
Spay	NOUN
Speaker	PROPN
Speaking	VERB
Spears	PROPN
Spec.	NOUN
Special	ADJ
Specialist	NOUN
Specializing	VERB
Species	NOUN,PROPN
Specifically	ADV
Specifications	NOUN
Specified	VERB
Speech	NOUN
Speed	NOUN
Spelling	PROPN
Spence	PROPN
Spencer	PROPN
Spend	VERB
Spider	PROPN
Spidey	PROPN
Spier	PROPN
Spikes	PROPN
Spill	VERB
Spinal	ADJ
Spinner	PROPN
Spirit	PROPN
Spirito	PROPN
Spiritual	ADJ
Spiritually	ADV
Spitfire	PROPN
Split	PROPN
Spock	PROPN
Spodsbjerg	PROPN
Spoken	ADJ
Spokesperson	NOUN
Spongy	ADJ
Spores	NOUN
Sport	NOUN,PROPN
Sports	NOUN,PROPN
Spot	NOUN,PROPN
Spouse(s)	NOUN
Sprague	PROPN
SpreadingSantorum.com	PROPN
Spring	NOUN,PROPN
Springfield	PROPN
Springs	PROPN
Square	ADJ,PROPN
Squares	NOUN
Squeege	PROPN
Squirrels	PROPN
Sr	ADJ
Sr.	ADJ
Sri	ADJ,PROPN
Sstaff	NOUN
St	PROPN
St.	NOUN,PROPN
Staccato	PROPN
Stacey	PROPN
Stadium	PROPN
Staff	NOUN,PROPN
Stage	NOUN
Stai-	INTJ
Stainless	ADJ,PROPN
Stan	PROPN
Standard	PROPN
Stanford	PROPN
Stanislavsky	PROPN
Stanley	PROPN
Star	PROPN
Starbucks	PROPN
Stardust	PROPN
Stark	PROPN
Starr	PROPN
Starroute	PROPN
Starry	PROPN
Stars	NOUN
Start	NOUN,VERB
Started	VERB
Starts	VERB
State	NOUN,PROPN
States	PROPN
Station	NOUN,PROPN
Stationery	NOUN
Statistical	PROPN
Statue	NOUN,PROPN
Stay	VERB
Steady	ADJ
Steak	NOUN,PROPN
Steakhouse	NOUN
Steamboat	PROPN
Steel	NOUN,PROPN
Steeped	VERB
Stefania	PROPN
Steffes	PROPN
Steichen	PROPN
Steinberg	PROPN
Stelle	PROPN
Stellenbosch	PROPN
Stephanie	PROPN
Stephen	PROPN
Stephen.Dyer@bakerbotts.com	PROPN
Stephenville	PROPN
Stepsister	PROPN
Stetson	PROPN
Steve	PROPN
Steven	PROPN
Stevens	PROPN
Stewart	PROPN
Stiglitz	PROPN
Still	ADV
Stinebower	PROPN
Stipulation	NOUN,X
Stirling	PROPN
Stith	PROPN
Stl	NOUN
Stock	NOUN
Stojic	PROPN
Stoker	PROPN
Stokes	PROPN
Stolmy	PROPN
Stone	PROPN
Stones	PROPN
Stony	ADJ
StoolLaLa	PROPN
Stop	VERB
Stopping	VERB
Store	NOUN
Stories	NOUN
Storm	PROPN
Stormtroopers	NOUN
Story	PROPN
Stout	PROPN
Stow	PROPN
Strains	NOUN
Strait	PROPN
Straits	PROPN
Strambler	PROPN
Strange	ADJ
Strasbourg	PROPN
Strasburgh	PROPN
Strasse	PROPN
Strategic	ADJ
Strategy	PROPN
Strathmann	PROPN
Street	NOUN,PROPN
Streets	PROPN
Streett	PROPN
Strengthen	VERB
Stretching	VERB
Stridon	PROPN
Strike	PROPN,VERB
Strip	PROPN
Strobe	PROPN
Strong	ADJ
Stronger	ADV
Strongid	PROPN
Structuralism	PROPN
Structure	NOUN
Structuring	NOUN
Strynø	PROPN
Strzalka	PROPN
Stu	PROPN
Stuart	PROPN
Stubley	PROPN
Student	PROPN
Students	NOUN
Studies	PROPN
Studio	NOUN,PROPN
Study	NOUN,PROPN
Studying	VERB
Stuff	NOUN
Stutenberg	PROPN
Style	NOUN
Styler	PROPN
Styles	PROPN
Stéphanie	PROPN
Su	PROPN
Suarez	PROPN
Sub	NOUN
Sub-cultures	NOUN
Subcommittee	PROPN
Subject	NOUN
Subscribe	VERB
Subscription	NOUN
Subsequently	ADV
Substantive	ADJ
Subway	PROPN
Success	NOUN
Successful	ADJ
Such	ADJ,DET
Suck	VERB
Sudan	PROPN
Sue	PROPN
Suella	PROPN
Suerat	PROPN
Suez	PROPN
Sufaat	PROPN
Sufficient	ADJ
Suffolk	PROPN
Sugarbowl	PROPN
Suggestion	NOUN
Suicide	NOUN
Suilen	PROPN
Suitable	ADJ
Suite	NOUN,PROPN
Suleiman	PROPN
Sullivan	PROPN
Sullivan@ENRON	X
Sumatra	PROPN
Summer	NOUN,PROPN
Summers	NOUN
Summit	PROPN
Sumner	PROPN
Sun	NOUN,PROPN
Sun.	PROPN
Sunak	PROPN
Sunburn	PROPN
Sunday	PROPN
Sundays	PROPN
Sunjay	PROPN
Sunni	ADJ
Sunnis	PROPN
Sunshine	PROPN
Super	ADJ,ADV,PROPN
Superb	ADJ
Superdome	PROPN
Superfund	PROPN
Superheroes	NOUN
Superior	PROPN
Superiors	NOUN
Supernatural	PROPN
Supernova	NOUN
Superstars	NOUN
Supper	PROPN
Support	NOUN
Supporters	NOUN
Supporting	VERB
Suppose	VERB
Supposedly	ADV
Supreme	ADJ,PROPN
Sure	ADJ,ADV,INTJ
Surgeon	NOUN,PROPN
Surgery	NOUN
Surprisingly	ADV
Surrey	PROPN
Surrounded	VERB
Survey	PROPN
Surveying	PROPN
Survival	PROPN
Survivors	NOUN,PROPN
Susan	PROPN
Sushi	NOUN,PROPN
Suspension	NOUN
Sussex	NOUN,PROPN
Sussexs	NOUN
Sussman	PROPN
Sustainable	ADJ
Sutcliffe	PROPN
Suttle	PROPN
Suwayrah	PROPN
Suzanne	PROPN
Svendborg	PROPN
Swan	PROPN
Swap	NOUN
Sweden	PROPN
Swedish	ADJ
Sweetser	PROPN
Swiffer	PROPN
Swift	PROPN
Swifties	PROPN
Swiss	ADJ
Switchboard	NOUN
Switzerland	PROPN
Sydfynske	PROPN
Sydney	PROPN
Symbiote	PROPN
Sympathetic	ADJ
Sympathy	PROPN
Syndrome	PROPN
Synopsis	PROPN
Syntactic	ADJ
Syntax	PROPN
Syracuse	PROPN
Syria	PROPN
Syrian	ADJ,PROPN
System	NOUN,PROPN
Systematic	ADJ
Systematically	ADV
Systems	NOUN,PROPN
T	NOUN,PROPN
T&D	NOUN
T'ho	PROPN
T-	INTJ
T.	PROPN
T.V.	NOUN
T1	NOUN
T2i	NOUN
TA	ADP
TAGG	NOUN
TAKE	VERB
TALK	VERB
TAOM	PROPN
TAP	NOUN
TAU	NOUN
TB	PROPN
TBH	ADV
TC	NOUN
TCA	NOUN
TCO	PROPN
TDS	NOUN
TECHNOLOGY	NOUN
TED	PROPN
TELEPHONE	NOUN
TEN	NUM
TERM	NOUN
TERRIFIED	ADJ
TEST	NOUN
TEXAS	PROPN
TFs	NOUN
TGIF	PROPN
TGPL	PROPN
THAI	ADJ
THANK	VERB
THAT	ADV,DET,PRON,SCONJ
THE	DET
THEIR	PRON
THEM	PRON
THEN	ADV
THERE	ADV,PRON
THEY	PRON
THING	NOUN
THINGS	NOUN
THINK	VERB
THIS	DET,PRON
THOUSANDS	NOUN
THREE	NUM
THRIVE	VERB
THX	NOUN
TIBCO	NOUN
TIGER	PROPN
TIME	NOUN
TIMES	NOUN
TIRED	ADJ
TIS	PROPN
TK	PROPN
TM	NOUN
TMS	NOUN
TNA	PROPN
TO	ADP,PART
TOMORROW	NOUN
TOO	ADV
TOOK	VERB
TOWNIES	NOUN
TOWNSHIP	PROPN
TRACTOR	NOUN
TRANSPARENT	ADJ
TRAVEL	PROPN
TRIPPED	VERB
TROUBLE	NOUN
TRUE	ADJ
TRUST	VERB
TRY	VERB
TRYING	VERB
TSM	PROPN
TUL	PROPN
TV	NOUN,PROPN
TW	PROPN
TWIG	PROPN
TWO	NUM
TX	PROPN
TYPE	NOUN
Taasinge	PROPN
Tabennese	PROPN
Table	NOUN,PROPN
Tablet	NOUN,PROPN
Tabors	X
Taco	PROPN
Tacoma	PROPN
Taffy	PROPN
Taft	PROPN
Tagebuch	X
Tagesspiegel	PROPN
Tagesthemen	PROPN
Tai	PROPN
Taikoo	PROPN
Taipei	PROPN
Taiwan	PROPN
Taiwanese	ADJ
Taj	PROPN
Tajik	PROPN
Tajiks	PROPN
Take	VERB
Takekurabe	PROPN
Taking	VERB
Talal	PROPN
Talbot	PROPN
Talbott	PROPN
Tale	PROPN
Taliban	PROPN
Talk	NOUN,VERB
Talkboys	PROPN
Talked	VERB
Talking	VERB
Talley	PROPN
Tallulah	PROPN
Talmy	PROPN
Tam	PROPN
Tame	PROPN
Tamil	ADJ,PROPN
Tamils	PROPN
Tampa	PROPN
Tan	PROPN
Tana	PROPN
Tana.Jones@en	PROPN
Tanabe	PROPN
Tang	PROPN
Tangipahoa	PROPN
Tanglewood	PROPN
Tanker	NOUN
Tanya	PROPN
Tapping	VERB
Tarahumara	ADJ
Tarawa	PROPN
Target	PROPN,VERB
Targets	NOUN
Tariff	PROPN
Tarsia	PROPN
Task	PROPN
Tatars	PROPN
Tate	PROPN
Tattoo	NOUN
Tatum	PROPN
Taub	PROPN
Taulbee	PROPN
Tauris	PROPN
Taurus	PROPN
Tavern	NOUN
Tax	NOUN,PROPN
Taxi	PROPN
Taxpayers	NOUN
Taylor	PROPN
Taylors	PROPN
Tco	PROPN
Te	PROPN
Teaching	PROPN
Team	NOUN,PROPN
Teams	NOUN
Tear	VERB
Technical	ADJ
Technlogy	PROPN
Technologically	ADV
Technologies	PROPN
Technology	NOUN,PROPN
Teco	PROPN
Ted	PROPN
Ted.Bockius@ivita.com	PROPN
Teddie	PROPN
Teen	PROPN
Teheran	PROPN
Tehran	PROPN
Tejanos	PROPN
Tel	NOUN
Telescope	PROPN
Television	PROPN
Tell	VERB
Telugu	PROPN
Temecula	PROPN
Tempe	PROPN
Temperament	NOUN
Tempest	PROPN
Temple	PROPN
Tempura	PROPN
Ten	NUM,PROPN
Tenacity	NOUN
Tend	VERB
Tenet	PROPN
Teng	PROPN
Tenn	PROPN
Tennessee	PROPN,X
Tens	NOUN
Tensions	NOUN
Tenured	ADJ
Teotihuacan	PROPN
Teresa	PROPN
Term	NOUN,PROPN
Terme	PROPN
Terminal	NOUN,PROPN
Terminals	NOUN
Termination	NOUN
Terms	NOUN
Tern	PROPN
Terrace	PROPN
Terre	PROPN
Terrell	PROPN
Terrestrial	ADJ
Terrex	PROPN
Terrible	ADJ,PROPN
Terrified	VERB
Territories	PROPN
Terror	NOUN
Terrorists	NOUN
Terry	PROPN
Teruya	PROPN
Test	NOUN,PROPN
Testament	PROPN
Testimony	NOUN
Testing	VERB
Tet	PROPN
Teterboro	PROPN
Texan	ADJ,PROPN
Texans	PROPN
Texas	PROPN
Text	VERB
Th-	INTJ
Tha-	INTJ
Thai	ADJ
Thailand	PROPN
Thais	PROPN
Thames	PROPN
Thamir	PROPN
Than	ADV,PROPN
Thane	PROPN
Thanh	PROPN
Thank	NOUN,VERB
Thankfully	ADV
Thanks	NOUN
Thanksgiv8ing	PROPN
Thanksgiving	PROPN
Thanx	NOUN
That	ADV,DET,PRON,SCONJ
The	DET,PRON
Thebaid	PROPN
Theft	NOUN
Their	PRON
Theirs	PRON
Thelema	PROPN
Them	PRON
Then	ADV
Theodore	PROPN
Theodorus	PROPN
Theoretical	ADJ
Theories	NOUN
Theory	NOUN,PROPN
Theravada	PROPN
There	ADV,PRON
Therefore	ADV
These	DET,PRON
They	PRON
Thi	PROPN
Thi$	DET
Thibaut	PROPN
Thierry	PROPN
Thing	NOUN
Things	NOUN,PROPN
Think	VERB
Thinking	VERB
Third	ADJ,ADV,PROPN
Thirdly	ADV
Thirteen	NUM
Thirteenth	ADJ
Thirty	NUM
This	DET,PRON
Tho	PROPN
Tholt	PROPN
Thomas	PROPN
Thompson	PROPN
Thorell	PROPN
Thoroughly	ADV
Those	DET,PRON
Thou	PRON
Though	SCONJ
Thought	VERB
Thoughts	NOUN
Thousands	NOUN
Thrace	PROPN
Threatened	ADJ
Three	NUM,PROPN
Throat	PROPN
Thrones	PROPN
Through	ADP
Throughout	ADP
Throw	VERB
Throws	VERB
Thu	PROPN
Thuma	PROPN
Thunder	PROPN
Thur.	PROPN
Thurday	PROPN
Thurs.	PROPN
Thursday	PROPN
Thus	ADV
Thuy	PROPN
Thx	NOUN
Théâtre	PROPN
Tiananmen	PROPN
Tianjin	PROPN
Tiberias	PROPN
Tibet	PROPN
Ticket	NOUN
Tien	PROPN
Tiffany	PROPN
Tiger	PROPN
Tigers	PROPN
Tighten	VERB
Tijuana	PROPN
TikToks	PROPN
Tikal	PROPN
Tikrit	PROPN
Tim	PROPN
Time	NOUN,PROPN
Times	NOUN,PROPN
Tina	PROPN
Tintman	PROPN
Tints	NOUN
Tire	PROPN
Tires	NOUN
Titanic	PROPN
Title	NOUN
Titman	PROPN
Tiziano	PROPN
Tks	NOUN
Tmobile	PROPN
To	ADP,PART,PROPN,SCONJ
Tobias	PROPN
Tobin	PROPN
Toby	PROPN
Toccafondi	PROPN
Today	NOUN,PROPN
Todd	PROPN
Toes	NOUN
Together	ADV
Tokyo	PROPN
Toledo	NOUN,PROPN
Toll	PROPN
Tollis	PROPN
Tom	NOUN,PROPN
TomiPilates	PROPN
Tommy	PROPN
Tomorrow	NOUN
Toni	PROPN
Tonight	NOUN
Tons	NOUN
Tonto	PROPN
Too	ADV
Took	VERB
Toowoomba	PROPN
Top	ADJ,NOUN
Topack	PROPN
Topic	NOUN
Topics	NOUN
Topless	ADJ
Tor	PROPN
Toren	PROPN
Tori	PROPN
Torneby	PROPN
Toronto	PROPN
Torrey	PROPN
Tosui	PROPN
Total	ADJ
Tots	PROPN
Touch	NOUN
Touchez	PROPN
Touching	VERB
Tough	ADJ
Tour	NOUN,PROPN
Tourism	PROPN
Tourist	PROPN
Tourists	NOUN
Tournament	PROPN
Tours	PROPN
Tower	PROPN
Towers	PROPN
Towing	PROPN
Town	NOUN,PROPN
Township	PROPN
Toyota	PROPN
Toys	PROPN
Tozzini	PROPN
Tracking	NOUN
Tracts	PROPN
Tracy	PROPN
Trade	NOUN,PROPN
Tradename	NOUN
Trader	PROPN
Traders	PROPN
Trading	NOUN,PROPN
Tradition	NOUN
Traditionally	ADV
Traffic	NOUN,PROPN
Tragedy	PROPN
Trail	PROPN
Trails	X
Tranekær	PROPN
Transaction	NOUN
Transatlantic	ADJ
Transcendental	ADJ
Transformational	ADJ
Transforming	VERB
Transit	PROPN
Transition	PROPN
Translation	PROPN
Translators	PROPN
Transmedia	NOUN
Transmission	PROPN,X
Transmutation	NOUN
Transport	PROPN
Transportation	NOUN,PROPN
Transwestern	PROPN
Travel	NOUN,PROPN
Traveler	NOUN
Travelled	VERB
Traveller	PROPN
Travelling	VERB
Travels	PROPN
Travis	PROPN
Tre	PROPN
Treat	VERB
Treaty	PROPN
Tree	NOUN,PROPN
Trees	NOUN
Trek	PROPN
Trenerry	PROPN
Trent	PROPN
Trento	PROPN
Tresca	PROPN
Trey	PROPN
Trial	PROPN
Tribune	PROPN
Trick	VERB
Tricks	PROPN
Tried	VERB
Trier	PROPN
Trieste	PROPN
Trillions	NOUN
Trinidadian	ADJ
Trio	PROPN
Trip	NOUN
Triple	ADJ
Tripura	PROPN
Tristan	PROPN
Trivia	NOUN
Trivial	ADJ
Tronicus	PROPN
Tropez	PROPN
Trophy	PROPN
Tropic	PROPN
Tropical	ADJ
Trouble	NOUN
TroubleFunk	PROPN
Troubled	VERB
Troubles	NOUN
Troy	PROPN
True	ADJ
Truffaut	PROPN
Truly	PROPN
Truman	PROPN
Trump	PROPN
Trust	VERB
Trustee	NOUN
Truth	PROPN
Try	VERB
Trying	VERB
Tryst	NOUN
Tsar	PROPN
Tsarevna	PROPN
Tsars	PROPN
Tschumi	PROPN
Tse	PROPN
Tsinghua	PROPN
Tu	PROPN
Tub	PROPN
Tucson	PROPN
Tue.	PROPN
Tues.	PROPN
Tuesday	PROPN
Tuesday's	PROPN
Tulsa	PROPN
Tulsans	PROPN
Tumblr	PROPN
Tunisia	PROPN
Turano	PROPN
Turbine	NOUN
Turgenev	PROPN
Turismo	X
Turk	PROPN
Turkey	PROPN
Turkish	ADJ
Turkmenistan	PROPN
Turks	PROPN
Turn	VERB
Turner	PROPN
Turnpike	PROPN
Turns	VERB
Turística	X
Tuscany	PROPN
Tussauds	PROPN
Tussey	PROPN
Twain	PROPN
Twante	PROPN
Tweed	PROPN
Twelve	NUM
Twenty	NUM
Twice	ADV
Twist	VERB
Twitter	PROPN
Two	NUM,X
Tyburn	PROPN
Tycoon	NOUN
Tyneside	PROPN
Type	NOUN
Types	NOUN
Typically	ADV
Tyrannius	PROPN
Tzu	NOUN
Tårs	PROPN
Tåsinge	PROPN
U	PRON,PROPN
U$	PROPN
U.	PROPN
U.C.	PROPN
U.K	PROPN
U.K.	PROPN
U.N.	PROPN
U.S	PROPN
U.S.	PROPN
U.S.A	PROPN
U.T.	PROPN
U2	PROPN
UAAR	PROPN
UBS	NOUN
UC	PROPN,X
UCAN	PROPN
UCAS	PROPN
UCC	NOUN
UCSB	PROPN
UDCs	NOUN
UEComm	PROPN
UFOs	NOUN
UGH	INTJ
UGLY	ADJ
UH	INTJ
UK	PROPN
ULGG	PROPN
UN	PROPN
UNC	PROPN
UNCARING	ADJ
UNESCO	PROPN
UNHCR	PROPN
UNITED	ADJ
UNIX	PROPN
UNLESS	SCONJ
UNLIMITED	PROPN
UNMIK	PROPN
UNP	PROPN
UNSCEAR	PROPN
UNTRUE	ADJ
UP	ADP,PROPN
UPDATE	NOUN
UPI	PROPN
UPS	PROPN
URGENT	ADJ
URSULA	X
US	PROPN
US$	NOUN,SYM
USA	PROPN
USAMRIID	PROPN
USB	NOUN
USD	NOUN,SYM
USDA	PROPN
USE	VERB
USI	PROPN
USPS	PROPN
USS	PROPN
USUAL	ADJ
UT	PROPN
UTC	PROPN
UTH	NOUN
UTH's	NOUN
UV	ADJ,NOUN
UVA	NOUN,PROPN
UVB	NOUN,PROPN
UVR	NOUN
UW	PROPN
Ubisoft	PROPN
Udorn	PROPN
Uecomm	PROPN
Ugh	INTJ
Ugly	ADJ
Uh	INTJ
Uh-oh	INTJ
Ukraine	PROPN
Ukrops	PROPN
Ulistic	PROPN
Ulster	PROPN
UltraSonic	PROPN
Ultraviolet	ADJ
Ulysses	PROPN
Um	INTJ
Umm	INTJ
Ummmm	INTJ
Umoregi	PROPN
Unbelievably	ADV
Uncle	NOUN
Under	ADP
Underground	PROPN
Undersecretary	PROPN
Understand	VERB
Understandably	ADV
Underwear	NOUN
Underwriting	NOUN
Unemployent	NOUN
Unfair	ADJ
Unfortunalty	ADV
Unfortunately	ADV
Unfriendly	ADJ
Unhunh	INTJ
Uniformity	NOUN
Union	NOUN,PROPN
Unique	ADJ
Unit	NOUN
Unitary	ADJ
United	ADJ,VERB
Unity	NOUN,PROPN
Universal	PROPN
Universe	PROPN
Universidad	PROPN
Universidade	PROPN
Universities	PROPN
University	NOUN,PROPN
Unlce	NOUN
Unless	SCONJ
Unlike	ADP
Uno	NOUN,PROPN
Unreported	VERB
Untied	VERB
Until	ADP,SCONJ
UofH	PROPN
Up	ADP,PROPN
Update	NOUN
Updating	VERB
Upon	ADP,SCONJ
Upper	ADJ
Uranus	PROPN
Urban	ADJ
Urinary	ADJ
Ursula	PROPN
Us	PRON,PROPN
Usage	NOUN
Use	NOUN,VERB
Used	VERB
Useful	ADJ
Usenet	PROPN
User	NOUN
Users	NOUN,PROPN
Uses	PROPN
Using	VERB
Usmani	PROPN
Usually	ADV
Utah	PROPN
Utility	PROPN
Utilization	NOUN
Uzbekistan	PROPN
V	NOUN,NUM
V.	PROPN
V02	NOUN
VA	PROPN
VAN	NOUN
VBA	PROPN
VC	PROPN
VCU	PROPN
VEGAN	ADJ
VERIFIES	VERB
VERY	ADV
VHF	NOUN
VI	NUM
VIC	PROPN
VICE	PROPN
VICTOR	PROPN
VIETNAMESE	ADJ
VIII	NUM
VIP	NOUN
VISA	NOUN,PROPN
VISIT	VERB
VM	PROPN
VOF	PROPN
VOM	NOUN
VP	NOUN
VPP	NOUN
VR	PROPN
VS	ADP
Va.	PROPN
Vagabond	PROPN
Vaisseau	PROPN
Vajpayee	PROPN
Val	PROPN
Valdes	PROPN
Valdiviesco	PROPN
Valencia	PROPN
Valentine	PROPN
Valerie	PROPN
Valeska	PROPN
Valley	PROPN
Value	NOUN
Van	PROPN
Vancouver	PROPN
Vandergrift	PROPN
Vanguards	PROPN
Vanves	PROPN
Vanzetti	PROPN
Varanasi	PROPN
Variety	NOUN
Various	ADJ
Vassar	PROPN
Vaughn	PROPN
Vegas	PROPN
Vegetarianism	PROPN
Vehicle	NOUN,PROPN
Velupillai	PROPN
Velvet	PROPN
Venezuela	PROPN
Venezuelan	ADJ
Vengeance	NOUN,PROPN
Venice	PROPN
Venta	PROPN
Ventures	PROPN
Vera	PROPN
Vercellotti	PROPN
Verch	PROPN
Verde	PROPN
Verdot	PROPN
Vere	PROPN
Vergil	PROPN
Verizon	PROPN
Vernon	PROPN
Veronica	PROPN
Versailles	NOUN
Very	ADV
Vespers	PROPN
Vessels	NOUN
Vestry	PROPN
Vet	NOUN
Veterans	PROPN
Veterinary	ADJ
Vetri	PROPN
Vic	PROPN
Vice	NOUN,PROPN
Vichy	PROPN
Vicki	PROPN
Vicsandra	PROPN
Victim	NOUN
Victor	PROPN
Victoria	PROPN
Victors	PROPN
Victory	PROPN
Victrola	PROPN
Video	NOUN
Videoconference	NOUN
Vienna	PROPN
Vietnam	PROPN
Vietnamese	ADJ
View	NOUN,PROPN
Vigie	PROPN
Vignieri	PROPN
Vigor	PROPN
Vij	PROPN
Viking	PROPN
Vikings	PROPN
Village	PROPN
Vilt	PROPN
Vince	PROPN
Vincent	PROPN
Vincenti	PROPN
Vindebyørevej	PROPN
Vinita	PROPN
Vinod	PROPN
Vintage	ADJ,PROPN
Viognier	PROPN
Viola	PROPN
Viral	ADJ
Virgil	PROPN
Virginia	PROPN
Virgo	PROPN
Virtual	ADJ
Virtually	ADV
Visa	NOUN,PROPN
VisaCuba	PROPN
Visas	NOUN
Vision	PROPN
Visit	VERB
Visited	VERB
Visitors	PROPN
Visual	ADJ
Visualisations	NOUN
Visualization	NOUN
Visualizations	NOUN
Visualize	VERB
Vitas	PROPN
Viva	PROPN
Vivek	PROPN
Vladimir	PROPN
Vo	PROPN
Voice	PROPN
Voivodship	PROPN
Vol.	NOUN
Volaris	PROPN
Volgograd	PROPN
Voltage	PROPN
Volume	PROPN
Volumes	NOUN
Volunteer	NOUN
Vomiting	NOUN
Vossen	PROPN
Votaw	PROPN
Voters	NOUN
Vs	ADP
Vulgate	PROPN
Vvedenskoye	PROPN
W	ADJ,PROPN,X
W.	PROPN
W2	SYM
WA	PROPN
WA.	PROPN
WADE	PROPN
WAIT	VERB
WAITING	NOUN
WAITRESS	NOUN
WALKER	PROPN
WANT	VERB
WARNOCK	PROPN
WARWICK	PROPN
WAS	AUX
WASHINGTON	PROPN
WASTE	NOUN
WAY	ADV,NOUN
WB	PROPN
WD	PROPN
WE	PRON
WEEK	NOUN
WEEKS	NOUN
WELL	ADV,INTJ
WERE	AUX
WHARTON	PROPN
WHAT	PRON
WHDH	PROPN
WHEN	ADV
WHERE	ADV
WHICH	PRON
WHITE	ADJ
WHO	PRON
WHOLESALE	ADJ
WHY	ADV
WILL	AUX
WILLING	ADJ
WINDOWS	NOUN
WINGS	NOUN
WISE	PROPN
WITH	ADP,SCONJ
WITHOUT	SCONJ
WMD	PROPN
WMDs	NOUN
WNBA	PROPN
WOMAN	NOUN
WORKERS	NOUN
WORLD	NOUN
WORRY	VERB
WORTH	ADJ
WOULD	AUX
WOW	INTJ
WPO	PROPN
WSI	NOUN
WTA	PROPN
WTC	PROPN
WWII	PROPN
WWW	NOUN,PROPN
Wade	PROPN
Wahhabis	PROPN
Wai-ching	PROPN
Wai-keung	PROPN
Wait	VERB
Waitangi	PROPN
Wajda	PROPN
Wajiha	PROPN
Wakare	PROPN
Wake	NOUN
Wakes	NOUN
Wakrah	PROPN
Wal	PROPN
WalMart	PROPN
Walk	PROPN,VERB
Walkable	ADJ
Walked	VERB
Walker	PROPN
Walking	NOUN,PROPN,VERB
Walks	VERB
Wall	PROPN
Wallen	PROPN
Walljasper	PROPN
Walloch	PROPN
Walls	NOUN
Walmart	PROPN
Walnut	PROPN
Walrus	PROPN
Walsingham	PROPN
Walt	PROPN
Walters	PROPN
Walton	PROPN
Wan	PROPN
Wang	NOUN
Want	VERB
Wanted	VERB
War	NOUN,PROPN
Ward	X
Ware	PROPN
Warhol	PROPN
Warikoo	PROPN
Warm	ADJ
Warming	NOUN
Warner	PROPN
Warning	NOUN
WarpSpeed	PROPN
Warren	PROPN
Wars	PROPN
Warsaw	PROPN
Warwick	PROPN
Warwickshire	PROPN
Was	AUX,VERB
Washington	PROPN
Waste	NOUN,PROPN
Wat	PROPN
Watch	VERB
Watched	VERB
Watching	VERB
Watchmen	PROPN
Water	ADJ,NOUN,PROPN
Waterfalls	NOUN
Watergate	PROPN
Waterproof	ADJ
Waters	PROPN
Watson	PROPN
Watt	PROPN
Waugh	PROPN
Wave	PROPN
Wax	PROPN
Waxman	PROPN
Way	NOUN,PROPN
Wayne	PROPN
Ways	PROPN
Wazed	PROPN
Waziristan	PROPN
We	NOUN,PRON
Weapons	NOUN,PROPN
Wear	VERB
WeatherTrade	PROPN
Weathermen	PROPN
Weatherspoon	PROPN
Web	NOUN,PROPN
WebLogic	PROPN
WebSphere	PROPN
Webb	PROPN
Webber	PROPN
Website	NOUN
Wed	PROPN,VERB
Wed.	PROPN
Wedding	NOUN,PROPN
Wednesday	PROPN
Wednesday's	PROPN
Weehawken	PROPN
Weekends	NOUN
Weekly	ADJ,PROPN
Weight	NOUN,PROPN
Weil	PROPN
Weiner	PROPN
Weiss	PROPN
Welch	PROPN
Welcome	INTJ
Welfare	PROPN
Well	ADV,INTJ
Welles	PROPN
Welling	PROPN
Wellington	PROPN
Wells	PROPN
Wen	PROPN
Wenatchee	PROPN
Wenders	PROPN
Wendy	PROPN
Wenner	PROPN
Went	VERB
Were	AUX,VERB
Werner	PROPN
Wesleyan	PROPN
Wessex	PROPN
West	ADJ,ADV,NOUN,PROPN
WestJet	PROPN
Westchester	PROPN
Western	ADJ
Westerners	NOUN
Westfield	PROPN
Westmoreland	PROPN
Weston	PROPN
Westphal	PROPN
Weyl	PROPN
What	DET,PRON
Whatever	DET,PRON
Wheel	NOUN,PROPN
Wheeler	PROPN
When	ADV
Whenever	ADV
Where	ADV
Whereas	ADV,SCONJ
Wherever	ADV
Whether	CCONJ,SCONJ
Whi-	INTJ
Which	DET,PRON
Whie	SCONJ
While	NOUN,SCONJ
Whilst	SCONJ
Whipple	PROPN
Whisky	PROPN
White	ADJ,PROPN
Whither	ADV
Whitman	PROPN
Whitmore	PROPN
Who	PRON,PROPN
Whoa	INTJ
Whoever	PRON
Whole	ADJ
Wholes	NOUN
Wholesale	PROPN
Whom	PRON
Whore	PROPN
Whosoever	PRON
Why	ADV
Wi940	PROPN
WiFi	NOUN
Wicca	PROPN
Wide	PROPN
Widely	ADV
Widow	PROPN
Wife	NOUN,PROPN
Wigner	PROPN
Wii	PROPN
Wijesinha	PROPN
Wiki	PROPN
Wikimedia	PROPN
Wikinews	PROPN
Wikipedia	PROPN
Wila	PROPN
Wild	ADJ,PROPN
Wildernest	PROPN
Wildlife	PROPN
Wildwood	PROPN
Wilkins	PROPN
Will	AUX,PROPN
William	PROPN
Williams	PROPN
Williams@ENRON_DEVELOPMENT	X
Williamson	PROPN
Willie	PROPN
Willis	PROPN
Willow	PROPN
Wilson	PROPN
Wim	PROPN
Winchester	PROPN
Winckelmann	PROPN
Windermere	PROPN
Window	NOUN,PROPN
Windows	NOUN,PROPN
Windsor	PROPN
Wine	NOUN
Winfrey	PROPN
Winging	VERB
Winking	VERB
Winning	VERB
Winston	PROPN
Winter	PROPN
Winton	PROPN
Wire	NOUN,PROPN
Wisconsin	PROPN
Wish	PROPN,VERB
Wishes	NOUN
Wishing	VERB
Wisteria	PROPN
Witches	PROPN
With	ADP,SCONJ
Within	ADP
Without	ADP,SCONJ
Witness	PROPN
Witsel	PROPN
Wok	NOUN
Woking	PROPN
Wolak	PROPN
Wolens	PROPN
Wolf	NOUN,PROPN
Wolfowitz	PROPN
Wolności	PROPN
Wolstein	PROPN
Wolves	NOUN
Women	NOUN,PROPN
Wonder	NOUN
Wonderful	ADJ
Wonderland	NOUN,PROPN
Wong	PROPN
Wontons	NOUN
Woo	INTJ
Wood	PROPN
Woodinville	PROPN
Woods	PROPN
Woody	PROPN
Wooh	INTJ
Wookie	PROPN
Wool	NOUN
Wootch	PROPN
Word	PROPN
Words	NOUN,PROPN
Work	NOUN,VERB
Worker	NOUN,PROPN
Workers	NOUN
Working	VERB
Workmanship	NOUN
Workpapers	X
Works	PROPN
Workshop	NOUN,PROPN
Workshops	PROPN
World	NOUN,PROPN
Worm	PROPN
Worms	NOUN
Worse	ADJ,ADV
Worst	ADJ
Worth	ADJ,PROPN
Worthy	PROPN
Woud	AUX
Would	AUX
Wow	INTJ,NOUN
Wow-eee	INTJ
Wrecking	PROPN
Write	PROPN,VERB
Writers	NOUN
Writing	VERB
Wrocław	PROPN
Wu	PROPN
Wunderbar	PROPN
Wyatt	PROPN
Wycliffe	PROPN
Wyndham	PROPN
Wyoming	PROPN
Władysław	PROPN
X	NOUN,PROPN,SYM
X33098	NOUN
X37047	NOUN
X940	PROPN
XBOX	PROPN
XF	PROPN
XIII	NUM
XMAS	PROPN
XML	PROPN
XP	PROPN
XV	NUM
XVII	NUM
Xander	PROPN
Xbox	NOUN,PROPN
Xenocentrism	NOUN
Xiaoping	PROPN
Xishan	PROPN
Xmas	PROPN
XoveTIC	PROPN
Xu	PROPN
Y	NOUN,PROPN
Y!A	PROPN
Y-	INTJ
YE	NOUN
YEAR	NOUN
YEARS	NOUN
YES	INTJ
YOU	PRON,PROPN
YOUR	PRON
YPF	PROPN
YUMMY	ADJ
Ya	PRON
Ya'll	PRON
Yaay	INTJ
Yack	PROPN
Yadavaran	PROPN
Yahoo	PROPN
Yahoo!	PROPN,VERB
Yahoos	NOUN
Yak	PROPN
Yale	PROPN
Yampa	PROPN
Yang	PROPN
Yanhee	PROPN
Yankee	PROPN
Yannick	PROPN
Yards	PROPN
Yassin	PROPN
Yasushi	PROPN
Yau	PROPN
Yay	INTJ
Yazid	PROPN
Ye$	INTJ
Yea	INTJ
Yeah	INTJ
Year	NOUN,PROPN
Years	NOUN,PROPN
Yekaterinburg	PROPN
Yellow	ADJ
Yellowstone	PROPN
Yelp	PROPN
Yemen	PROPN
Yemenia	PROPN
Yeo	PROPN
Yeoncheon	PROPN
Yep	INTJ
Yes	INTJ,NOUN
Yesterday	NOUN
Yet	CCONJ
Yeung	PROPN
Yikes	INTJ
Yiu	PROPN
Yiu-chung	PROPN
Yo	INTJ,PRON
Yoga	NOUN
Yogi	PROPN
Yoko	PROPN
Yonhap	PROPN
Yor-vik	PROPN
York	PROPN
Yorker	PROPN
Yorkshire	PROPN
Yoshida	PROPN
Yoshiwara	PROPN
You	NOUN,PRON,PROPN
YouTube	PROPN
YouTuber	PROPN
YouTubers	PROPN
Young	ADJ
Younger	ADJ
Youngspiration	PROPN
Youngstown	PROPN
Younis	PROPN
Your	PRON
Yours	PRON
Yousef	PROPN
Yucatan	PROPN
Yucatán	ADJ,PROPN
Yugoslavia	PROPN
Yung	PROPN
Yvan	PROPN
Yvette	PROPN
Z1	PROPN
ZEE-no	X
Zacarias	PROPN
Zach	PROPN
Zafra	PROPN
Zagros	PROPN
Zaha	PROPN
Zahav	PROPN
Zahā	PROPN
Zaman	PROPN
Zane	PROPN
Zawahiri	PROPN
Zealand	PROPN
Zealander	PROPN
Zeitgeist	NOUN
Zenghelis	PROPN
Zero	NUM,PROPN
Zeus	PROPN
Zhou	PROPN
Zimbalist	PROPN
Zionist	ADJ
Zone	PROPN
Zoning	PROPN
Zoom	PROPN
Zoomed	PROPN
Zora	PROPN
Zubayda	PROPN
Zuckerberg	PROPN
Zurbarán	PROPN
Zócalo	PROPN,X
[	PUNCT
[...]	PUNCT
]	PUNCT
^	PUNCT
^_^	SYM
_	PUNCT
_______	PUNCT
___________	PUNCT
___________________________________________	SYM
__________________________________________________	SYM
____________________________________________________	SYM
____________________________________________________________	SYM
`	PUNCT
``	PUNCT
`s	AUX,PART
a	ADP,ADV,AUX,CCONJ,DET,NOUN,NUM,PART,PROPN
a)	X
a-	INTJ
a.k.a	ADV
a.k.a.	ADV
a.m	NOUN
a.m.	NOUN
a.m.beresford@durham.ac.uk	PROPN
aa	DET
abandon	VERB
abandoned	VERB
abandoning	VERB
abandonment	NOUN
abaut	ADV
abdomen	NOUN
aberrations	NOUN
abetted	VERB
abhorrent	ADJ
abide	VERB
abiding	VERB
abilities	NOUN
ability	NOUN
able	ADJ
ablest	ADJ
abnormal	ADJ
abnormality	NOUN
aboard	ADP,ADV
abolish	VERB
abolished	VERB
abolishing	VERB
abolition	NOUN
abomination	NOUN
abou	ADP
about	ADJ,ADP,ADV,SCONJ
above	ADJ,ADP,ADV,NOUN
abrasive	ADJ
abroad	ADV
abrogated	VERB
abruptly	ADV
absence	NOUN
absent	ADJ,VERB
absenting	VERB
absolute	ADJ
absolutely	ADV
absorb	VERB
absorbed	VERB
absorbing	VERB
absorption	NOUN
absoulutely	ADV
abstain	VERB
abstained	VERB
abstaining	VERB
abstinence	NOUN
abstract	ADJ,NOUN
abstraction	NOUN
absurd	ADJ
absurdity	NOUN
abt	ADP
abundance	NOUN
abundant	ADJ
abundantly	ADV
abuse	NOUN
abused	VERB
abusers	NOUN
abuses	NOUN
abusing	VERB
abutter	NOUN
abutters	NOUN
abyss	NOUN
ac-	INTJ
academia	NOUN
academic	ADJ,NOUN
academics	NOUN
accelerate	VERB
accelerated	VERB
accelerating	VERB
accelerations	NOUN
accelerator	NOUN
accent	NOUN,VERB
accented	ADJ
accents	NOUN
accept	VERB
acceptable	ADJ
acceptance	NOUN
accepted	VERB
accepting	VERB
accepts	VERB
access	NOUN,VERB
accessed	VERB
accessibility	NOUN
accessible	ADJ
accessing	VERB
accessories	NOUN
accident	NOUN
accidental	ADJ
accidentally	ADV
accidents	NOUN
acclaimed	ADJ,VERB
accomdating	ADJ
accommodate	VERB
accommodated	VERB
accommodation	NOUN
accommodations	NOUN
accomodating	ADJ
accompanied	VERB
accompany	VERB
accomplices	NOUN
accomplish	VERB
accomplished	ADJ,VERB
accomplishes	VERB
accomplishing	VERB
accomplishment	NOUN
accomplishments	NOUN
accord	NOUN
according	ADV,VERB
accordingly	ADV
account	NOUN,VERB
accountability	NOUN
accountant	NOUN
accounted	VERB
accounting	NOUN
accounts	NOUN
accouterments	NOUN
accretion	NOUN
accumulate	VERB
accumulated	VERB
accumulating	VERB
accumulation	NOUN
accuracies	NOUN
accuracy	NOUN
accurate	ADJ
accurately	ADV
accusations	NOUN
accused	VERB
accuses	VERB
accusing	VERB
accustomed	ADJ,VERB
acd	PROPN
achieve	VERB
achieved	VERB
achievement	NOUN
achievements	NOUN
achieving	VERB
acidic	ADJ
acidity	NOUN
acknowledge	VERB
acknowledged	VERB
acknowledges	VERB
acknowledging	VERB
acoustic	ADJ
acoustically	ADV
acquaintance	NOUN
acquainted	ADJ
acquiesce	VERB
acquire	VERB
acquired	VERB
acquiring	VERB
acquisition	NOUN
acquistion	NOUN
acquittal	NOUN
acres	NOUN
acronym	NOUN
across	ADP,ADV
acrylic	ADJ
act	NOUN,VERB
acted	VERB
acting	NOUN,VERB
actins	NOUN
action	NOUN
actionable	ADJ
actions	NOUN
activate	VERB
activated	VERB
active	ADJ
actively	ADV
activism	NOUN
activist	NOUN
activists	NOUN
activities	NOUN
activity	NOUN
actor	NOUN
actors	NOUN
actress	NOUN
actresses	NOUN
acts	NOUN,VERB
actual	ADJ
actually	ADV
actualy	ADV
actully	ADV
acuity	NOUN
acupuncture	NOUN
acupuncturist	NOUN
acute	ADJ
acutely	ADV
ad	NOUN
adage	NOUN
adapt	VERB
adaptation	NOUN
adaptations	NOUN
adapted	VERB
adaptive	ADJ
adapts	VERB
add	NOUN,VERB
added	VERB
addendum	NOUN
addict	NOUN
addicted	ADJ
addicting	ADJ
addiction	NOUN
addictions	NOUN
addictive	ADJ
addicts	NOUN
adding	VERB
addition	NOUN
additional	ADJ
additions	NOUN
additive	NOUN
address	NOUN,VERB
addressed	VERB
addressee	NOUN
addresses	NOUN,VERB
addressing	VERB
adds	VERB
adenium	X
adequate	ADJ
adequately	ADV
adhear	VERB
adhere	VERB
adhered	VERB
adherent	NOUN
adheres	VERB
adhering	VERB
adjacent	ADJ
adjective	NOUN
adjoining	VERB
adjudicated	VERB
adjudication	NOUN
adjust	VERB
adjustable	ADJ
adjusted	VERB
adjusting	VERB
adjustment	NOUN
adjustments	NOUN
adjusts	VERB
adler	PROPN
admin	ADJ,NOUN
administer	VERB
administered	VERB
administration	NOUN
administrations	NOUN
administrative	ADJ
administrator	NOUN
admins	NOUN
admiral	NOUN
admiration	NOUN
admire	VERB
admirers	NOUN
admission	NOUN
admissions	NOUN
admit	VERB
admits	VERB
admitted	VERB
admittedly	ADV
admitting	VERB
admonished	VERB
adn	CCONJ,NOUN
adolescents	NOUN
adopt	VERB
adopted	VERB
adopting	VERB
adoption	NOUN
adoptive	ADJ
adopts	VERB
adorable	ADJ
adorned	VERB
adorns	VERB
ads	NOUN
adult	ADJ,NOUN
adulterated	VERB
adults	NOUN
advance	ADJ,NOUN,VERB
advanced	ADJ,VERB
advancement	NOUN
advancements	NOUN
advances	NOUN,VERB
advancing	VERB
advantage	NOUN
advantaged	ADJ
advantages	NOUN
adventure	NOUN
adventurous	ADJ
adverb	NOUN
adversaries	NOUN
adverse	ADJ
adversity	NOUN
advert	NOUN
advertise	VERB
advertised	VERB
advertisers	NOUN
advertising	NOUN
advice	NOUN
advise	NOUN,VERB
advised	VERB
adviser	NOUN
advisers	NOUN
advises	VERB
advising	VERB
advisor	NOUN
advisors	NOUN
advisory	ADJ
advocacy	NOUN
advocate	NOUN,VERB
advocated	VERB
advocates	NOUN
adw	PROPN
aerated	VERB
aerial	ADJ
aerogel	NOUN
aeroplane	NOUN
aerosol	NOUN
aerospace	NOUN
aesthetic	ADJ
aesthetics	NOUN
affair	NOUN
affairs	NOUN
affect	NOUN,VERB
affectation	NOUN
affected	ADJ,VERB
affecting	VERB
affection	NOUN
affectionate	ADJ
affective	ADJ
affects	VERB
affiliate	NOUN
affiliates	NOUN
affiliations	NOUN
affinity	NOUN
affirm	VERB
affirmative	ADJ
affirmed	VERB
affirming	VERB
affirms	VERB
affluent	ADJ
afford	VERB
affordable	ADJ
affords	VERB
aficionados	NOUN
afore	ADJ
aforementioned	ADJ
afraid	ADJ,PROPN
afresh	ADV
after	ADP,ADV,NOUN,SCONJ
aftermath	NOUN
afternoon	NOUN
aftershocks	NOUN
afterward	ADV
afterwards	ADV
again	ADV
against	ADP,SCONJ
agar	NOUN
age	NOUN,VERB,X
aged	ADJ,VERB
ageless	ADJ
agencies	NOUN
agency	NOUN
agenda	NOUN
agent	NOUN
agents	NOUN
ages	NOUN
agglomeration	NOUN
aggravated	VERB
aggravation	NOUN
aggregate	ADJ,NOUN
aggregation	NOUN
aggregators	NOUN
aggression	NOUN
aggressive	ADJ
aggressively	ADV
agility	NOUN
aging	NOUN
ago	ADV
agonizing	ADJ
agony	NOUN
agree	VERB
agreeable	ADJ
agreed	VERB
agreeing	VERB
agreement	NOUN
agreements	NOUN
agrees	VERB
agricultural	ADJ
agriculture	NOUN
ah	INTJ
ahead	ADP,ADV,NOUN
ai	AUX,VERB,X
aid	NOUN,VERB
aided	VERB
aiding	VERB
ailment	NOUN
ailments	NOUN
aim	NOUN,VERB
aimed	VERB
aiming	VERB
aims	NOUN,VERB
air	NOUN,PROPN,VERB
airbase	NOUN
airborne	ADJ
aircraft	NOUN
airfare	NOUN
airholes	NOUN
airlift	NOUN
airlifted	VERB
airline	NOUN
airliner	NOUN
airliners	NOUN
airlines	NOUN,PROPN
airplane	NOUN
airport	NOUN,PROPN
airports	NOUN
airwaves	NOUN
airway	NOUN
aisle	NOUN
aka	ADV
akin	ADJ
al	PROPN,X
al.	X
ala	ADP
alarm	NOUN
alarming	ADJ,VERB
alarms	NOUN
albeit	SCONJ
albums	NOUN
alcalde	X
alchemical	ADJ
alcohol	NOUN
alcoholic	NOUN
alcoholics	NOUN
alcoholism	NOUN
ale	NOUN
alert	ADJ,NOUN
alerted	VERB
alerts	NOUN
algae	NOUN
algebra	NOUN
alias	NOUN
alienating	VERB
align	VERB
aligned	VERB
alignment	NOUN
alike	ADJ,ADV
alive	ADJ
all	ADV,DET,NOUN
alla	NOUN
allegation	NOUN
allegations	NOUN
allege	VERB
alleged	ADJ,VERB
allegedly	ADV
allegiance	NOUN
alliance	NOUN
allies	NOUN
allocate	VERB
allocated	VERB
allocating	VERB
allocation	NOUN
allot	VERB
allow	VERB
allowance	NOUN
allowed	VERB
allowing	VERB
allows	VERB
alluded	VERB
alludes	VERB
ally	NOUN,VERB
alma	NOUN
almost	ADV
aloe	NOUN
aloft	ADP
alone	ADJ,ADV
along	ADP,ADV
alongside	ADP
alot	ADV
alphabetical	ADJ
alr-	ADV
already	ADV
alreet	INTJ
alright	ADJ,ADV,INTJ
alroot	INTJ
also	ADV
alt	NOUN
alt.animals	NOUN
alt.animals.cat	NOUN
alt.animals.dog	NOUN
alt.animals.ethics.vegetarian	NOUN
alt.animals.felines.diseases	NOUN
alt.animals.felines.snowleopards	NOUN
alt.animals.horses.breeding	NOUN
alt.animals.lion	NOUN
alt.animals.rights.promotion	NOUN
alt.animals.tiger	NOUN
alt.consumers	NOUN
alt.religion.scientology	NOUN,PROPN
altar	NOUN
alter	VERB
alterations	NOUN
altered	VERB
altering	VERB
alternate	ADJ
alternately	ADV
alternates	NOUN
alternating	VERB
alternative	ADJ,NOUN
alternatives	NOUN
although	SCONJ
altitude	NOUN
altogether	ADV
aluminum	NOUN
alumni	NOUN
always	ADV
am	AUX,NOUN
amalgam	NOUN
amalgamation	NOUN
amassed	VERB
amateur	NOUN
amazed	ADJ,VERB
amazes	VERB
amazing	ADJ
amazingly	ADV
ambassador	NOUN
ambassadors	NOUN
ambiance	NOUN
ambiguity	NOUN
ambiguous	ADJ
ambition	NOUN
ambitions	NOUN
ambitious	ADJ
ambitiously	ADV
ambulance	NOUN
ambulances	NOUN
amend	VERB
amended	NOUN,VERB
amendment	NOUN
amendmnets	NOUN
amends	VERB
american	ADJ
americans	PROPN
amiability	NOUN
amicus	X
amidst	ADP
amiss	ADJ
ammonia	NOUN
ammount	NOUN
ammunition	NOUN
amnesties	NOUN
amnesty	NOUN
among	ADP
amongst	ADP
amoung	ADP
amount	NOUN,VERB
amounts	NOUN,VERB
amphibious	ADJ
amplified	VERB
amuse	NOUN
amused	ADJ
amusement	NOUN
amusing	ADJ
amy.cornell@compaq.com	PROPN
an	CCONJ,DET
an-	INTJ
anachronistic	ADJ
anal	ADJ
analogy	NOUN
analyse	VERB
analysed	VERB
analyses	NOUN
analysis	NOUN
analyst	NOUN
analysts	NOUN
analytical	ADJ
analyze	VERB
analyzed	VERB
analyzes	VERB
analyzing	VERB
anarchy	NOUN
anasthesia	NOUN
anatomical	ADJ
anatomy	NOUN
ancestors	NOUN
ancestral	ADJ
ancestry	NOUN
anchorage	NOUN
ancient	ADJ
and	ADP,CCONJ,DET,X
andrillae	X
anemic	ADJ
anemone	NOUN
anemones	NOUN
anesthesia	NOUN
anesthetic	NOUN
anew	ADV
angel	NOUN
angeles	PROPN
angels	NOUN
anger	NOUN,VERB
angle	NOUN
angles	NOUN
anglo	X
angry	ADJ
angst	NOUN
animal	NOUN
animals	NOUN
animated	ADJ
animation	NOUN
animators	NOUN
anime	NOUN
animos	X
ankle	NOUN
annex	NOUN
annexation	NOUN
annexed	VERB
annexes	VERB
anniversary	NOUN
annotated	VERB
announce	VERB
announced	VERB
announcement	NOUN
announces	VERB
announcing	VERB
annoy	VERB
annoyed	ADJ,VERB
annoying	ADJ
annual	ADJ
annually	ADV
anonymous	ADJ
another	DET
ans	CCONJ,X
answer	NOUN,VERB
answered	VERB
answering	VERB
answers	NOUN,VERB
answetred	VERB
ant	NOUN
ante	X
antecedent	NOUN
anthrax	NOUN
anthropologist	NOUN
anti	X
anti-American	ADJ
anti-Americanism	NOUN
anti-Bush	ADJ
anti-India	ADJ
anti-Indian	ADJ
anti-Luther	ADJ
anti-Pyongyang	ADJ
anti-Semite	NOUN
anti-army	ADJ
anti-christ	NOUN
anti-democratic	ADJ
anti-essentialist	ADJ
anti-establishment	ADJ
anti-inflationary	ADJ
anti-ship	ADJ
anti-shipping	ADJ
anti-social	ADJ
anti-trust	ADJ
antibiotics	NOUN
antichrist	PROPN
anticipate	VERB
anticipated	VERB
anticipates	VERB
anticipating	VERB
antifreeze	NOUN
antipasti	NOUN
antiquated	ADJ
antique	ADJ
antiques	NOUN
antiquities	NOUN
antiquity	NOUN
antisocialism	NOUN
antivaxxers	NOUN
antiwar	ADJ
ants	NOUN
anwser	NOUN
anxieties	NOUN
anxiety	NOUN
anxious	ADJ
any	ADV,DET,PRON
any1	PRON
anybody	PRON
anymore	ADV
anyone	PRON
anything	PRON
anytime	ADV
anyting	PRON
anyway	ADV,INTJ
anyways	ADV,INTJ
anywere	ADV
anywhere	ADV
aortic	ADJ
apart	ADV
apartment	NOUN
apartments	NOUN
apathetic	ADJ
apathy	NOUN
aperture	NOUN,PROPN
aphid	NOUN
aphids	NOUN
aphorisms	NOUN
apocalyptic	ADJ
apogee	NOUN
apologetic	ADJ
apologies	NOUN
apologised	VERB
apologize	VERB
app	NOUN
appalled	ADJ,VERB
apparatus	NOUN
apparent	ADJ
apparently	ADV
appartently	ADV
appartment	NOUN
appeal	NOUN,VERB
appealed	VERB
appealing	VERB
appeals	NOUN
appear	VERB
appearance	NOUN
appearances	NOUN
appeared	VERB
appearing	VERB
appears	VERB
appease	VERB
appellant	NOUN
appellants	NOUN
appellation	NOUN
appellees	NOUN
appendices	NOUN
appetite	NOUN
appetizers	NOUN
appetizing	ADJ
applaud	VERB
apple	NOUN
apples	NOUN
appliance	NOUN
appliances	NOUN
applicable	ADJ
applicant	NOUN
applicants	NOUN
application	NOUN
applications	NOUN
applied	ADJ,VERB
applies	VERB
apply	VERB
applying	VERB
appointed	VERB
appointees	NOUN
appointment	NOUN
appointments	NOUN
appologized	VERB
appraisal	NOUN
appreciate	VERB
appreciated	VERB
appreciates	VERB
appreciation	NOUN
apprehension	NOUN
apprehensive	ADJ
apprentice	NOUN
apprenticed	VERB
apprised	VERB
approach	NOUN,VERB
approachable	ADJ
approached	VERB
approaches	NOUN,VERB
appropriate	ADJ
appropriated	VERB
appropriately	ADV
appropriating	VERB
appropriation	NOUN
appropriations	NOUN
appropriators	NOUN
approval	NOUN
approve	VERB
approved	VERB
approves	VERB
approx.	ADV
approximate	ADJ
approximately	ADV
approximates	VERB
approximation	NOUN
apps	NOUN
appy	NOUN
apron	NOUN
aptly	ADV
aquarist	NOUN
aquarium	NOUN,PROPN
aquasafe	NOUN
aquatic	ADJ
aqueducts	NOUN
ar	AUX
arancini	NOUN
arbitrariness	NOUN
arbitrary	ADJ
arbitration	NOUN
arbitrators	NOUN
arc	NOUN
arch-murderer	NOUN
archaeological	ADJ
archeological	ADJ
archipelago	NOUN
architect	NOUN
architectural	ADJ
architecture	NOUN
archival	ADJ
archive	NOUN
archives	NOUN
archosaur	NOUN
are	AUX,VERB
area	NOUN
areas	NOUN
arena	NOUN
argue	VERB
argued	VERB
argues	VERB
arguing	VERB
argument	NOUN
argumentative	ADJ
arguments	NOUN
arid	ADJ
arise	VERB
arisen	VERB
arises	VERB
arising	VERB
aristocratic	ADJ
arm	NOUN,VERB
armadilla	NOUN
armament	NOUN
armaments	NOUN
armature	NOUN
armatures	NOUN
armed	ADJ,VERB
armies	NOUN
armored	ADJ
armour	NOUN
arms	NOUN
army	NOUN
aromas	NOUN
aromatic	ADJ
arose	VERB
around	ADP,ADV,NOUN
arrange	VERB
arranged	VERB,X
arrangement	NOUN
arrangements	NOUN
arranging	VERB
array	NOUN
arrayed	VERB
arrears	NOUN
arrest	NOUN,VERB
arrested	VERB
arresting	VERB
arrests	NOUN,VERB
arrival	NOUN
arrive	VERB
arrived	VERB
arrives	VERB
arriving	NOUN,VERB
arrogance	NOUN
arrogant	ADJ
arrogantly	ADV
arrv.	VERB
arsenal	NOUN
arsenals	NOUN
arsenic	NOUN
art	AUX,NOUN
arte	X
arterial	ADJ
arterials	NOUN
arteries	NOUN
artery	NOUN
artesian	ADJ
arthritis	NOUN
article	NOUN
articles	NOUN
articulated	VERB
articulating	NOUN,VERB
artifacts	NOUN
artificial	ADJ
artificially	ADV
artillery	NOUN
artist	NOUN
artistic	ADJ
artistically	ADV
artists	NOUN
arts	NOUN
artwork	NOUN
artworks	NOUN
artworld	NOUN
as	ADP,ADV,AUX,SCONJ
asap	ADV
asbestos	NOUN
ascend	VERB
ascendance	NOUN
ascending	VERB
ascertain	VERB
ascetic	ADJ
ascetics	NOUN
asexually	ADV
ashes	NOUN
asian	ADJ
asians	PROPN
aside	ADP,ADV
ask	SCONJ,VERB
asked	VERB
asking	VERB
asks	VERB
asleep	ADJ
asparagus	NOUN
aspect	NOUN
aspects	NOUN
aspen	NOUN
aspiration	NOUN
aspirational	ADJ
aspirations	NOUN
aspire	VERB
aspirin	NOUN
aspiring	VERB
ass	NOUN
assailant	NOUN
assassin	NOUN
assassinated	VERB
assassination	NOUN
assault	NOUN
assaulted	VERB
assaults	NOUN
assed	ADJ
assemble	VERB
assembled	VERB
assembling	VERB
assembly	NOUN
assert	VERB
asserted	VERB
asserting	VERB
assertion	NOUN
assertions	NOUN
assertive	ADJ
asses	NOUN
assess	VERB
assessed	VERB
assessing	VERB
assessment	NOUN
asset	NOUN
assets	NOUN
assign	VERB
assigned	VERB
assigning	VERB
assignment	NOUN
assist	NOUN,VERB
assistance	NOUN
assistant	ADJ,NOUN
assisted	VERB
assisting	VERB
associate	NOUN,VERB
associated	ADJ,VERB
associates	NOUN
association	NOUN
associations	NOUN
assorted	ADJ,VERB
assortment	NOUN
assuage	VERB
assume	VERB
assumed	VERB
assumes	VERB
assuming	VERB
assumption	NOUN
assumptions	NOUN
assurance	NOUN
assure	VERB
assured	VERB
assuring	VERB
asthma	NOUN
asthmatic	ADJ
astonished	ADJ,VERB
astonishing	VERB
astounded	VERB
astounding	ADJ
astride	ADP
astronauts	NOUN
astronomers	NOUN
astronomical	ADJ
astronomy	NOUN
astrophysics	NOUN
aswered	VERB
asylee	NOUN
asylum	NOUN
asymmetric	ADJ
asymmetrical	ADJ
asymptotic	ADJ
at	ADP,CCONJ,SCONJ
ate	VERB
athlete	NOUN
athletes	NOUN
athletic	ADJ
atm	ADV
atmosphere	NOUN
atmospheric	ADJ
atrocities	NOUN
atrocity	NOUN
atrophied	VERB
atrophy	NOUN
attach	VERB
attache	X
attached	ADJ,VERB
attaches	VERB
attaching	VERB
attachment	NOUN
attachments	NOUN
attack	NOUN,VERB
attacked	VERB
attacking	VERB
attacks	NOUN,VERB
attain	VERB
attainable	ADJ
attaining	VERB
attainment	NOUN
attempt	NOUN,VERB
attempted	VERB
attempting	VERB
attempts	NOUN,VERB
attend	VERB
attendance	NOUN
attendant	NOUN
attended	VERB
attendees	NOUN
attending	VERB
attention	NOUN
attentive	ADJ
attest	VERB
attitude	NOUN
attitudes	NOUN
attorney	NOUN
attorneys	NOUN
attract	VERB
attracted	VERB
attracting	VERB
attraction	NOUN
attractions	NOUN
attractive	ADJ
attracts	VERB
attributable	ADJ
attributed	VERB
attributing	VERB
atty	NOUN
au	PROPN
auction	NOUN
auctioning	VERB
audacity	NOUN
audible	ADJ
audience	NOUN
audiences	NOUN
audio	ADJ,NOUN
audiobooks	NOUN
audiotape	NOUN
audit	NOUN
auditioned	VERB
aught	NOUN
augment	VERB
augmentation	NOUN
augmentations	NOUN
augmented	VERB
august	ADJ
aunt	NOUN
aunte	NOUN
auspices	NOUN
authentic	ADJ
author	NOUN
authored	VERB
authoritarian	ADJ
authoritative	ADJ
authorities	NOUN
authority	NOUN
authorization	NOUN
authorized	VERB
authorizing	VERB
authors	NOUN
autism	NOUN
auto	NOUN,PROPN
autobiography	NOUN
autograph	NOUN
automated	ADJ
automatic	ADJ
automatically	ADV
automotive	ADJ
autonomous	ADJ
autonomy	NOUN
autumn	NOUN
auxiliary	ADJ
avail	NOUN
availability	NOUN
available	ADJ
availed	VERB
avant	NOUN,X
avarice	NOUN
avenger	NOUN
avenue	NOUN
avenues	NOUN
average	ADJ,NOUN
averaging	NOUN,VERB
averse	ADJ
aversion	NOUN
aversions	NOUN
avert	VERB
averted	VERB
avian	ADJ
aviation	NOUN
avocado	NOUN
avoid	VERB
avoidance	NOUN
avoided	VERB
avoiding	VERB
await	VERB
awaited	VERB
awaiting	VERB
awake	ADJ,VERB
award	NOUN
awarded	VERB
awarding	NOUN
awards	NOUN
aware	ADJ
awareness	NOUN
awash	ADJ
away	ADP,ADV
aways	NOUN
awe	NOUN
awesome	ADJ
awful	ADJ
awhile	ADV
awkward	ADJ
axial	ADJ
axis	NOUN
aye	INTJ
b	NOUN,NUM
b)	X
b****	NOUN
b-	INTJ
b.	VERB
b/t	ADP
ba.consumers	NOUN
babe	NOUN
babies	NOUN
babinos	NOUN
baby	ADJ,NOUN,PROPN
bachelor	NOUN
back	ADJ,ADP,ADV,NOUN,VERB,X
backbone	NOUN
backdated	VERB
backdrops	NOUN
backed	VERB
background	NOUN
backgrounds	NOUN
backing	VERB
backlog	NOUN
backpacks	NOUN
backpedalling	VERB
backs	NOUN
backside	NOUN
backup	NOUN
backward	ADJ,ADV
backwards	ADV
backyard	NOUN
bacteriologist	NOUN
bad	ADJ,ADV,NOUN
badder	ADJ
badge	NOUN
badgers	NOUN
badly	ADV
baffled	ADJ
bag	NOUN
bagels	NOUN
baggage	NOUN
bagh	PROPN
bags	NOUN
bail	NOUN
bait	NOUN,VERB
bake	VERB
baked	VERB
baker	NOUN
bakeries	NOUN
bakers	NOUN
bakery	NOUN
baking	NOUN
balance	NOUN,VERB
balanced	ADJ,VERB
balances	NOUN
balancing	NOUN,VERB
balconies	NOUN
balcony	NOUN
bald	ADJ
balding	VERB
baldness	NOUN
bale	VERB
baling	VERB
ball	NOUN
ballad	PROPN
ballerina	NOUN
ballet	NOUN
ballistic	ADJ
balloon	NOUN
balloons	NOUN
ballot	NOUN
balloting	NOUN
ballroom	NOUN
balls	NOUN
balsa	NOUN
ban	NOUN,VERB
banana	NOUN
band	NOUN
bandage	NOUN
bands	NOUN
bandwidth	NOUN
bang	NOUN,VERB
banging	VERB
banishes	VERB
bank	NOUN
banking	NOUN
banknote	NOUN
bankroll	VERB
bankrupt	ADJ
bankruptcies	NOUN
bankruptcy	NOUN
banks	NOUN
banned	VERB
banner	NOUN
banners	NOUN
banning	VERB
banquet	NOUN
bans	VERB
baptized	VERB
bar	NOUN,VERB
barbecue	NOUN
barbeque	VERB
barbershops	NOUN
barbie	PROPN
barclays	PROPN
barcodes	NOUN
barcoding	NOUN
bare	ADJ,VERB
bareback	ADJ,ADV
barely	ADV
barges	NOUN
bark	NOUN,VERB
barn	NOUN
barns	NOUN
barometers	NOUN
barons	NOUN
barred	VERB
barrel	NOUN
barrels	NOUN,VERB
barren	ADJ
barrier	NOUN
barriers	NOUN
barrister	NOUN
bars	NOUN
bartender	NOUN
bartenders	NOUN
bartending	VERB
base	NOUN,VERB
baseball	NOUN
based	ADJ,VERB
baseline	NOUN
baseman	NOUN
bases	NOUN,VERB
bashing	NOUN
basic	ADJ
basically	ADV
basic­ally	ADV
basil	NOUN
basis	ADJ,NOUN
basket	NOUN
basketball	NOUN
basking	NOUN,VERB
bass	NOUN
bassiana	X
bassoon	NOUN
bat	NOUN
batch	NOUN
batches	NOUN
bath	NOUN
bathed	VERB
bathing	NOUN,VERB
bathroom	NOUN
bathrooms	NOUN
bats	VERB
batsmen	NOUN
batted	VERB
batter	NOUN
battered	VERB
batteries	NOUN
battery	ADJ,NOUN
batting	NOUN,VERB
battle	NOUN,VERB
battled	VERB
battlefield	NOUN
battleground	NOUN
battles	NOUN,VERB
battling	VERB
bay	NOUN,PROPN
bays	NOUN
bazaar	NOUN
bd	PROPN
bday	NOUN
bdr	NOUN
be	AUX,NOUN,VERB
beach	NOUN
beaches	NOUN
beak	NOUN
beam	NOUN
beams	NOUN
bean	NOUN
beans	NOUN
bear	NOUN,VERB
beard	NOUN
bearded	ADJ,VERB
beardies	NOUN
beared	VERB
bearing	VERB
bears	NOUN,VERB
beast	PROPN
beasts	NOUN
beat	NOUN,VERB
beaten	VERB
beating	NOUN,VERB
beats	NOUN,VERB
beautiful	ADJ
beautifully	ADV
beauty	NOUN
beaver	NOUN
beavers	NOUN
became	VERB
because	ADP,SCONJ
becca	PROPN
beckons	VERB
become	VERB
becomes	VERB
becoming	VERB
becouse	SCONJ
becuse	ADP,SCONJ
bed	NOUN
bedding	NOUN
bedlam	NOUN
bedroom	NOUN
bedrooms	NOUN
beds	NOUN
beef	NOUN,VERB
beefing	VERB
been	AUX,VERB
beer	NOUN
beers	NOUN
bees	NOUN
bees'	NOUN
beetles	NOUN
before	ADP,ADV,SCONJ
befuddled	VERB
beg	VERB
began	VERB
begin	VERB
beginner	NOUN
beginners	NOUN
beginning	NOUN,VERB
beginnings	NOUN
begins	VERB
begs	VERB
begun	VERB
behalf	NOUN
behave	VERB
behaved	VERB
behavior	NOUN
behaviors	NOUN
behaviour	NOUN
behaviours	NOUN
behind	ADP,ADV
behold	INTJ
beige	ADJ
being	AUX,NOUN,VERB
beings	NOUN
belidve	VERB
belief	NOUN
beliefs	NOUN
believe	VERB
believed	VERB
believer	NOUN
believers	NOUN
believes	VERB
believing	VERB
belittle	VERB
belittling	ADJ
belive	VERB
bell	NOUN
bella	ADJ
belly	NOUN
belong	VERB
belonged	VERB
belonging	VERB
belongings	NOUN
belongs	VERB
beloved	ADJ
below	ADJ,ADP,ADV
belt	NOUN
belts	NOUN
bench	NOUN
bending	NOUN
bends	VERB
beneath	ADP
benedict	NOUN
benefactor	NOUN
beneficent	ADJ
beneficial	ADJ
beneficiary	NOUN
benefit	NOUN,VERB
benefited	VERB
benefiting	VERB
benefits	NOUN,VERB
benign	ADJ
bent	ADJ,VERB
bereaved	ADJ
berries	NOUN
berry	NOUN
berthage	NOUN
berths	NOUN
beseech	VERB
beside	ADP
besides	ADP
besieged	VERB
besmirched	VERB
besoin	X
best	ADJ,ADV
bestiality	NOUN
bestseller	NOUN
bet	NOUN,VERB
beta	NOUN
betrayed	VERB
betta	NOUN
bettas	NOUN
better	ADJ,ADV,VERB
bettering	VERB
betting	NOUN
between	ADP,SCONJ
beverage	NOUN,PROPN
beware	VERB
beyond	ADP,ADV,SCONJ
bias	NOUN
biased	ADJ
biases	NOUN
biasing	VERB
bicuspid	ADJ
bicycle	NOUN
bicycling	NOUN
bid	NOUN,VERB
bidders	NOUN
bidding	VERB
big	ADJ
bigger	ADJ,ADV
biggest	ADJ
bike	NOUN
bikes	NOUN
biking	VERB
bilateral	ADJ
bilked	VERB
bill	NOUN,VERB
billboards	NOUN
billiard	NOUN
billiards	NOUN
billing	NOUN
billion	NUM
billions	NOUN
bills	NOUN
bin	NOUN,PROPN
binary	ADJ,NOUN
bind	VERB
binding	VERB
binds	NOUN
bio	NOUN
biochemical	ADJ
biochemist	NOUN
biodefense	NOUN
biodiversity	NOUN
biogeochemistry	NOUN
biographers	NOUN
biographical	ADJ
biolab	NOUN
biological	ADJ
biologically	ADV
biologist	NOUN
biologists	NOUN
biology	NOUN
biomed.taiwan	PROPN
biosphere	NOUN
bioweaponeer	NOUN
bipartisan	ADJ
bipedal	ADJ
bird	NOUN
birdie	NOUN
birds	NOUN
birdy	NOUN
birth	NOUN
birthdate	NOUN
birthday	NOUN
birthright	NOUN
bisexual	ADJ
bit	NOUN
bitch	NOUN
bite	NOUN,VERB
bites	NOUN,VERB
biting	NOUN,VERB
bits	NOUN
bitter	ADJ
bitterness	NOUN
bitters	NOUN
bitty	ADJ
biz	NOUN
black	ADJ,NOUN
blackberry	NOUN
blacked	VERB
blackened	VERB
blackline	VERB
blacklined	VERB
blackmail	NOUN
blackouts	NOUN
blacksmithing	NOUN
blackworms	NOUN
bladder	NOUN
blade	NOUN
blades	NOUN
blah	INTJ
blak	ADJ
blame	NOUN,VERB
blames	VERB
blaming	VERB
blanco	PROPN
bland	ADJ
blank	ADJ
blanket	NOUN
blast	NOUN
blasted	VERB
blasting	VERB
blatantly	ADV
bleak	ADJ
bleeding	VERB
blend	NOUN,VERB
blended	VERB
blender	NOUN
blending	VERB
bless	VERB
blessed	VERB
blessings	NOUN
blew	VERB
blind	ADJ
blindfolds	NOUN
blindly	ADV
blindness	NOUN
blinds	VERB
blink	NOUN,VERB
blinked	VERB
blinking	NOUN,VERB
blinks	VERB
blip	NOUN
block	NOUN,VERB
blocked	VERB
blocks	NOUN
blog	NOUN
blogger	NOUN,PROPN
blogging	VERB
blogosphere	NOUN
blogs	NOUN
bloke	NOUN
blonde	ADJ
blood	NOUN
blooded	ADJ,VERB
bloodied	VERB
bloodletting	NOUN
bloodworms	NOUN
bloody	ADJ
bloodying	VERB
blooming	VERB
blossoming	NOUN
blouses	NOUN
blow	NOUN,VERB
blowback	NOUN
blowdry	NOUN
blower	NOUN
blowing	ADJ,NOUN,VERB
blown	VERB
blowout	NOUN
blows	NOUN,VERB
blue	ADJ,NOUN
blues	NOUN
bluff	NOUN
blunder	NOUN
bluntly	ADV
blur	VERB
blurred	VERB
blurring	VERB
blush	NOUN,VERB
bmc...@patriot.net	PROPN
bmil	PROPN
bn	NUM
board	ADP,NOUN,VERB
boarder	NOUN
boarders	NOUN
boarding	NOUN,VERB
boards	NOUN
boast	VERB
boasted	VERB
boasting	VERB
boasts	NOUN,VERB
boat	NOUN,PROPN
boats	NOUN
bob	PROPN
bobber	NOUN
bodice	NOUN
bodies	NOUN
body	NOUN
bodyguards	NOUN
bodytalk	NOUN
bodyworker	NOUN
boggles	VERB
bogus	ADJ
boil	VERB
boiled	VERB
boils	VERB
boisterous	ADJ
bold	ADJ
bolder	ADJ
boldness	NOUN
bolstered	VERB
bomb	NOUN,VERB
bombarding	VERB
bombast	NOUN
bombed	VERB
bomber	NOUN
bombers	NOUN
bombing	NOUN
bombings	NOUN
bombs	NOUN
bon	X
bona	X
bond	NOUN
bondad	PROPN
bonded	VERB
bonds	NOUN
bone	NOUN
bones	NOUN
bono	X
bonus	NOUN
boob	NOUN
book	NOUN,VERB
booked	VERB
booking	NOUN,VERB
bookings	NOUN
bookkeeping	NOUN
bookmakers	NOUN
books	NOUN
boom	NOUN
boomers	NOUN
booming	ADJ,VERB
boost	NOUN,VERB
boosted	VERB
booster	NOUN
boosts	VERB
boot	NOUN,VERB
booth	NOUN
booths	NOUN
boots	NOUN
border	NOUN
bordered	VERB
borderline	ADJ
borders	NOUN
bore	NOUN,VERB
bored	ADJ
borenste@haas.berkeley.edu	PROPN
boring	ADJ
born	VERB
borne	ADJ
borough	NOUN
borritos	NOUN
borrow	VERB
borrowings	NOUN
boss	NOUN
bosses	NOUN
boston	PROPN
botanicals	NOUN
botany	NOUN
both	ADV,CCONJ,DET
bother	VERB
bothered	VERB
botn	VERB
bottle	NOUN
bottleneck	NOUN
bottles	NOUN
bottom	ADJ,NOUN
bought	VERB
bouild	VERB
boulders	NOUN
boulevard	NOUN
boulevards	NOUN
bounce	NOUN
bounces	VERB
bouncy	ADJ
bound	ADJ,VERB
boundaries	NOUN
boundary	NOUN
bounded	VERB
bounds	NOUN
bouquet	NOUN
bout	NOUN
boutiques	NOUN
bouts	NOUN
bow	NOUN,VERB
bowel	NOUN
bowl	NOUN
bowled	VERB
bowls	NOUN
box	NOUN
boxer	NOUN
boxes	NOUN
boy	INTJ,NOUN
boycott	NOUN
boyfriend	NOUN
boys	NOUN
bozos	NOUN
bpd	NOUN
braced	VERB
brack	NOUN
bradley	PROPN
bragging	VERB
braid	NOUN
brain	NOUN
brainer	NOUN
braining	VERB
brains	NOUN
brainstorm	VERB
brainwash	VERB
brainwashed	VERB
brainwashing	NOUN
brakes	NOUN
branch	NOUN
branches	NOUN
brand	ADV,NOUN
bras	NOUN
brase	NOUN
brass	NOUN
brats	NOUN
brave	ADJ
bravely	ADV
bravery	NOUN
brazen	ADJ
breached	VERB
bread	NOUN
breadth	NOUN
break	NOUN,VERB
breakaway	NOUN
breakdown	NOUN
breakfast	NOUN
breakfasts	NOUN
breaking	NOUN,VERB
breakout	ADJ
breaks	NOUN,VERB
breakthrough	NOUN
breakthroughs	NOUN
breast	NOUN
breath	NOUN
breathe	VERB
breathed	VERB
breathing	NOUN,VERB
breathtaking	ADJ
bred	VERB
breed	NOUN,VERB
breeder	NOUN
breeding	NOUN,VERB
breeeding	NOUN
breeze	NOUN
breezes	NOUN
brethren	NOUN
brevet	NOUN
brewery	NOUN
breyer	NOUN
breyers	NOUN
brianp@aiglincoln.com	PROPN
bribery	NOUN
brick	NOUN
bridal	ADJ
brides	NOUN
bridge	NOUN
bridges	NOUN
brief	ADJ,NOUN,VERB
briefed	VERB
briefing	NOUN
briefly	ADV
briefs	NOUN
brigade	NOUN
brigades	NOUN
brigadier	NOUN
bright	ADJ
brightly	ADV
brightness	NOUN
brimming	VERB
bring	VERB
bringing	VERB
brings	VERB
brink	NOUN
brinkmanship	NOUN
bristle	VERB
broached	VERB
broad	ADJ,PROPN
broadband	NOUN
broadcast	NOUN,VERB
broadcasters	NOUN
broadcasting	NOUN,VERB
broadcasts	NOUN,VERB
broaden	VERB
broader	ADJ
broadline	ADJ
broadly	ADV
broccoli	NOUN
brochure	NOUN
broke	ADJ,VERB
broken	ADJ,VERB
broker	NOUN
brokerage	NOUN
brokered	VERB
bron-	INTJ
bronchitis	NOUN
bronze	NOUN
bronzy	ADJ
brothel	NOUN
brother	NOUN
brothers	NOUN
brought	VERB
brown	ADJ,NOUN
browse	NOUN,VERB
browser	NOUN
browsers	NOUN
bruised	VERB
bruises	NOUN
brumation	NOUN
brunaanastacio@hotmail.com	PROPN
brunch	NOUN
brunt	NOUN
brushes	NOUN
brutal	ADJ
brutality	NOUN
bryer	NOUN
bs	NOUN
bta	PROPN
btw	ADV
bubble	NOUN
buck	NOUN
bucket	NOUN
bucks	NOUN
buddies	NOUN
buddy	NOUN,VERB
budge	VERB
budget	NOUN
budgeted	VERB
budgets	NOUN
budgie	NOUN
budgies	NOUN
buds	NOUN
buffer	VERB
buffet	NOUN
buffs	NOUN
bug	NOUN
bugle	VERB
bugless	ADJ
bugs	NOUN
build	NOUN,VERB
build-outs	NOUN
building	NOUN,VERB
buildings	NOUN
builds	VERB
buildup	NOUN
built	VERB
bulb	NOUN
bulbs	NOUN
bulk	NOUN
bull	NOUN
bulldozes	VERB
bullet	NOUN
bulletin	NOUN
bullfights	NOUN
bullseye	NOUN
bullshit	NOUN
bully	NOUN
bullying	VERB
bumped	VERB
bumping	VERB
bun	NOUN
bunch	NOUN
bundle	NOUN
bundling	VERB
bungling	NOUN
bunker	VERB
buoys	NOUN
burden	NOUN
burdens	NOUN
burdensome	ADJ
bureau	NOUN
bureaucratic	ADJ
bureaucratically	ADV
burger	NOUN
burgers	NOUN
burglar	NOUN
burglars	NOUN
burial	NOUN
buried	VERB
buring	VERB
burn	NOUN,VERB
burned	VERB
burner	NOUN
burners	NOUN
burning	NOUN,VERB
burns	NOUN
burnt	ADJ
burp	NOUN,VERB
burrow	VERB
burrowed	VERB
burrowing	VERB
burrows	NOUN,VERB
burst	NOUN,VERB
bus	NOUN
buses	NOUN
bush	NOUN,PROPN
bushes	NOUN
busier	ADJ
busiest	ADJ
business	NOUN
businesses	NOUN
businesslike	ADJ
businessmen	NOUN
businessperson	NOUN
bust	NOUN,VERB
busted	VERB
buster	NOUN
bustle	NOUN
bustling	ADJ,VERB
busy	ADJ
busybodies	NOUN
but	ADP,ADV,CCONJ,NOUN,SCONJ
butcher	VERB
butt	NOUN
butter	NOUN
buttered	VERB
butterflies	NOUN
butterfly	NOUN
buttery	ADJ
button	NOUN
buttons	NOUN
buy	NOUN,VERB,X
buyer	NOUN
buyers	NOUN
buying	NOUN,VERB
buys	ADJ,VERB
buzzing	NOUN
buzzwords	NOUN
by	ADP,ADV,AUX,SCONJ
bye	INTJ,NOUN
bypass	VERB
bypasses	NOUN
bypassing	VERB
byproduct	NOUN
bɛʁˈnʊli	PROPN
c	NOUN,NUM
c'm	VERB
c-	INTJ
c.	ADV,NOUN
c.l.h.warwick@durham.ac.uk	PROPN
ca	ADP,AUX
ca.	ADV
cab	NOUN
cabbage	NOUN
cabin	NOUN
cabinet	NOUN
cabinets	NOUN
cabins	NOUN
cable	NOUN
cacao	NOUN
cache	NOUN
caches	NOUN
caching	VERB
cactus	NOUN
cafe	NOUN
cafes	NOUN
cafeteria	NOUN
caffeine	NOUN
cage	NOUN
caged	VERB
cages	NOUN
cake	NOUN
cakes	NOUN
calcium	NOUN
calculate	VERB
calculated	VERB
calculating	VERB
calculation	NOUN
calculus	NOUN
calendar	NOUN,VERB
calendars	NOUN
calender	NOUN
calf	NOUN
calibrated	VERB
calico	NOUN
call	NOUN,VERB
called	VERB
calligraphic	ADJ
calling	NOUN,VERB
calls	NOUN,VERB
callum	PROPN
calm	ADJ,VERB
calmest	ADJ
calming	ADJ
calmly	ADV
calmness	NOUN
calories	NOUN
caloy	PROPN
came	VERB
camel	NOUN
camels	NOUN
camera	NOUN
cameras	NOUN
camp	NOUN,VERB
campaign	NOUN
campaigner	NOUN
campaigning	NOUN,VERB
campaigns	NOUN,VERB
camper	NOUN
campfire	NOUN
camping	NOUN,VERB
camps	NOUN
campsite	NOUN
campsites	NOUN
campus	NOUN
can	AUX,NOUN
canada	PROPN
canadian	ADJ
canal	NOUN
canan	PROPN
canape's	NOUN
cancel	VERB
canceling	VERB
cancellations	NOUN
cancelled	VERB
cancer	NOUN
cancers	NOUN
candid	ADJ
candidate	NOUN
candidates	NOUN
candies	NOUN
candle	NOUN
candles	NOUN
canister	NOUN
canned	VERB
cannibals	NOUN
cannon	NOUN
canoeing	VERB
canoes	NOUN
canon	PROPN
cans	NOUN
cantering	VERB
canvas	NOUN
cap	NOUN
capabilities	NOUN
capability	NOUN
capable	ADJ
capacities	NOUN
capacity	NOUN
capelin	NOUN
caper	NOUN
capita	NOUN
capital	ADJ,NOUN
capitalism	NOUN
capitalization	NOUN
capitalizing	VERB
capitals	NOUN
capped	VERB
caps	NOUN,VERB
capsule	NOUN
capsules	NOUN
captain	NOUN,PROPN
captained	VERB
captivated	ADJ
captive	ADJ
capture	NOUN,VERB
captured	VERB
car	NOUN
caramel	NOUN
carbon	NOUN
carbons	NOUN
carbonyl	NOUN
carbs	NOUN
carburetor	NOUN
carcinoma	NOUN
card	NOUN
cardiac	ADJ
cardinal	ADJ,NOUN
cards	NOUN
care	NOUN,VERB
cared	VERB
career	NOUN
career-wise	ADV
careers	NOUN
careful	ADJ
carefully	ADV
careless	ADJ
cares	VERB
cargo	NOUN
caribou	NOUN
caring	ADJ,NOUN,VERB
carless	ADJ
carnival	PROPN
carol.st.clair@enron.com	PROPN
carolina	PROPN
carotid	NOUN
carpenter	NOUN
carpet	NOUN
carpets	NOUN
carport	NOUN
carribean	ADJ
carried	VERB
carrier	NOUN
carriers	NOUN
carries	VERB
carrot	NOUN
carrots	NOUN
carry	VERB
carrying	VERB
cars	NOUN
carton	NOUN
cartoon	NOUN
cartoons	NOUN
cartoony	ADJ
carts	NOUN
carve	VERB
carved	VERB
carvings	NOUN
cascade	NOUN
cascades	NOUN
case	NOUN,VERB
cases	NOUN
cash	NOUN,VERB
cashier	NOUN
cashout	NOUN
casing	VERB
casserole	NOUN
cast	NOUN,VERB
casting	NOUN
castle	NOUN
castling	NOUN
castration	NOUN
casual	ADJ
casually	ADV
casualties	NOUN
casualty	NOUN
cat	NOUN
catacombs	NOUN
catagory	NOUN
catalog	NOUN
cataloging	VERB
catalogue	NOUN
catalytic	ADJ
catapult	VERB
catastrophe	NOUN
catastrophic	ADJ
catch	NOUN,VERB
catcher	NOUN
catching	VERB
categorically	ADV
categories	NOUN
categorization	NOUN
categorizing	VERB
category	NOUN
cater	NOUN,VERB
caterers	NOUN
catering	NOUN
caters	VERB
catfish	NOUN
cathedral	NOUN
catholic	ADJ
cats	NOUN
cattle	NOUN
caucasian	ADJ
caucasians	NOUN,PROPN
caught	VERB
cauldron	NOUN
cauliflower	NOUN
causal	ADJ
causality	NOUN
causation	NOUN
cause	NOUN,SCONJ,VERB
caused	VERB
causes	NOUN,VERB
causing	VERB
caution	NOUN
cautionary	ADJ
cautioned	VERB
cautious	ADJ
cautiously	ADV
cave	NOUN
caveat	NOUN
caves	NOUN
cavies	NOUN
cayenne	NOUN
cc	NOUN,VERB
cd	PROPN
cdg	PROPN
cease	NOUN,VERB
ceasefire	NOUN
ceases	VERB
cehf	NOUN
ceiling	NOUN
celebrate	VERB
celebrated	ADJ,VERB
celebrates	VERB
celebration	NOUN
celebrations	NOUN
celebrities	NOUN
celebrity	NOUN
celery	NOUN
cell	NOUN
cellar	NOUN
cellphones	NOUN
cells	NOUN
cellular	ADJ
cement	NOUN
cemented	VERB
cemetery	NOUN
cenobitic	ADJ
cenotaph	NOUN
cenote	NOUN
censor	VERB
censored	VERB
census	NOUN
censuses	NOUN
cent	NOUN,X
center	NOUN
centered	VERB
centerpiece	NOUN
centers	NOUN
centimetre	NOUN
central	ADJ
centralize	VERB
centralized	ADJ
centrally	ADV
centre	NOUN
centres	NOUN
cents	NOUN
centuries	NOUN
century	NOUN
ceramic	ADJ
cere	NOUN
cereal	NOUN
ceremonies	NOUN
ceremonious	ADJ
ceremoniously	ADV
ceremony	NOUN
certain	ADJ
certainly	ADV
certainty	NOUN
certificate	NOUN
certificates	NOUN
certification	NOUN
certified	ADJ
cge	NOUN
ch-	INTJ
chai	NOUN
chain	NOUN,PROPN
chains	NOUN
chair	NOUN
chairman	NOUN
chairpersons	NOUN
chairs	NOUN,VERB
chalk	NOUN
chalked	VERB
challenge	NOUN,VERB
challenged	VERB
challenges	NOUN,VERB
challenging	ADJ,VERB
chambermaid	NOUN
chambers	NOUN
champion	NOUN
championship	NOUN
chance	NOUN
chances	NOUN
chandelier	NOUN
change	NOUN,VERB
changeable	ADJ
changed	VERB
changer	NOUN
changes	NOUN,VERB
changing	NOUN,VERB
channel	NOUN
channeled	VERB
channelled	VERB
channels	NOUN
chant	VERB
chanting	VERB
chants	NOUN
chaos	NOUN
chaotic	ADJ
chapel	NOUN
chaps	NOUN
chapter	NOUN
chapters	NOUN
character	NOUN
characteristic	NOUN
characteristics	NOUN
characterization	NOUN
characterize	VERB
characterized	VERB
characterizing	VERB
characters	NOUN
charcoal	NOUN
charge	NOUN,VERB
charged	VERB
charger	VERB
charges	NOUN,VERB
charging	VERB
charitable	ADJ
charities	NOUN
charity	NOUN
charlatans	NOUN
charm	NOUN
charming	ADJ,PROPN
charms	NOUN
chart	NOUN
charter	NOUN
chartered	VERB
chartering	VERB
chase	NOUN
chased	VERB
chases	VERB
chasing	VERB
chasms	NOUN
chat	NOUN,VERB
chats	NOUN
chattels	NOUN
chatting	VERB
chauvinisms	NOUN
cheap	ADJ
cheaper	ADJ
cheapest	ADJ
cheaply	ADV
cheat	VERB
cheated	VERB
check	NOUN,VERB
checked	VERB
checkerspot	NOUN
checking	VERB
checkout	NOUN
checks	NOUN,VERB
checkups	NOUN
cheek	NOUN
cheeks	NOUN
cheers	NOUN
cheese	NOUN
chef	NOUN,VERB
chefs	NOUN
chem	NOUN
chemical	ADJ,NOUN
chemically	ADV
chemicals	NOUN
chemist	NOUN
chemistries	NOUN
chemistry	NOUN
cheque	NOUN
cheques	NOUN
cherished	VERB
cherries	NOUN
chess	NOUN
chest	NOUN
cheung	PROPN
chew	NOUN,VERB
chewed	VERB
chewing	VERB
chewy	ADJ
chi	PROPN
chicken	NOUN
chickens	NOUN
chicks	NOUN
chief	ADJ,NOUN
chiefs	NOUN,PROPN
chien	X
child	NOUN
childbirth	NOUN
childcare	NOUN
childhood	NOUN
childish	ADJ
children	NOUN
chili	NOUN
chill	ADJ,NOUN,VERB
chilling	VERB
chills	NOUN
chimichangas	NOUN
chinatown	PROPN
chinese	ADJ,PROPN
chineze	ADJ
chipped	VERB
chips	NOUN
chiro	NOUN
chiropractric	NOUN
chiros	NOUN
chirping	NOUN,VERB
chloride	NOUN
chlorination	NOUN
chlorine	NOUN
chnages	NOUN
chock	ADV
chocked	VERB
chocolate	NOUN
choice	ADJ,NOUN
choices	NOUN
choir	NOUN
chomping	VERB
choose	VERB
chooses	VERB
choosing	VERB
chop	NOUN,VERB
chopping	VERB
choppy	ADJ
chops	NOUN
choramine	NOUN
chords	NOUN
chores	NOUN
chorion	NOUN
chose	VERB
chosen	VERB
chrisssake	NOUN
christchurch	PROPN
christened	VERB
christian	ADJ,PROPN
christmas	PROPN
chromatograph	NOUN
chrome	NOUN
chromosome	NOUN
chronic	ADJ
chunk	NOUN
chunked	VERB
church	NOUN
churchy	ADJ
cicada	NOUN
cichlid	NOUN
cider	NOUN
cigarette	NOUN
cimartinez@flog.uned.es	PROPN
cinema	NOUN
cinnabara	X
cinnamon	NOUN
circa	ADP
circle	NOUN,VERB
circled	VERB
circles	NOUN,VERB
circling	VERB
circuit	NOUN
circular	ADJ
circularisation	NOUN
circulate	VERB
circulated	VERB
circulates	VERB
circulating	VERB
circulation	NOUN
circulations	NOUN
circulatory	ADJ
circumference	NOUN
circumstances	NOUN
citadel	NOUN
citation	NOUN
citations	NOUN
cite	VERB
cited	VERB
cites	VERB
cities	NOUN
citing	VERB
citizen	NOUN
citizens	NOUN
citizenship	NOUN
citrus	ADJ,NOUN
city	NOUN
civet	NOUN
civic	ADJ
civil	ADJ
civilian	ADJ
civilians	NOUN
civilisation	NOUN
civility	NOUN
civilization	NOUN
civilizations	NOUN
civilized	ADJ
ck	VERB
claim	NOUN,VERB
claimants	NOUN
claimed	VERB
claiming	VERB
claims	NOUN,VERB
claire.bailey-ross@port.ac.uk	PROPN
clamoring	NOUN,VERB
clampdown	NOUN
clamped	VERB
clamps	NOUN
clan	NOUN
clarification	NOUN
clarified	VERB
clarify	VERB
clarity	NOUN
clash	NOUN,VERB
clashes	NOUN,VERB
class	NOUN
classes	NOUN
classic	ADJ,NOUN
classical	ADJ
classics	NOUN
classiest	ADJ
classified	ADJ,VERB
classmate	NOUN
classmates	NOUN
classroom	NOUN
clause	NOUN
clawing	VERB
claws	NOUN
clay	NOUN
clean	ADJ,NOUN,VERB
cleaned	VERB
cleaner	ADJ,NOUN
cleaners	NOUN
cleanest	ADJ
cleaning	NOUN,VERB
cleanup	NOUN
clear	ADJ,ADV,VERB
cleared	VERB
clearer	ADJ
clearing	VERB
clearly	ADV
cleaser	NOUN
clergy	NOUN
cleric	NOUN
clerics	NOUN
clerk	NOUN
cleverly	ADV
click	NOUN,VERB
clicked	VERB
clicker	NOUN
clicking	VERB
client	NOUN
clientelage	NOUN
clients	NOUN
cliff	NOUN
cliffy	ADJ
climate	NOUN
climates	NOUN
climb	VERB
climber	NOUN
climbing	VERB
clinched	VERB
cling	VERB
clings	VERB
clinic	NOUN
clinical	ADJ
clinics	NOUN
clip	NOUN
clippings	NOUN
clips	NOUN
cloak	NOUN
clock	NOUN
clockwork	PROPN
clods	NOUN
clog	NOUN,VERB
clogging	VERB
clones	NOUN
close	ADJ,ADV,NOUN,VERB
closed	ADJ,VERB
closely	ADV
closer	ADJ,ADV
closes	VERB
closest	ADJ
closet	NOUN
closing	ADJ,NOUN,VERB
cloth	NOUN
clothes	NOUN
clothing	NOUN
cloud	NOUN,VERB
clouds	NOUN
cloudy	ADJ
club	NOUN
clubhouse	NOUN
clubs	NOUN
clue	NOUN
clues	NOUN
clumps	NOUN
clumsy	ADJ
cluster	NOUN
clustered	VERB
cm	NOUN
co	X
co$t	VERB
co-creators	NOUN
co-founded	VERB
co-founder	NOUN
co-op	NOUN
co-operate	VERB
co-ordinated	VERB
co-ordination	NOUN
co-owned	VERB
co-ownership	NOUN
co-parenting	VERB
co-signing	VERB
co-star	NOUN
co-starred	VERB
co-stars	NOUN
co-workers	NOUN
co.	NOUN
coach	NOUN
coal	NOUN
coalition	NOUN
coals	NOUN
coast	NOUN
coastal	ADJ,NOUN
coastline	NOUN
coat	NOUN
coating	NOUN
coats	NOUN
coauthor	NOUN
coax	VERB
cock	VERB
cockatiel	NOUN
cocked	ADJ
cocktail	NOUN
coconut	NOUN
cod	NOUN,PROPN
code	NOUN
coded	VERB
codes	NOUN
codex	NOUN
codices	NOUN
coding	NOUN,VERB
coed	ADJ
coerce	VERB
coercion	NOUN
coffee	NOUN
coffeehouses	NOUN
coffeeshop	NOUN
coffins	NOUN
cognition	NOUN
cognitive	ADJ
cognitively	ADV
cohesive	ADJ
coiled	ADJ
coils	NOUN
coin	NOUN
coincided	VERB
coincidence	NOUN
coincidental	ADJ
coincidentally	ADV
coincides	VERB
coined	VERB
coins	NOUN
col	NOUN
colada	NOUN
cold	ADJ,AUX,NOUN
colder	ADJ
collaborate	VERB
collaborated	VERB
collaboration	NOUN
collaborations	NOUN
collaborative	ADJ
collaboratively	ADV
collaborator	NOUN
collage	NOUN
collages	NOUN
collapse	NOUN,VERB
collapsed	VERB
collapsing	VERB
collar	NOUN
collasped	VERB
collateral	ADJ,NOUN
colleague	NOUN
colleagues	NOUN
collect	VERB
collected	VERB
collecting	VERB
collection	NOUN
collections	NOUN
collective	ADJ
collectively	ADV
collector	NOUN
collectors	NOUN
collects	VERB
college	NOUN
colleges	NOUN
collide	VERB
collisions	NOUN
collusion	NOUN
colon	NOUN
colonial	ADJ
colonials	NOUN
colonies	NOUN
colonization	NOUN
colonized	VERB
colonizers	NOUN
colony	NOUN
color	NOUN,PROPN
colored	VERB
colorful	ADJ
colors	NOUN
colour	NOUN
coloured	ADJ
colourful	ADJ
colours	NOUN
column	NOUN
columnist	NOUN
columns	NOUN
com	NOUN
comb	NOUN
combat	NOUN,VERB
combatants	NOUN
combative	ADJ
combed	VERB
combination	NOUN
combinazioni	X
combine	VERB
combined	VERB
combines	VERB
combining	VERB
combo	NOUN
combs	NOUN
come	VERB
comeback	NOUN
comedian	NOUN
comedians	NOUN
comedy	NOUN
comers	NOUN
comes	VERB
comet	NOUN
comfort	NOUN
comfortable	ADJ
comfortably	ADV
comforter	NOUN
comforting	ADJ
comforts	NOUN
comfty	ADJ
comfy	ADJ
comfyy	ADJ
comic	ADJ,NOUN
comics	NOUN
coming	NOUN,VERB
comm-	INTJ
comma	NOUN
command	NOUN,VERB
commandant	NOUN
commanded	VERB
commander	NOUN
commanders	NOUN
commands	NOUN
commate	NOUN
commemorate	VERB
commemorated	VERB
commence	VERB
commenced	VERB
commend	VERB
commendable	ADJ
commended	VERB
comment	NOUN,VERB
commentaries	NOUN
commentary	NOUN
commentators	NOUN
commented	VERB
comments	NOUN
commerce	NOUN
commercial	ADJ,NOUN
commercialish	ADJ
commercialize	VERB
commercially	ADV
commission	NOUN
commissioned	VERB
commissioners	NOUN
commissions	NOUN
commit	VERB
commitee	NOUN
commitment	NOUN
commitments	NOUN
committed	ADJ,VERB
committee	NOUN
committees	NOUN
committing	VERB
committment	NOUN
committments	NOUN
commodities	NOUN
commodity	NOUN
common	ADJ,NOUN
commonion	NOUN
commonly	ADV
commonplace	ADJ
commons	NOUN
commonsense	ADJ
communalism	NOUN
communicate	VERB
communicated	VERB
communicating	VERB
communication	NOUN
communications	NOUN
communicative	ADJ
communicator	NOUN
communism	NOUN
communist	ADJ
communistic	ADJ
communists	NOUN
communities	NOUN
community	NOUN
communitywide	ADJ
commuting	VERB
comp.	NOUN
comp.mail.maps	NOUN
comp.sources.d	NOUN
comp.sources.unix	NOUN
compact	ADJ
companie$	NOUN
companies	NOUN
companion	NOUN
companions	NOUN
company	NOUN
company's	NOUN
comparability	NOUN
comparable	ADJ
comparative	ADJ
compare	VERB
compared	VERB
compares	VERB
comparing	VERB
comparison	NOUN
comparisons	NOUN
compartmentalize	VERB
compass	NOUN
compassion	NOUN
compassionate	ADJ
compatibility	NOUN
compatible	ADJ
compel	VERB
compelled	VERB
compelling	ADJ
compeltly	ADV
compensate	VERB
compensation	NOUN
compete	VERB
competed	VERB
competence	NOUN
competent	ADJ
competing	VERB
competition	NOUN
competitions	NOUN
competitive	ADJ
competitiveness	NOUN
compiling	VERB
complain	VERB
complained	VERB
complaining	VERB
complaint	NOUN
complaints	NOUN
complement	VERB
complementary	ADJ
complements	VERB
complete	ADJ,VERB
completed	VERB
completely	ADV
completing	VERB
completion	NOUN
completly	ADV
complex	ADJ,NOUN
complexes	NOUN
complexities	NOUN
compliance	NOUN
complicated	ADJ
complications	NOUN
complicit	ADJ
compliment	NOUN
complimented	VERB
compliments	NOUN
comply	VERB
complying	VERB
component	NOUN
componential	ADJ
components	NOUN
compose	VERB
composed	VERB
composing	VERB
composition	NOUN
compost	NOUN
compound	ADJ,VERB
compounded	VERB
compounds	NOUN
comprehend	VERB
comprehension	NOUN
comprehensive	ADJ
compress	VERB
compression	NOUN
compressor	NOUN
comprise	VERB
comprised	VERB
comprising	VERB
compromise	NOUN
compromising	VERB
comps.	NOUN
compulsion	NOUN
compulsive	ADJ
computational	ADJ
computer	NOUN
computers	NOUN
computing	NOUN
con.	X
conced-	NOUN
concede	VERB
conceded	VERB
conceding	VERB
conceivable	ADJ
conceivably	ADV
conceived	VERB
concentrate	VERB
concentrated	VERB
concentrating	VERB
concentration	NOUN
concentrations	NOUN
concentric	ADJ
concept	NOUN
concepts	NOUN
conceptual	ADJ
conceptualize	VERB
conceptualizing	VERB
concern	NOUN,VERB
concerned	ADJ,VERB
concerning	ADJ,VERB
concerns	NOUN
concert	NOUN
concerted	ADJ
concerts	NOUN
concession	NOUN
conciliatory	ADJ
conclave	NOUN
conclude	VERB
concluded	VERB
concludes	VERB
concluding	VERB
conclusion	NOUN
conclusions	NOUN
concrete	ADJ,NOUN
concur	VERB
concurrently	ADV
condemn	VERB
condemnation	NOUN
condemnations	NOUN
condemned	VERB
condemning	VERB
condemns	VERB
condensed	VERB
condescending	ADJ
condiments	NOUN
condition	NOUN,VERB
conditioned	VERB
conditioner	NOUN
conditioning	NOUN
conditions	NOUN
conditionting	NOUN
conditons	NOUN
condo	NOUN
condominium	NOUN
condone	VERB
condos	NOUN
conducive	ADJ
conduct	NOUN,VERB
conducted	VERB
conducting	VERB
conduit	NOUN
conduits	NOUN
confer	VERB
confer.	NOUN
conferees	NOUN
conference	NOUN,VERB
conferenced	VERB
conferences	NOUN
confessed	VERB
confession	NOUN
confessor	NOUN
confidante	NOUN
confided	VERB
confidence	NOUN
confident	ADJ
confidential	ADJ
confidentiality	NOUN
confidently	ADV
configurations	NOUN
confine	VERB
confined	VERB
confines	NOUN
confirm	NOUN,VERB
confirmation	NOUN
confirmed	VERB
confirming	VERB
confirms	NOUN
confiscated	VERB
confiscation	NOUN
conflagration	NOUN
conflating	VERB
conflict	NOUN,VERB
conflicting	ADJ,VERB
conflicts	NOUN,VERB
confluence	NOUN
conform	VERB
conformity	NOUN
confront	VERB
confrontation	NOUN
confronted	VERB
confronting	VERB
confuse	VERB
confused	ADJ,VERB
confusing	ADJ
confusion	NOUN
congested	ADJ
congestion	NOUN
conglomerate	NOUN
congratulate	VERB
congratulated	VERB
congratulations	NOUN
congregation	NOUN
congress	NOUN,PROPN
congressman	NOUN
congruence	NOUN
conjecture	NOUN
conjectures	NOUN
conjointly	ADV
conjunction	NOUN
connect	VERB
connected	VERB
connecting	VERB
connection	NOUN
connections	NOUN
connects	VERB
conned	VERB
connoisseur	NOUN
connotations	NOUN
conquer	VERB
conquered	VERB
conquest	NOUN
conquistador	NOUN
conquistadors	NOUN
cons	NOUN
conscience	NOUN
conscientious	ADJ
conscious	ADJ
consciously	ADV
consciousness	NOUN
consecutive	ADJ
consensus	NOUN
consent	NOUN,VERB
consented	VERB
consenting	VERB
consequence	NOUN
consequences	NOUN
consequential	ADJ
consequently	ADV
conservation	NOUN
conservationists	NOUN
conservative	ADJ
conservatives	NOUN
conservatory	NOUN
consider	VERB
considerable	ADJ
considerably	ADV
considerate	ADJ
consideration	NOUN
considerations	NOUN
considered	VERB
considering	VERB
considers	VERB
consist	VERB
consisted	VERB
consistency	NOUN
consistent	ADJ
consistently	ADV
consists	VERB
console	NOUN
consolidated	VERB
consolidation	NOUN
consortium	NOUN
conspiracy	NOUN
conspirator	NOUN
constant	ADJ,NOUN
constantly	ADV
constituencies	NOUN
constituency	NOUN
constituent	NOUN
constitute	VERB
constituted	VERB
constitution	NOUN
constitutional	ADJ
constitutionally	ADV
constitutions	NOUN
constrained	VERB
constraint	NOUN
constraints	NOUN
constructed	VERB
constructing	VERB
construction	NOUN,PROPN
constructive	ADJ
constructivist	ADJ
constructs	NOUN
construe	VERB
construing	VERB
consulates	NOUN
consult	VERB
consultants	NOUN
consultation	NOUN
consulted	VERB
consulting	NOUN,VERB
consume	VERB
consumed	VERB
consumer	NOUN
consumerism	NOUN
consumers	NOUN
consumes	VERB
consuming	VERB
consumption	NOUN
contact	NOUN,VERB
contacted	VERB
contacting	VERB
contacts	NOUN
contagious	ADJ
contain	VERB
contained	ADJ,VERB
container	NOUN
containers	NOUN
containing	VERB
contains	VERB
contaminated	VERB
contemplate	VERB
contemplated	VERB
contemplates	VERB
contemplating	VERB
contemporaries	NOUN
contemporary	ADJ
contend	VERB
contended	VERB
contenders	NOUN
contends	VERB
content	ADJ,NOUN
contentious	ADJ
contents	NOUN
contest	NOUN,VERB
contested	VERB
context	NOUN
contexts	NOUN
continent	NOUN
continental	ADJ
continents	NOUN
contingencies	NOUN
contingent	NOUN
continually	ADV
continuation	NOUN
continue	VERB
continued	VERB
continues	VERB
continuing	VERB
continuous	ADJ
continuously	ADV
contours	NOUN
contract	NOUN,VERB
contracted	VERB
contracting	NOUN
contraction	NOUN
contractor	NOUN
contractors	NOUN
contracts	NOUN,VERB
contradict	VERB
contradicting	VERB
contradicts	VERB
contrary	ADJ,ADV,NOUN
contrast	NOUN
contrasted	VERB
contrasts	NOUN
contravention	NOUN
contribute	VERB
contributed	VERB
contributes	VERB
contributing	VERB
contribution	NOUN
contributions	NOUN
contributor	NOUN
control	NOUN,VERB
controlled	VERB
controllers	NOUN
controlling	VERB
controls	NOUN,VERB
controversial	ADJ
controversially	ADV
controversy	NOUN
conundrum	NOUN
convalescent	ADJ
convenience	NOUN
convenient	ADJ
conveniently	ADV
convening	VERB
convention	NOUN
conventional	ADJ
conventions	NOUN
convergence	NOUN
conversation	NOUN
conversational	ADJ
conversations	NOUN
conversos	NOUN
convert	VERB
converted	ADJ,VERB
converter	NOUN
convertible	ADJ
converting	VERB
convey	VERB
conveyed	VERB
conveyor	NOUN
conveys	VERB
convict	NOUN
convicted	VERB
conviction	NOUN
convictions	NOUN
convicts	NOUN
convience	NOUN
convince	VERB
convinced	ADJ,VERB
convincing	ADJ,VERB
convincingly	ADV
convoys	NOUN
convulsed	VERB
cook	NOUN,VERB
cookbook	NOUN
cooked	VERB
cookies	NOUN
cookin'	VERB
cooking	NOUN,VERB
cool	ADJ,ADV
cooled	VERB
cooler	ADJ
cooling	VERB
cools	VERB
coop	NOUN
cooperate	VERB
cooperated	VERB
cooperating	VERB
cooperation	NOUN
cooperative	NOUN
coordinate	NOUN,VERB
coordinated	VERB
coordinating	VERB
coordination	NOUN
coordinator	NOUN
coordinator's	NOUN
cop	NOUN
cope	VERB
copied	VERB
copies	NOUN
coping	VERB
copper	NOUN
copy	NOUN,VERB
copying	NOUN,VERB
copyright	NOUN
copyrighted	VERB
copyrights	NOUN
coquette	NOUN
cord	NOUN
core	ADJ,NOUN
coreligionists	NOUN
cork	NOUN
corking	NOUN
corn	NOUN
corner	NOUN
corners	NOUN
cornerstones	NOUN
corns	NOUN
coronavirus	NOUN
corpora	NOUN
corporate	ADJ
corporation	NOUN
corporations	NOUN
corps	NOUN
corpus	NOUN
correct	ADJ,VERB
corrected	VERB
correction	NOUN
corrections	NOUN
correctly	ADV
correctness	NOUN
correlates	NOUN
correlation	NOUN
correspond	VERB
correspondances	NOUN
correspondence	NOUN
correspondences	NOUN
correspondent	NOUN
corresponding	ADJ
corridor	NOUN
corridors	NOUN
corrupt	ADJ
corruption	NOUN
corssing	NOUN
cosmetic	ADJ
cosmetics	NOUN
cosmic	ADJ
cosmopolitan	ADJ
cosmos	NOUN
cosplay	NOUN
cosplayer	NOUN
cost	NOUN,VERB
costly	ADJ
costs	NOUN,VERB
costumed	VERB
costumer	NOUN
costumes	NOUN
cottage	NOUN
cottagers	NOUN
cottages	NOUN
cottaging	NOUN
cotton	NOUN
cottonwoods	NOUN
couch	NOUN
cough	VERB
coughing	NOUN,VERB
could	AUX
council	NOUN
councillor	NOUN
councillors	NOUN
counsel	NOUN
counseling	NOUN
counselor	NOUN
count	NOUN,VERB
countdown	NOUN
counted	VERB
counter	NOUN,VERB,X
counter-conference	NOUN
counter-measures	NOUN
counter-offensive	NOUN
counter-propaganda	NOUN
counter-terrorism	NOUN
counteractions	NOUN
counteracts	VERB
counterattacked	VERB
counterfeit	ADJ
counterintelligence	NOUN
counterparties	NOUN
counterparts	NOUN
counterparty	NOUN
counters	NOUN
countersignature	NOUN
countertop	NOUN
counterweight	NOUN
counties	NOUN
counting	NOUN,VERB
countless	ADJ
countries	NOUN
country	NOUN
countrymen	NOUN
countryside	NOUN
counts	NOUN,VERB
county	NOUN
coup	NOUN,X
couple	NOUN
coupled	VERB
couples	NOUN
coupon	NOUN
coupons	NOUN
courage	NOUN,X
courageous	ADJ
course	NOUN
courses	NOUN
coursing	VERB
court	NOUN,VERB
courteous	ADJ
courtesy	NOUN
courthouse	NOUN
courtroom	NOUN
courts	NOUN
courtyard	NOUN
cousin	NOUN
cousins	NOUN
couter-cultural	ADJ
covariation	NOUN
covenant	NOUN
covenants	NOUN
cover	NOUN,VERB
coverage	NOUN
covered	ADJ,VERB
covering	VERB
covers	NOUN,VERB
covert	ADJ
cow	NOUN
cowardly	ADJ
cowboy	NOUN
coworkers	NOUN
cows	NOUN
coz	SCONJ
cozy	ADJ
cpys	NOUN
cra.org/resources/taulbee-survey	PROPN
crab	NOUN
crack	NOUN,VERB
crackdown	NOUN
cracked	VERB
cracker	NOUN
crackpot	NOUN
cradled	VERB
craft	NOUN
crafted	VERB
crafter	NOUN
crafting	VERB
crafts	NOUN
craftsmanship	NOUN
craftsmen	NOUN
cramped	ADJ
crane	NOUN
crap	ADJ,NOUN
crapfest	NOUN
crapload	NOUN
crappy	ADJ
crash	NOUN,VERB
crashed	VERB
crashes	VERB
crashing	VERB
crate	NOUN
craves	VERB
craving	NOUN
cravings	NOUN
crawl	VERB
crawled	VERB
crawler	NOUN
crawling	VERB
crawls	VERB
crazier	ADJ
craziest	ADJ
crazy	ADJ
cream	NOUN
creams	PROPN
create	VERB
created	VERB
creates	VERB
creating	VERB
creation	NOUN
creational	ADJ
creations	NOUN
creative	ADJ
creatively	ADV
creativity	NOUN
creator	NOUN
creature	NOUN
creatures	NOUN
credence	NOUN
credential	VERB
credentialing	VERB
credentials	NOUN
credibility	NOUN
credible	ADJ
credit	NOUN,VERB
credited	VERB
creditor	NOUN
creditors	NOUN
creeping	VERB
creepy	ADJ
creole	NOUN
crepe	NOUN
crept	VERB
crest	NOUN
cretins	NOUN
crew	NOUN
crews	NOUN
cricket	NOUN
crickets	NOUN
cried	VERB
cries	VERB
crime	NOUN
crimes	NOUN
criminal	ADJ,NOUN
criminals	NOUN
cripple	VERB
crippled	ADJ
crises	NOUN
crisis	NOUN
crisp	ADJ,NOUN
crispy	ADJ
criteria	NOUN
criterion	NOUN
critic	NOUN,PROPN
critical	ADJ
critically	ADV
criticised	VERB
criticising	VERB
criticism	NOUN
criticized	VERB
critics	NOUN
critters	NOUN
crocodile	NOUN
crocodilians	NOUN
croissants	NOUN
crooks	NOUN
crop	NOUN
cropduster	NOUN
cropdusters	NOUN
crops	NOUN
cross	NOUN,PROPN,VERB
cross-breeded	VERB
cross-clause	ADJ
cross-cultural	ADJ
cross-examination	NOUN
cross-functional	ADJ
cross-linguistic	ADJ
cross-section	NOUN
cross-sectional	ADJ
cross-sectoral	ADJ
crossbred	VERB
crossed	VERB
crosses	NOUN,VERB
crossing	NOUN,VERB
crossings	NOUN
crossroads	NOUN
crowd	NOUN
crowded	ADJ,VERB
crowds	NOUN
crowns	NOUN
crows	NOUN
crucial	ADJ
crucially	ADV
crucible	NOUN
crucify	VERB
crude	ADJ,NOUN
cruel	ADJ
cruelly	ADV
cruelty	NOUN
cruise	NOUN
cruiseline	NOUN
cruises	NOUN
crum	INTJ
crumbling	VERB
crumbs	NOUN
crumpled	VERB
crunch	NOUN
crunchy	ADJ
crusade	NOUN
crusader	NOUN
crush	NOUN
crushed	VERB
crushing	VERB
crust	NOUN
crustaceans	NOUN
crusty	ADJ
crux	NOUN
cry	NOUN,VERB
crypto	NOUN
crypts	NOUN
crystallize	VERB
crystallizes	VERB
cuban	ADJ
cube	NOUN
cubist	ADJ
cuckoo	NOUN
cucumbers	NOUN
cuddly	ADJ
cue	NOUN
cuisine	NOUN
cuisines	NOUN
culinary	ADJ
culminating	VERB
culprit	NOUN
cult	NOUN
cultivate	VERB
cultivating	VERB
cults	NOUN
cultural	ADJ
culturally	ADV
culture	NOUN
cultures	NOUN
cum	X
cunclude	VERB
cup	NOUN
cups	NOUN
curate	NOUN
curated	VERB
curating	VERB
curative	ADJ
curator	NOUN
curb	NOUN,VERB
curbing	VERB
cure	NOUN,VERB
cured	VERB
curfew	NOUN
curiosity	NOUN
curious	ADJ
curiously	ADV
curl	NOUN,PROPN
curly	ADJ
currant	NOUN
currency	NOUN
current	ADJ,NOUN
currently	ADV
currents	NOUN
curse	NOUN
cursor	NOUN
curtain	NOUN
curtains	NOUN
curve	NOUN,VERB
curved	ADJ
curves	NOUN,VERB
curving	NOUN
cus	SCONJ
cussing	NOUN
custody	NOUN
custom	ADJ,NOUN
customarily	ADV
customary	ADJ
customer	NOUN
customers	NOUN
customise	VERB
customize	VERB
customs	NOUN
cut	ADJ,NOUN,VERB
cutaneous	ADJ
cute	ADJ
cuticles	NOUN
cutlery	NOUN
cutoff	NOUN
cuts	NOUN,VERB
cutter	NOUN
cutting	NOUN,VERB
cuz	SCONJ
cyanide	NOUN
cyber	ADJ
cybernetic	ADJ
cyberpunk	NOUN
cyberpunklibrarian.com	PROPN
cyborg	NOUN
cycle	NOUN,PROPN
cycles	NOUN
cycling	NOUN,VERB
cylinders	NOUN
cynangon	PROPN
cynical	ADJ
czar	NOUN
d	AUX,PROPN
d'	PROPN
d'Alembert	PROPN
d'Enfer	PROPN
d'Ettorre	PROPN
d'Herbinville	PROPN
d'etat	NOUN
d'état	X
d-	INTJ
d.	VERB
da	PROPN
dab	ADV
dad	NOUN
dadaniela@gmail.com	PROPN
daddy	NOUN
dads	NOUN
dah	INTJ
daily	ADJ,ADV,NOUN
dairy	NOUN
daisy	NOUN
damage	NOUN,VERB
damaged	VERB
damaging	ADJ,VERB
damn	ADV,INTJ,NOUN
damnation	NOUN
damned	ADV
damning	ADJ
damp	ADJ
damper	NOUN
dance	NOUN
danced	VERB
dancer	NOUN
dancers	NOUN
dances	NOUN,VERB
dancewear	NOUN
dancing	NOUN,VERB
dandelions	NOUN
dandy	NOUN
danger	NOUN
dangerou-	ADJ
dangerous	ADJ
dangerously	ADV
dangers	NOUN
daniel.smith2@durham.ac.uk	PROPN
dare	VERB
dared	VERB
dark	ADJ,NOUN
darkened	VERB
darker	ADJ
darkest	ADJ
darkness	NOUN
darkroom	NOUN
darn	NOUN
dash	VERB
dat	DET
data	NOUN
database	NOUN
databases	NOUN
date	NOUN
dated	ADJ,VERB
datelined	VERB
dates	NOUN,VERB
dating	NOUN,VERB
daughter	NOUN
daughters	NOUN
daunting	ADJ
dawn	NOUN
day	NOUN,X
daycare	NOUN
daydreaming	VERB
days	NOUN
daytime	NOUN
de	PROPN,X
de'	PROPN
deOccupy	PROPN
dead	ADJ
deadbolt	NOUN
deadbolted	VERB
deadliest	ADJ
deadline	NOUN
deadlines	NOUN
deadly	ADJ
deal	NOUN,VERB
dealer	NOUN
dealers	NOUN
dealership	NOUN
dealerships	NOUN
dealing	VERB
deals	NOUN,VERB
dealship	NOUN
dealt	VERB
dean	NOUN
dear	ADJ
dears	NOUN
death	NOUN
deathly	ADJ
deaths	NOUN
debate	NOUN
debated	VERB
debates	NOUN,VERB
debating	VERB
debit	NOUN
deborah	PROPN
debris	NOUN
debt	NOUN
debtors	NOUN
debts	NOUN
debut	NOUN
debutans	NOUN
debutants	NOUN
debuted	VERB
dec	ADJ
decade	NOUN
decades	NOUN
deceit	NOUN
deceive	VERB
deceiving	VERB
decent	ADJ
decentralized	VERB
deception	NOUN
deceptions	NOUN
deceptive	ADJ
decide	VERB
decided	NOUN,VERB
decidely	ADV
decides	VERB
deciding	VERB
decimated	VERB
decision	NOUN
decisionmaking	NOUN
decisions	NOUN
decisive	ADJ
decisively	ADV
deck	NOUN
decking	NOUN
decks	NOUN
declaration	NOUN
declarations	NOUN
declare	VERB
declared	VERB
declares	VERB
declaring	VERB
decline	NOUN,VERB
declined	VERB
declines	NOUN,VERB
declining	VERB
decoding	NOUN
decompose	VERB
decor	NOUN
decorated	VERB
decouple	VERB
decoupled	VERB
decrease	NOUN,VERB
decreased	VERB
decreasing	VERB
dedicated	ADJ,VERB
dedication	NOUN
deduct	VERB
deducted	VERB
deducting	VERB
deduction	NOUN
deductions	NOUN
deed	NOUN,X
deeds	NOUN
deem	VERB
deemed	VERB
deems	VERB
deep	ADJ,ADV
deepen	VERB
deepening	NOUN
deeper	ADJ,ADV
deeply	ADV
deer	NOUN
def	ADV
defamation	NOUN
defamers	NOUN
defanged	VERB
default	NOUN
defaults	NOUN
defeat	NOUN,VERB
defeated	VERB
defeating	VERB
defeats	VERB
defect	NOUN
defective	ADJ
defector	NOUN
defectors	NOUN
defects	NOUN
defence	NOUN
defend	VERB
defendant	NOUN
defendants	NOUN
defended	VERB
defender	NOUN
defenders	NOUN
defending	VERB
defense	NOUN
defensive	ADJ
defer	VERB
deffenitly	ADV
deffly	ADV
defibrillator	NOUN
deficiency	NOUN
deficit	NOUN
defied	VERB
defiled	VERB
definable	ADJ
definately	ADV
define	VERB
defined	VERB
defines	VERB
defining	ADJ,PROPN,VERB
definitely	ADV
definition	NOUN
definitions	NOUN
definitive	ADJ
deformity	NOUN
defrosted	VERB
defunct	ADJ
defund	VERB
defuses	VERB
degenerate	ADJ,NOUN
degenerated	VERB
degree	NOUN
degrees	NOUN
degu	NOUN
dehydrated	ADJ
deigns	VERB
deities	NOUN
del	X
delay	NOUN,VERB
delayed	ADJ,VERB
delays	NOUN
delectable	ADJ
delegate	NOUN
delegates	NOUN
delegation	NOUN
delete	VERB
deleted	VERB
deleting	VERB
delhi	PROPN
deli	NOUN,PROPN
deliberate	ADJ
deliberately	ADV
delicacy	NOUN
delicate	ADJ
delicately	ADV
delicious	ADJ
deliciously	ADV
deliciousness	NOUN
delicous	ADJ
delight	NOUN
delighted	ADJ,VERB
delights	NOUN
delinquent	ADJ
delirious	ADJ
delis	NOUN
deliteful	ADJ
deliver	VERB
deliverd	VERB
delivered	VERB
deliverer	NOUN
deliveries	NOUN
delivering	VERB
delivers	VERB
delivery	NOUN
della	PROPN
delta	NOUN,PROPN
deluded	VERB
delvery	NOUN
demagogue	NOUN
demagogues	NOUN
demand	NOUN,VERB
demanded	VERB
demanding	VERB
demands	NOUN
dementia	NOUN
demise	NOUN
demo	NOUN
democracy	NOUN
democrat	ADJ,NOUN,PROPN
democratic	ADJ
democratically	ADV
democrats	PROPN
demographic	ADJ
demons	NOUN
demonstrate	VERB
demonstrated	VERB
demonstrates	VERB
demonstrating	VERB
demonstration	NOUN
demonstrations	NOUN
demotion	NOUN
dempsey	NOUN
denial	NOUN
denied	VERB
denny	PROPN
denomination	NOUN
denominator	NOUN
denote	VERB
denoted	VERB
dense	ADJ
densely	ADV
densest	ADJ
density	NOUN
dental	ADJ
dentist	NOUN
dentists	NOUN
denunciation	NOUN
deny	VERB
denying	VERB
depart	VERB
departing	VERB
department	NOUN
departments	NOUN
departure	NOUN
departures	NOUN
depend	VERB
dependable	ADJ
dependance	NOUN
dependency	NOUN
dependent	ADJ
depending	VERB
depends	VERB
depersonalizing	VERB
depict	VERB
depiction	NOUN
depictions	NOUN
depicts	VERB
deployed	VERB
deploying	VERB
deployments	NOUN
deported	VERB
deposit	NOUN,VERB
deposited	VERB
deposition	NOUN
depot	NOUN,PROPN
depots	NOUN
depraved	ADJ
depress	VERB
depressed	ADJ,VERB
depression	NOUN
dept	NOUN,PROPN
depth	NOUN
depths	NOUN
deputies	NOUN
deputy	NOUN
derailing	NOUN
deregulate	VERB
deregulation	NOUN
derivative	ADJ,NOUN
derivatives	NOUN
derived	VERB
des	PROPN,X
descendant	NOUN
descendants	NOUN
descended	VERB
descends	VERB
descent	NOUN
describe	VERB
described	VERB
describes	VERB
describing	VERB
description	NOUN
descriptions	NOUN
descriptive	ADJ
desecrated	VERB
desert	NOUN,VERB
deserted	VERB
deserts	NOUN
deserve	VERB
deserves	VERB
design	NOUN,VERB
designated	VERB
designation	NOUN
designed	VERB
designer	NOUN
designers	NOUN
designing	VERB
designs	NOUN
desirability	NOUN
desirable	ADJ
desire	NOUN,VERB
desired	VERB
desires	VERB
desist	VERB
desisted	ADJ
desk	NOUN
desks	NOUN
despair	NOUN
desparate	ADJ
despective	ADJ
desperate	ADJ
desperately	ADV
despite	ADP,SCONJ
despotism	NOUN
dessert	NOUN
desserts	NOUN
destabilize	VERB
destabilizing	VERB
destination	NOUN
destinations	NOUN
destined	ADJ
destinies	NOUN
destiny	NOUN
destroy	VERB
destroyed	VERB
destroyer	NOUN
destroying	VERB
destruction	NOUN
destructive	ADJ
detach	VERB
detail	NOUN
detailed	ADJ
detailing	VERB
details	NOUN,VERB
detained	VERB
detainees	NOUN
detect	VERB
detectable	ADJ
detected	VERB
detection	NOUN
detective	NOUN
detectives	NOUN
detector	NOUN
detectors	NOUN
detention	NOUN
detentions	NOUN
deter	VERB
deteriorate	VERB
deteriorated	VERB
deterioration	NOUN
determination	NOUN
determine	VERB
determined	ADJ,VERB
determiner	NOUN
determining	VERB
deterrent	NOUN
deterring	VERB
detonated	VERB
detoured	VERB
detract	VERB
detractors	NOUN
detrimental	ADJ
devastating	ADJ
develop	VERB
develope	VERB
developed	ADJ,VERB
developer	NOUN
developers	NOUN
developing	VERB
development	NOUN
developments	NOUN
develops	VERB
deviating	VERB
deviation	NOUN
device	NOUN
devices	NOUN
devil	NOUN,PROPN
devise	VERB
devised	VERB
devoid	ADJ
devolving	VERB
devote	VERB
devoted	ADJ,VERB
devotional	ADJ
devour	VERB
devout	ADJ
deworming	NOUN
df	PROPN
dg	X
dharmad...@gmail.com	PROPN
dhin	INTJ
di	NOUN
diabetes	NOUN
diachronic	ADJ
diagnose	VERB
diagnosed	VERB
diagram	NOUN
diagrams	NOUN
dial	VERB
dialague	NOUN
dialect	NOUN
dialects	NOUN
dialing	VERB
dialogical	ADJ
dialogue	NOUN
diameter	NOUN
diapers	NOUN
diarheya	NOUN
diarrhea	NOUN
diary	NOUN
dick	NOUN
dicot	NOUN
dictate	VERB
dictating	VERB
dictators	NOUN
dictatorship	NOUN
dictionary	NOUN
did	AUX,VERB
die	ADJ,VERB
died	VERB
dies	VERB
diet	NOUN
diety	NOUN
differ	VERB
differed	VERB
difference	NOUN
differences	NOUN
different	ADJ
differential	NOUN
differentiate	VERB
differently	ADV
differing	VERB
difficult	ADJ
difficulties	NOUN
difficulty	NOUN
diffuse	VERB
dig	VERB
digest	VERB
digging	VERB
digital	ADJ
dignitaries	NOUN
dignitary	NOUN
dignity	NOUN
digress	VERB
digs	VERB
dih	INTJ
dilapidation	NOUN
dilemma	NOUN
dilemmas	NOUN
diligent	ADJ
dilute	ADJ,VERB
diluted	VERB
dilution	NOUN
dime	NOUN
dimension	NOUN
dimensional	ADJ
dimensions	NOUN
diminish	VERB
diminished	ADJ,VERB
diminishes	VERB
diminishing	VERB
dimly	ADV
dinasaurs	NOUN
dine	VERB
dined	VERB
diner	NOUN
diners	NOUN
dings	NOUN
dingy	ADJ
dining	NOUN,VERB
dinner	NOUN
dinners	NOUN
dinosaur	NOUN
dinosaurs	NOUN
diocese	NOUN
diode	NOUN
dioxide	NOUN
dip	NOUN
diplomacy	NOUN
diplomat	NOUN
diplomatic	ADJ
diplomats	NOUN
dipped	VERB
dipping	VERB
dips	NOUN
dire	ADJ,X
direct	ADJ,VERB
directed	VERB
directing	VERB
direction	NOUN
directions	NOUN
directive	NOUN
directly	ADV
director	NOUN
directories	NOUN
directors	NOUN
dirt	NOUN
dirtier	ADJ
dirty	ADJ
disabilities	NOUN
disability	NOUN
disable	VERB
disabled	ADJ,VERB
disadvantage	NOUN
disadvantaged	ADJ
disadvantages	NOUN
disagree	VERB
disagreed	VERB
disagreements	NOUN
disappear	VERB
disappearance	NOUN
disappeared	ADJ,VERB
disappointed	ADJ,VERB
disappointment	NOUN
disarm	VERB
disarmament	NOUN
disarming	NOUN
disaster	NOUN
disasters	NOUN
disastrous	ADJ
disband	VERB
disbanded	VERB
disc	NOUN
discard	VERB
discarded	VERB
discernible	ADJ
discharge	NOUN
discharged	VERB
dischord	NOUN
disciples	NOUN
discipline	NOUN
disciplined	ADJ
disciplines	NOUN
disclose	VERB
disclosed	VERB
disclosure	NOUN
disclosures	NOUN
disco	NOUN
discomfort	NOUN
disconnect	VERB
disconnected	VERB
discontent	NOUN
discontinuance	NOUN
discontinue	VERB
discontinued	VERB
discount	NOUN,VERB
discounted	ADJ,VERB
discounts	NOUN
discouraged	ADJ,VERB
discouraging	ADJ,VERB
discourse	NOUN
discourses	NOUN
discourteous	ADJ
discourtesy	NOUN
discover	VERB
discovered	VERB
discoverer	NOUN
discoveries	NOUN
discovers	VERB
discovery	NOUN
discrediting	NOUN
discreet	ADJ
discrepancy	NOUN
discretion	NOUN
discretionary	ADJ
discriminates	VERB
discrimination	NOUN
discriminatory	ADJ
discuss	VERB
discussed	VERB
discusses	VERB
discussing	VERB
discussion	NOUN
discussions	NOUN
disdain	NOUN
disease	NOUN
diseases	NOUN
disenfranchised	VERB
disenfranchisement	NOUN
disgrace	NOUN
disgruntled	ADJ
disguise	VERB
disgust	NOUN
disgusting	ADJ
disgustingly	ADV
dish	NOUN
dishes	NOUN
dishonest	ADJ
dishonored	VERB
dishonors	VERB
disintegration	NOUN
disjoint	ADJ
disk	NOUN
dislike	NOUN,VERB
disliked	VERB
dislikes	NOUN
dismantle	VERB
dismay	NOUN
dismembered	VERB
dismiss	VERB
dismissal	NOUN
dismissed	VERB
dismisses	VERB
dismissing	VERB
disobedience	NOUN
disorder	NOUN
disorders	NOUN
disorientation	NOUN
disparagement	NOUN
dispatch	NOUN,VERB
dispatched	VERB
dispersal	NOUN
disperse	VERB
dispersing	VERB
dispersion	NOUN
displace	VERB
displaced	VERB
displacement	NOUN
displacements	NOUN
displacing	VERB
display	NOUN,VERB
displayed	VERB
displaying	VERB
displays	NOUN,VERB
displeases	VERB
disposal	NOUN
dispose	VERB
disposed	ADJ,VERB
dispossesed	ADJ
dispossesses	VERB
disproportion	NOUN
disproportionate	ADJ
dispute	NOUN,VERB
disputed	VERB
disputes	NOUN
disquiet	NOUN
disquieting	ADJ
disregard	NOUN,VERB
disrepair	NOUN
disrespect	NOUN
disrupt	VERB
disrupting	VERB
disruption	NOUN
disruptions	NOUN
disruptive	ADJ
dissatisfaction	NOUN
dissatisfied	ADJ
dissecting	VERB
disseminate	VERB
dissemination	NOUN
dissenting	VERB
dissertation	NOUN
disservice	NOUN
dissimilarity	NOUN
dissipation	NOUN
dissolved	VERB
distain	NOUN
distal	ADJ
distally	ADV
distance	NOUN
distances	NOUN
distant	ADJ
distantly	ADV
distemper	NOUN
distilleries	NOUN
distinct	ADJ
distinction	NOUN
distinctions	NOUN
distinctiveness	NOUN
distinguish	VERB
distinguished	ADJ,VERB
distinguishes	VERB
distinguishing	ADJ
distort	VERB
distorted	VERB
distortion	NOUN
distortions	NOUN
distorts	VERB
distracted	VERB
distracting	ADJ,VERB
distraction	NOUN
distractions	NOUN
distractors	NOUN
distressed	VERB
distresses	NOUN,VERB
distribute	VERB
distributed	VERB
distributing	VERB
distribution	NOUN
distributor	NOUN
distributors	NOUN
district	NOUN
districts	NOUN
distros	NOUN
distrusted	VERB
disturb	VERB
disturbance	NOUN
disturbing	ADJ
diurnal	ADJ
div.	VERB
diverge	VERB
divergent	ADJ
diverse	ADJ
diversification	NOUN
diversion	NOUN
diversity	NOUN
divert	VERB
diverted	VERB
divest	VERB
divide	NOUN,VERB
divided	VERB
dividend	NOUN
dividends	NOUN
divides	VERB
dividing	VERB
divine	ADJ
divined	VERB
divinely	ADV
diving	NOUN,VERB
divinity	NOUN
division	NOUN
divisions	NOUN
divorce	NOUN
divorced	ADJ
divorces	NOUN
divorcing	VERB
divy	VERB
dizziness	NOUN
dmetcalfe@cullenanddykman.com	PROPN
dn	PROPN
do	ADJ,AUX,NOUN,PART,PROPN,VERB
doc	NOUN
dock	NOUN
docking	NOUN,VERB
docks	NOUN
docs	NOUN
doctor	NOUN
doctorate	NOUN
doctors	NOUN
doctrine	NOUN
document	NOUN,VERB
documentation	NOUN
documented	VERB
documenting	VERB
documents	NOUN,VERB
dodge	PROPN
doers	NOUN
does	AUX,VERB
dog	NOUN
dogma	NOUN
dogs	NOUN
doi:10.1037/0022-3514.92.6.1087	PROPN
doing	AUX,VERB
doldrums	NOUN
doled	VERB
dollar	NOUN
dollars	NOUN
dolls	NOUN
doltish	ADJ
dom.	ADJ
domain	NOUN
domains	NOUN
dome	NOUN
domestic	ADJ,NOUN
domestically	ADV
domesticated	VERB
domestication	NOUN
dominance	NOUN
dominant	ADJ
dominate	ADJ,VERB
dominated	VERB
dominos	PROPN
don	VERB
donate	VERB
donated	VERB
donating	VERB
donation	NOUN
donations	NOUN
done	ADJ,VERB
dongle	NOUN
donned	VERB
donor	NOUN
donors	NOUN
donut	NOUN
donuts	NOUN
doom	NOUN
doomed	VERB
door	NOUN
doorbell	NOUN
doors	NOUN
doorstep	NOUN
dope	NOUN
dorm	NOUN
dos	PROPN
dose	NOUN
doses	NOUN
dot	NOUN
dotted	VERB
double	ADJ,ADV,NOUN,VERB
doubled	VERB
doubles	NOUN
doublethink	NOUN
doubling	VERB
doubt	ADV,NOUN,VERB
doubts	NOUN
dough	NOUN
dove	NOUN
down	ADJ,ADP,ADV,NOUN
downfalls	NOUN
downgrade	VERB
downgrading	VERB
downhill	ADV
download	NOUN,VERB
downloaded	VERB
downloading	NOUN
downloads	NOUN
downright	ADV
downs	NOUN
downside	NOUN
downsides	NOUN
downsizing	NOUN
downstairs	ADV
downstream	ADJ
downtown	ADJ,ADV,NOUN
downtrodden	ADJ
downwelling	VERB
dozen	NUM
dozens	NOUN
dracaena	X
draft	NOUN,VERB
drafted	VERB
drafter	NOUN
drafting	VERB
drafts	NOUN
drag	NOUN,VERB
dragged	VERB
dragging	VERB
dragon	NOUN
dragons	NOUN
drags	VERB
drama	NOUN
dramatic	ADJ,X
dramatically	ADV
dramatization	NOUN
drank	VERB
draped	VERB
draw	NOUN,VERB
drawer	NOUN
drawers	NOUN
drawing	VERB
drawings	NOUN
drawn	VERB
draws	VERB
dreaded	VERB
dreading	VERB
dream	ADJ,NOUN,VERB
dreamed	VERB
dreaming	NOUN
dreams	NOUN
dreamy	ADJ
dregs	NOUN
drenched	VERB
dress	NOUN,VERB
dressage	NOUN
dressed	VERB
dresser	NOUN
dressers	NOUN
dresses	NOUN
dressing	NOUN,VERB
drew	VERB
dried	ADJ,VERB
dries	VERB
driest	ADJ
drift	VERB
drifters	NOUN
drill	NOUN
drilled	VERB
drilling	NOUN,VERB
drills	NOUN
drink	NOUN,VERB
drinking	NOUN,VERB
drinks	NOUN,VERB
drip	NOUN
drive	NOUN,VERB
driven	ADJ,VERB
driver	NOUN
drivers	NOUN
drives	NOUN,VERB
driveway	NOUN
driving	ADJ,NOUN,PROPN,VERB
drones	NOUN
drool	VERB
drooling	VERB
drop	NOUN,VERB
dropout	NOUN
dropped	VERB
dropping	VERB
drops	VERB
drought	NOUN
droughts	NOUN
drove	VERB
drug	NOUN
drugs	NOUN
drums	NOUN
drunk	ADJ
drunken	ADJ
drunkest	ADJ
drving	VERB
dry	ADJ,NOUN,VERB
dryer	NOUN
drying	NOUN
dslr	NOUN
dth	ADJ
dthat	DET
du	AUX,PROPN
dual	ADJ
dualities	NOUN
duality	NOUN
dubbed	VERB
dubia	PROPN
dubious	ADJ
duck	NOUN
duct	NOUN
dude	NOUN
dudes	NOUN
due	ADJ,VERB
duel	NOUN
dueled	VERB
dug	VERB
duh	INTJ
dull	ADJ
duly	ADV
dumb	ADJ
dump	NOUN,VERB
dumping	NOUN,VERB
dunderheads	NOUN
dunes	NOUN
dung	VERB
dungarees	NOUN
dungeon	NOUN
dupes	NOUN
duplicate	VERB
duplicity	NOUN
durability	NOUN
duration	NOUN
durations	NOUN
duress	NOUN
during	ADP,ADV
dust	NOUN,VERB
dusted	VERB
duster	NOUN
dusters	NOUN
dusting	NOUN,VERB
dusty	ADJ
duties	NOUN
dutifully	ADV
duty	NOUN
dvd	NOUN
dwarf	ADJ,NOUN
dwarfed	VERB
dwarfing	VERB
dwarfs	NOUN
dwell	VERB
dwellers	NOUN
dwelling	NOUN
dwellings	NOUN
dwells	VERB
dwibbling	VERB
dwindled	VERB
dyed	ADJ
dying	VERB
dynamic	ADJ,NOUN
dynamics	NOUN
dysentery	NOUN
dysfunction	NOUN
dysfunctional	ADJ
dyspepsia	NOUN
dysphoria	NOUN
décor	NOUN
dʒəˈroʊm	PROPN
e	NOUN,PROPN,VERB
e-commerce	NOUN
e-mail	NOUN,VERB
e-mailed	VERB
e-mails	NOUN
e-reader	NOUN
e-visit	NOUN
e.g.	ADV
eCommerce	NOUN
eHow	PROPN
eMachines	PROPN
eReader	NOUN
eSpeak	PROPN
eSpeakers	NOUN
eThink	PROPN
each	DET
eager	ADJ
eagle	NOUN
eaiser	ADJ
ear	NOUN
earlier	ADJ,ADV
earliest	ADJ
early	ADJ,ADV
earmuffs	NOUN
earn	VERB
earned	VERB
earnest	NOUN
earning	NOUN,VERB
earnings	NOUN
earrings	NOUN
ears	NOUN
earth	NOUN,PROPN
earthly	ADJ
earthquake	NOUN
earthquakes	NOUN
earthworms	NOUN
ease	NOUN,VERB
easement	NOUN
easier	ADJ,ADV
easiest	ADJ
easily	ADV
easing	VERB
east	ADJ,ADV,NOUN,PROPN
eastbound	ADJ
easter	PROPN
eastern	ADJ
eastgardens	PROPN
eastward	ADV
easy	ADJ,ADV
eat	VERB
eatables	NOUN
eaten	VERB
eater	NOUN
eaters	NOUN
eather	ADV
eatin	VERB
eating	NOUN,VERB
eats	NOUN,VERB
ebay	PROPN
echo	VERB
echoing	VERB
eck	INTJ
eclipse	NOUN,VERB
eclipses	NOUN
eco	NOUN
ecological	ADJ
ecologist	NOUN
ecology	NOUN
economic	ADJ
economical	ADJ
economically	ADV
economics	NOUN
economies	NOUN
economist	NOUN
economists	NOUN
economizing	VERB
economy	NOUN
ecosystem	NOUN
ecosystems	NOUN
ecumenical	ADJ
ed	NOUN
edge	NOUN
edges	NOUN
edible	ADJ
edifices	NOUN
edit	NOUN,VERB
edited	VERB
editing	NOUN,VERB
edition	NOUN
editions	NOUN
editor	NOUN
editorial	ADJ,NOUN
editors	NOUN
editorship	NOUN
edits	NOUN
edmonton	PROPN
educate	VERB
educated	ADJ,VERB,X
educating	VERB
education	NOUN
educational	ADJ
educators	NOUN
eee	INTJ
eerie	ADJ
effaced	VERB
effect	NOUN
effected	VERB
effective	ADJ
effectively	ADV
effectiveness	NOUN
effects	NOUN
effectuated	VERB
effeminate	ADJ
efficacy	NOUN
efficiency	NOUN
efficient	ADJ
efficiently	ADV
effort	NOUN
efforts	NOUN
eg	ADV
eg.	ADV
egalitarian	ADJ
egg	NOUN
eggs	NOUN
eggshells	NOUN
ego	NOUN
egos	NOUN
egregious	ADJ
egress	NOUN
eight	NUM
eighteen	NUM
eighth	ADJ,ADV
eighties	NOUN
eis	PROPN
either	ADV,CCONJ,DET
ekrapels@esaibos.com	PROPN
elaborate	ADJ
elaborated	VERB
elapsed	VERB
elder	ADJ,NOUN
eldest	ADJ
elected	VERB
election	ADJ,NOUN
elections	NOUN
electoral	ADJ
electric	ADJ,NOUN
electrical	ADJ
electricity	NOUN
electrolyte	NOUN
electromagnetic	ADJ
electron	NOUN
electronic	ADJ
electronically	ADV
electrostatic	ADJ
elects	NOUN,VERB
elegant	ADJ
element	NOUN
elementary	ADJ
elements	NOUN
elephant	NOUN
elephants	NOUN
elevate	VERB
elevated	VERB
elevation	NOUN
elevator	NOUN
eleven	NUM
eligibility	NOUN
eligible	ADJ
eliminate	VERB
eliminated	VERB
eliminating	VERB
elimination	NOUN
elite	ADJ,NOUN
elites	NOUN
elk	NOUN
eloquent	ADJ
else	ADV
elsewhere	ADV
elsewise	ADV
elucidate	VERB
elves	NOUN
em	PRON
email	NOUN,VERB
emailed	VERB
emails	NOUN
emancipate	VERB
embarked	VERB
embarrased	ADJ
embarrass	VERB
embarrassed	ADJ,VERB
embarrassing	ADJ
embarrassment	NOUN
embassies	NOUN
embassy	NOUN
embedded	VERB
embedding	VERB
emblem	NOUN
embodies	VERB
embodying	VERB
embrace	NOUN,VERB
embraced	VERB
embracing	VERB
embryo	NOUN
emerge	VERB
emerged	VERB
emergencies	NOUN
emergency	NOUN
emergent	ADJ
emerges	VERB
emerging	VERB
emeritus	ADJ
emigrated	VERB
emigration	NOUN
eminent	ADJ
emirate	NOUN
emission	NOUN
emissions	NOUN
emissivity	NOUN
emit	VERB
emits	VERB
emitted	VERB
emitting	VERB
emotion	NOUN
emotional	ADJ
emotionally	ADV
emotions	NOUN
empathy	NOUN
emperor	NOUN
emperors	NOUN
emphasis	NOUN
emphasize	VERB
emphasized	VERB
emphasizes	VERB
emphasizing	VERB
emphatically	ADV
empirical	ADJ
empirically	ADV
empiricists	NOUN
employ	VERB
employable	ADJ
employed	VERB
employee	NOUN
employees	NOUN
employer	NOUN
employers	NOUN
employment	NOUN
employs	VERB
empowering	ADJ
empowerment	NOUN
empresario	X
emptiness	NOUN
empty	ADJ
emulate	VERB
emulating	VERB
en	X
enable	VERB
enabled	VERB
enables	VERB
enabling	VERB
enacted	VERB
enactment	NOUN
encabalgamiento	X
encampment	NOUN
encased	VERB
enchanting	ADJ
enchilada	NOUN
enchiladas	NOUN
enchladas	NOUN
encircle	VERB
encircled	VERB
encl.	VERB
enclose	VERB
enclosed	VERB
enclosing	VERB
enclosure	NOUN
enclosures	NOUN
encompass	VERB
encompasses	VERB
encompassing	VERB
encounter	NOUN,VERB
encountered	VERB
encounters	NOUN
encourage	VERB
encouraged	VERB
encouragement	NOUN
encourages	VERB
encouraging	ADJ,VERB
encroaching	VERB
enculturation	NOUN
encyclopedic	ADJ
end	NOUN,VERB
endanger	VERB
endangered	ADJ,NOUN
endeavor	NOUN
endeavors	NOUN
endeavour	NOUN
ended	ADJ,VERB
endemic	ADJ
endemics	NOUN
endevour	VERB
ending	NOUN,VERB
endless	ADJ
endlessly	ADV
endorse	VERB
endorsements	NOUN
endow	VERB
endowment	NOUN
endowments	NOUN
ends	NOUN,VERB
endurance	NOUN
endure	VERB
endured	VERB
enduring	VERB
eneedle	NOUN
enemies	NOUN
enemy	NOUN,PROPN
energetic	ADJ
energetics	NOUN
energy	NOUN
enforcement	NOUN
enforcing	VERB
enfurates	VERB
engage	VERB
engaged	VERB
engagement	NOUN
engaging	VERB
engendered	VERB
engine	NOUN
engineer	NOUN
engineering	NOUN
engineers	NOUN
engines	NOUN
english	ADJ
engraved	VERB
engulfed	VERB
enhance	VERB
enhanced	ADJ,VERB
enhancement	NOUN
enhancements	NOUN
enhancing	VERB
enigma	NOUN
enjambed	VERB
enjambment	NOUN
enjoy	VERB
enjoyable	ADJ
enjoyed	VERB
enjoying	VERB
enjoyment	NOUN
enjoys	VERB
enlace	X
enlarge	VERB
enlargement	NOUN
enlarging	VERB
enlightenment	NOUN
enlist	VERB
enlisted	VERB
enormous	ADJ
enormously	ADV
enough	ADJ,ADV
enovate	NOUN
enquiries	NOUN
enquiry	NOUN
enriched	VERB
enrichment	NOUN
enrolled	VERB
enrollment	NOUN
enron	PROPN
enrongss.xls	NOUN
enroute	ADV
ensemble	NOUN
enshrined	VERB
enslaved	VERB
ensuing	VERB
ensure	VERB
ensured	VERB
ensures	VERB
ensuring	VERB
entails	VERB
enter	VERB
entered	NOUN,VERB
entering	NOUN,VERB
enterprise	NOUN
enterprises	NOUN
enters	VERB
entertained	ADJ
entertainers	NOUN
entertaining	ADJ,NOUN
entertainment	NOUN
entery	NOUN
enthusiasm	NOUN
enthusiastic	ADJ
enthusiastically	ADV
enthusiasts	NOUN
enticing	VERB
entie	ADJ
entire	ADJ,NOUN
entirely	ADV
entities	NOUN
entitled	ADJ,VERB
entitlement	NOUN
entity	NOUN
entourage	NOUN
entrance	NOUN
entreaties	NOUN
entreaty	NOUN
entree	NOUN
entrepreneurial	ADJ
entry	NOUN
entrée	NOUN
envelop	VERB
envelope	NOUN
envelopes	NOUN
envelops	VERB
enviably	ADV
enviroment	NOUN
environment	NOUN
environmental	ADJ
environmentalists	NOUN
environmentally	ADV
environments	NOUN
envision	VERB
envisioned	VERB
envoy	NOUN
envy	NOUN
epic	ADJ
epidemic	NOUN
episode	NOUN
episodes	NOUN
epistemic	ADJ
epistemological	ADJ
epistemologies	NOUN
epistemology	NOUN
epistle	NOUN
epithet	NOUN
epitome	NOUN
equal	ADJ,NOUN,VERB
equaling	VERB
equalise	VERB
equalising	VERB
equality	NOUN
equally	ADV
equals	VERB
equating	VERB
equation	NOUN
equations	NOUN
equestrian	ADJ
equine	ADJ
equip	VERB
equipment	NOUN
equipped	VERB
equips	VERB
equitable	ADJ
equity	NOUN
equivalant	ADJ
equivalence	NOUN
equivalent	ADJ,NOUN
equivalents	NOUN
er	INTJ,PROPN
era	NOUN,PROPN
eras	NOUN
erase	VERB
erected	VERB
eremites	NOUN
erosion	NOUN
errands	NOUN
erratic	ADJ
erred	VERB
erroneous	ADJ
erroneously	ADV
error	NOUN
errors	NOUN
erupts	VERB
erythema	NOUN
escalation	NOUN
escalator	NOUN
escapades	NOUN
escape	NOUN,VERB
escaped	VERB
escaping	VERB
esimien@nisource.com	PROPN
esp	ADV
esp.	ADV
especially	ADV
essay	NOUN
essence	NOUN
essential	ADJ,NOUN
essentially	ADV
establish	VERB
established	ADJ,VERB
establishes	VERB
establishing	VERB
establishment	NOUN
establishments	NOUN
estate	NOUN
esteem	NOUN
estimate	NOUN,VERB
estimated	VERB
estimates	NOUN,VERB
estimation	NOUN
et	PROPN,X
et.	X
etc	NOUN
etc.	NOUN
etcetera	X
eternal	ADJ
eternally	ADV
ethane	NOUN
ethical	ADJ
ethicities	NOUN
ethics	NOUN
ethink@enron.com	PROPN
ethnic	ADJ
ethnically	ADV
ethnicity	NOUN
ethnocentric	ADJ
ethnocentrism	NOUN
etings	X
etiquette	NOUN
etter	ADV
european	PROPN
euros	NOUN
ev	PRON
evacuate	VERB
evacuated	VERB
evacuees	NOUN
evalu-	VERB
evaluate	VERB
evaluated	VERB
evaluating	VERB
evaluation	NOUN
evaluations	NOUN
evaporate	VERB
eve.	NOUN
even	ADJ,ADV,VERB
evened	VERB
evening	NOUN
evenings	NOUN
evenly	ADV
event	NOUN
events	NOUN
eventually	ADV
ever	ADV,X
everbody	PRON
every	ADJ,ADV,DET
everybody	PRON
everyday	ADJ,ADV,NOUN
everyone	PRON
everything	PRON
everywhere	ADV
evict	VERB
evictees	NOUN
eviction	NOUN
evidence	NOUN,VERB
evidenced	VERB
evident	ADJ
evidentary	ADJ
evidentiary	ADJ
evil	ADJ,NOUN
evoke	VERB
evolution	NOUN
evolutionary	ADJ
evolve	VERB
evolved	VERB
evolves	VERB
evolving	VERB
ew	INTJ
ex	X
ex-cons	NOUN
ex-husband	NOUN
ex-members	NOUN
ex-pat	NOUN
exacerbated	VERB
exact	ADJ,ADV
exactly	ADV
exaggerated	VERB
exaggeration	NOUN
exaggerations	NOUN
exalted	ADJ,VERB
exam	NOUN
examination	NOUN
examine	VERB
examined	VERB
examines	VERB
examining	VERB
example	NOUN
examples	NOUN
exams	NOUN
excavations	NOUN
exceed	VERB
exceeded	VERB
exceedingly	ADV
exceeds	VERB
excel	PROPN,VERB
excellant	ADJ
excellence	NOUN
excellent	ADJ
excellently	ADV
except	ADP,SCONJ
excepted	VERB
excepting	VERB
exception	NOUN
exceptional	ADJ
exceptionally	ADV
exceptions	NOUN
excerpts	NOUN
excesses	NOUN
excessive	ADJ
exchange	NOUN
exchanged	VERB
exchanges	VERB
excite	VERB
excited	ADJ,VERB
excitement	NOUN
exciting	ADJ
exclaimed	VERB
exclamation	NOUN
exclude	VERB
excluded	VERB
excluding	VERB
exclusion	NOUN
exclusive	ADJ
exclusively	ADV
excuse	NOUN,VERB
excuses	NOUN
executable	ADJ
execute	VERB
executed	VERB
executing	VERB
execution	NOUN
executions	NOUN
executive	ADJ
executives	NOUN
exemplification	NOUN
exemplified	VERB
exercise	NOUN,VERB
exercised	VERB
exercises	NOUN
exercising	NOUN
exhaust	NOUN
exhausted	ADJ,VERB
exhausting	ADJ
exhaustion	NOUN
exhibit	NOUN,VERB
exhibited	VERB
exhibition	NOUN
exhibits	NOUN,VERB
exiled	VERB
exist	VERB
existed	VERB
existence	NOUN
existent	ADJ
existing	VERB
exists	VERB
exit	NOUN
exmearden	PROPN
exodus	NOUN
exotic	ADJ
expand	VERB
expanded	ADJ,VERB
expanding	VERB
expands	VERB
expansion	NOUN
expansive	ADJ
expect	VERB
expectancy	NOUN
expectation	NOUN
expectations	NOUN
expected	VERB
expectedly	ADV
expecting	VERB
expects	VERB
expedite	VERB
expedited	VERB
expeditions	NOUN
expelling	VERB
expense	NOUN,VERB
expenses	NOUN
expensive	ADJ
exper-	VERB
experiance	NOUN
experice	NOUN
experience	NOUN,VERB
experienced	ADJ,VERB
experiences	NOUN
experiencing	VERB
experiment	NOUN
experimental	ADJ
experimentally	ADV
experimentation	NOUN
experimented	VERB
experimenter	NOUN
experimenting	VERB
experiments	NOUN
expert	ADJ,NOUN
expertise	NOUN
expertly	ADV
experts	NOUN
expiration	NOUN
expire	VERB
expired	ADJ,VERB
expires	VERB
explain	VERB
explained	VERB
explaining	VERB
explains	VERB
explanation	NOUN
explanations	NOUN
explanatorily	ADV
explanatory	ADJ
explicit	ADJ
explicitly	ADV
explode	VERB
exploded	VERB
exploding	VERB
exploit	VERB
exploitation	NOUN
exploited	VERB
exploiting	VERB
exploration	NOUN
explore	VERB
explored	VERB
explorers	NOUN
exploring	NOUN,VERB
explosive	ADJ
explosives	NOUN
exponentially	ADV
export	VERB
exported	VERB
exporter	NOUN
exporting	VERB
exports	NOUN
expose	X
exposed	ADJ,VERB
exposing	VERB
expositions	NOUN
exposure	NOUN
exposures	NOUN
express	ADJ,VERB
expressed	VERB
expresses	VERB
expressing	VERB
expression	NOUN
expressionless	ADJ
expressions	NOUN
expressive	ADJ
expressly	ADV
expropriation	NOUN
expulse	VERB
expulsion	NOUN
exquisite	ADJ
ext	NOUN
ext.	NOUN
extant	ADJ
extend	VERB
extended	ADJ,VERB
extending	VERB
extends	VERB
extension	NOUN
extensions	NOUN
extensive	ADJ
extensively	ADV
extent	NOUN
exterminated	VERB
extermination	NOUN
exterminator	NOUN
external	ADJ
extinct	ADJ
extinction	NOUN
extinctions	NOUN
extra	ADJ,ADV,NOUN
extract	NOUN
extracting	VERB
extraction	NOUN
extractive	ADJ
extracts	VERB
extracurricular	ADJ
extradite	VERB
extradited	VERB
extradition	NOUN
extraordinarily	ADV
extraordinary	ADJ
extrapolate	VERB
extras	NOUN
extraterrestrial	ADJ
extravagant	ADJ
extrcurricular	ADJ
extreme	ADJ
extremely	ADV
extremism	NOUN
extremist	ADJ,NOUN
extremists	NOUN
exuberant	ADJ
exulted	VERB
exurbs	NOUN
ey	X
eye	NOUN
eyed	ADJ
eyedropper	NOUN
eyelids	NOUN
eyes	NOUN
eyewitness	NOUN
eyewitnesses	NOUN
f	ADP,NOUN
f*ck	NOUN
f*ed	VERB
f-	INTJ
fabolous	ADJ
fabric	NOUN
fabrications	NOUN
fabulous	ADJ
fabulously	ADV
face	NOUN,VERB
facebook.com/cyberpunklibrarian	PROPN
faced	ADJ,VERB
faces	NOUN,VERB
facet	NOUN
facets	NOUN
facilitate	VERB
facilitated	VERB
facilitating	VERB
facilities	NOUN
facility	NOUN
facing	VERB
fact	NOUN
faction	NOUN
factions	NOUN
facto	X
factor	NOUN,VERB
factors	NOUN
factory	NOUN
facts	NOUN
factual	ADJ
faculties	NOUN
faculty	NOUN
fades	VERB
fail	VERB
failed	ADJ,VERB
failing	VERB
fails	VERB
failure	NOUN
failures	NOUN
fair	ADJ
fairer	ADJ
fairest	ADJ
fairly	ADV
fairness	NOUN
fairs	NOUN
faith	NOUN
faithful	ADJ
faithfully	ADV
fake	ADJ,NOUN
fakes	NOUN
fall	NOUN,VERB,X
fallen	VERB
fallibility	NOUN
falling	NOUN,VERB
fallout	NOUN
falls	NOUN,VERB
false	ADJ
falsehoods	NOUN
falter	VERB
faltered	VERB
faltering	VERB
falters	VERB
fam	NOUN
fame	NOUN
famed	ADJ
familia	NOUN
familiar	ADJ
familiarity	NOUN
families	NOUN
family	NOUN
famous	ADJ
famously	ADV
fan	NOUN
fanatic	ADJ
fanaticism	NOUN
fancies	VERB
fanciful	ADJ
fancy	ADJ,NOUN,VERB
fandom	NOUN
fanfics	NOUN
fans	NOUN
fantastic	ADJ
fantasy	NOUN
far	ADJ,ADV
farce	NOUN
farcical	ADJ
fare	NOUN
farewell	NOUN
farm	NOUN
farmer	NOUN
farmers	NOUN
farming	NOUN
farmlands	NOUN
farms	NOUN
farrier	NOUN
farriers	NOUN
farther	ADJ,ADV
fascinates	VERB
fascinating	ADJ
fascination	NOUN
fashion	ADJ,NOUN
fashioned	ADJ,VERB
fast	ADJ,ADV
faster	ADJ,ADV
fastest	ADJ
fat	ADJ,NOUN
fatal	ADJ
fatalities	NOUN
fatality	NOUN
fate	NOUN
fated	ADJ
fateful	ADJ
father	NOUN
fathers	NOUN
fathom	VERB
fatigue	NOUN
fattening	VERB
fault	NOUN
faulty	ADJ
fauna	NOUN
favor	NOUN,VERB
favorable	ADJ
favorably	ADV
favored	VERB
favoring	VERB
favorite	ADJ,NOUN
favorites	NOUN
favors	VERB
favour	NOUN
favourable	ADJ
favoured	VERB
favourite	ADJ,NOUN
favours	NOUN
fax	NOUN,VERB
faxed	VERB
façades	NOUN
fcking	ADV
fear	NOUN,VERB
feared	VERB
fearless	ADJ
fears	NOUN
feasible	ADJ
feast	NOUN,VERB
feat	NOUN
feather	NOUN
feathered	ADJ
feathers	NOUN
feathery	ADJ
feature	NOUN,VERB
featured	VERB
features	NOUN,VERB
featuring	VERB
feb	PROPN
fecal	ADJ
fed	ADJ,VERB
federal	ADJ
federation	NOUN
fee	NOUN
feeble	ADJ
feed	NOUN,VERB
feedback	NOUN
feeder	NOUN
feeding	NOUN,VERB
feeds	NOUN,VERB
feel	NOUN,VERB
feeling	NOUN,VERB
feelings	NOUN
feels	VERB
fees	NOUN
feet	NOUN
feild	NOUN
feisty	ADJ
felicity	NOUN
fell	VERB
fellow	ADJ,NOUN
fellows	NOUN
felt	VERB
female	ADJ,NOUN
females	NOUN
feminism	NOUN
femora	NOUN
femoral	ADJ
femur	NOUN
fence	NOUN
fend	VERB
ferries	NOUN
ferry	NOUN
fertile	ADJ
fervor	NOUN
festival	NOUN
festivals	NOUN
festivities	NOUN
fetch	VERB
fetishism	NOUN
fever	NOUN
feverishly	ADV
fevers	NOUN
few	ADJ
fewer	ADJ
fi	NOUN
fiance	NOUN
fiancé	NOUN
fiction	NOUN
fide	X
field	NOUN
fields	NOUN
fieldwork	NOUN
fiercely	ADV
fifteen	NUM
fifteenth	NOUN
fifth	ADJ,NOUN
fifths	NOUN
fifty	ADJ,NUM
fiftyfive	NUM
fight	NOUN,VERB
fighter	NOUN
fighters	NOUN
fighting	NOUN,VERB
fights	NOUN
figure	NOUN,PROPN,VERB
figured	VERB
figures	NOUN,VERB
figuring	VERB
fiji	NOUN
file	NOUN,VERB
filed	VERB
files	NOUN
filigree	NOUN
filing	NOUN,VERB
filipinos	PROPN
fill	VERB
filled	VERB
filler	NOUN
filling	VERB
fills	VERB
film	NOUN,VERB
filmed	VERB
filming	NOUN,VERB
filmmaker	NOUN
films	NOUN
filter	NOUN
filtered	VERB
filtering	VERB
filters	NOUN,VERB
filth	NOUN
filthy	ADJ
final	ADJ,NOUN
finalists	NOUN
finalize	VERB
finalizing	VERB
finally	ADV
finals	NOUN
finance	NOUN,VERB
financed	VERB
finances	NOUN
financial	ADJ
financially	ADV
financials	NOUN
financing	NOUN,VERB
finch	NOUN
finches	NOUN
find	NOUN,VERB
finding	NOUN,VERB
findings	NOUN
finds	VERB
fine	ADJ,ADV,INTJ,NOUN
fineally	ADV
finesse	VERB
finest	ADJ
finger	NOUN,VERB
fingered	VERB
fingers	NOUN
finish	NOUN,VERB
finished	ADJ,VERB
finishing	VERB
fino	NOUN
fins	NOUN
fire	NOUN,VERB
fired	VERB
fireplace	NOUN
firepower	NOUN
fires	NOUN
firewalls	NOUN
fireworks	NOUN
firing	VERB
firm	ADJ,NOUN
firmly	ADV
firms	NOUN
first	ADJ,ADV,NOUN
firsthand	ADV
firstly	ADV
fiscal	ADJ
fish	NOUN
fisheries	NOUN
fisherman	NOUN
fishermen	NOUN
fishers	NOUN
fishes	NOUN
fishing	NOUN
fist	NOUN
fit	ADJ,NOUN,VERB
fitness	NOUN
fits	NOUN,VERB
fitters	NOUN
fitting	ADJ,VERB
five	NOUN,NUM
fives	NOUN
fix	VERB
fixable	ADJ
fixation	NOUN
fixations	NOUN
fixed	ADJ,VERB
fixeded	VERB
fixes	NOUN,VERB
fixing	NOUN,VERB
fixture	NOUN
fixtures	NOUN
fizzle	VERB
flag	NOUN
flags	NOUN
flagship	NOUN
flakes	NOUN
flank	NOUN
flash	NOUN
flashest	ADJ
flashing	VERB
flashlight	NOUN
flashlights	NOUN
flashpoints	NOUN
flashy	ADJ
flat	ADJ,ADV,NOUN
flatbread	NOUN
flatfish	NOUN
flats	NOUN
flatten	VERB
flavor	NOUN
flavorful	ADJ
flavorless	ADJ
flavors	NOUN
flaw	NOUN
flawless	ADJ
flea	NOUN
fled	VERB
flee	VERB
fleece	NOUN
fleeing	NOUN,VERB
fleet	NOUN
fleeting	ADJ
flesh	NOUN,VERB
fleshed	VERB
fleshing	VERB
flew	VERB
flexibility	NOUN
flexibiltiy	NOUN
flexible	ADJ
flexion	NOUN
flicker	NOUN,VERB
flickering	VERB
fliers	NOUN
flies	VERB
flight	NOUN
flights	NOUN
flip	VERB
flipped	VERB
flipping	VERB
flips	VERB
flirt	VERB
flirted	VERB
flirting	VERB
flirty	ADJ
float	VERB
floating	NOUN,VERB
flock	NOUN,VERB
flocked	VERB
flogging	VERB
flood	NOUN
flooded	VERB
flooding	NOUN
floods	NOUN
floor	NOUN
flooring	NOUN
floors	NOUN
flop	NOUN
flopped	VERB
flopping	NOUN
flops	NOUN,VERB
flora	NOUN
floral	ADJ
florence	PROPN
florescent	ADJ
florist	NOUN
flourish	VERB
flourished	VERB
flourishing	ADJ,VERB
flow	NOUN,VERB
flowed	VERB
flower	NOUN
flowered	VERB
flowers	NOUN
flowing	VERB
flown	VERB
flows	NOUN,VERB
flu	NOUN
fluently	ADV
fluffy	ADJ
fluid	ADJ,NOUN
fluids	NOUN
flunking	VERB
fluorescent	ADJ
flush	VERB
flustered	ADJ
flux	NOUN
fly	NOUN,VERB
flyer	NOUN
flyers	NOUN
flying	VERB
fo	ADP
foam	NOUN
focal	ADJ
focus	NOUN,VERB
focused	ADJ,VERB
focuses	VERB
focusing	VERB
fodder	NOUN
foe	NOUN
fog	NOUN
foie	NOUN
foisted	VERB
fold	NOUN,VERB
folded	VERB
folding	VERB
folds	VERB
folks	NOUN
follo,wers	NOUN
follow	NOUN,VERB
followed	VERB
followers	NOUN
following	VERB
followings	NOUN
follows	VERB
followup	NOUN
folly	NOUN
fomented	VERB
fond	ADJ
fone	NOUN
food	NOUN,PROPN
foodies	NOUN
foods	NOUN
foodshed	NOUN
fool	NOUN,VERB
foot	NOUN,VERB
footage	NOUN
football	ADJ,NOUN
foothills	NOUN
footing	NOUN
footnote	NOUN
footwear	NOUN
for	ADP,CCONJ,SCONJ,X
for-profit	ADJ
foraging	NOUN,VERB
forbade	VERB
forbearance	NOUN
forbid	VERB
forbidden	ADJ
forbidding	VERB
force	ADV,NOUN,VERB
forced	VERB
forceful	ADJ
forcefully	ADV
forces	NOUN
forcing	VERB
forearm	NOUN
forecast	NOUN,VERB
forecasts	NOUN
foreclosed	VERB
forefront	NOUN
foreground	NOUN
foreign	ADJ
foreigner	NOUN
foreigners	NOUN
forelimb	NOUN
foremost	ADJ,ADV
foresaw	VERB
foresee	VERB
forest	NOUN
forestry	NOUN
forethought	NOUN
forever	ADV,NOUN
forgave	VERB
forged	VERB
forger	NOUN
forget	VERB
forgetting	VERB
forgive	VERB
forgiven	VERB
forgiveness	NOUN
forgo	VERB
forgot	VERB
forgotten	VERB
forida	PROPN
fork	VERB
forkfuls	NOUN
form	ADP,NOUN,VERB
forma	X
formal	ADJ
formaldehyde	NOUN
formalin	NOUN
formalism	NOUN
formalisms	NOUN
formality	NOUN
formalized	VERB
formally	ADV
format	NOUN
formation	NOUN
formations	NOUN
formatted	VERB
formatting	VERB
formed	VERB
former	ADJ
formerly	ADV
formidable	ADJ
forming	VERB
forms	NOUN,VERB
formula	NOUN
formulate	VERB
forsyth	PROPN
fort	NOUN,PROPN
forth	ADP,ADV,NOUN
forthcoming	ADJ
fortress	NOUN
fortunate	ADJ
fortunately	ADV
fortune	NOUN
fortunes	NOUN
forty	NUM
forum	NOUN
forums	NOUN
forward	ADJ,ADP,ADV,VERB
forwarded	VERB
forwarding	NOUN,VERB
fossil	NOUN
foster	NOUN
fostering	VERB
fot	ADP
fought	VERB
foul	NOUN
fouling	VERB
found	VERB
foundation	NOUN
foundational	ADJ
foundations	NOUN
founded	VERB
founder	NOUN
founders	NOUN
founding	NOUN,VERB
founds	VERB
fountain	NOUN
four	NUM
fourteen	NOUN
fourteenth	ADJ
fourth	ADJ,NOUN
foxes	NOUN
fps	NOUN
fracking	NOUN
fraction	NOUN
fracture	NOUN
fracturing	NOUN
fragile	ADJ
fragmentary	ADJ
fragments	NOUN
fragrance	NOUN
frame	NOUN,VERB
framed	VERB
frames	NOUN
framework	NOUN
france	PROPN
franchise	NOUN
francisco.pinto.leite@enron.com	PROPN
frankly	ADV
fraternity	NOUN
fraud	NOUN
fraught	ADJ
fray	NOUN
frazzled	ADJ
freak	VERB
freaked	VERB
freakin	ADJ
freaky	ADJ
free	ADJ
freebooting	VERB
freed	VERB
freedom	NOUN
freedoms	NOUN
freelance	ADJ
freely	ADV
freer	ADJ
freeways	NOUN
freeze	ADJ,NOUN,VERB
freezer	NOUN
freezing	NOUN,VERB
freight	NOUN
freighter	NOUN
french	ADJ
frequencies	NOUN
frequency	NOUN
frequent	ADJ,VERB
frequented	VERB
frequently	ADV
fresco	NOUN
fresh	ADJ,ADV
freshly	ADV
freshman	NOUN
freshness	NOUN
friday	PROPN
fridge	NOUN
fried	VERB
friend	NOUN
friendlier	ADJ
friendliness	NOUN
friendly	ADJ
friends	NOUN
friendship	NOUN
fries	NOUN
frighten	VERB
frightened	VERB
frightening	ADJ
frigidity	NOUN
fringe	NOUN
fritters	NOUN
fro	ADP
from	ADP,SCONJ
front	ADJ,ADV,NOUN
frontal	ADV
frontier	NOUN
frontiersman	NOUN
frosting	NOUN
frosts	NOUN
frothing	VERB
frothy	ADJ
frozen	ADJ,VERB
fruit	NOUN
fruitcake	NOUN
fruitless	ADJ
fruits	NOUN
fruity	ADJ
frustrated	ADJ,VERB
frustrating	ADJ
frustration	NOUN
fry	NOUN
ft	NOUN
fuck	INTJ,VERB
fucked	VERB
fucking	INTJ,VERB
fuel	NOUN,VERB
fueled	VERB
fuels	NOUN
fugitives	NOUN
fulfil	VERB
fulfill	VERB
fulfilled	VERB
fulfilling	VERB
fulfilment	NOUN
fulfils	VERB
full	ADJ,ADV
fullest	ADJ
fullness	NOUN
fulltime	ADV
fully	ADV
fumarase	NOUN
fumes	NOUN
fun	ADJ,NOUN
function	NOUN,VERB
functional	ADJ
functionalism	NOUN
functionality	NOUN
functionally	ADV
functioning	ADJ,NOUN,VERB
functions	NOUN
fund	NOUN
fundamental	ADJ
fundamentalist	ADJ
fundamentalists	NOUN
fundamentally	ADV
funded	VERB
funding	NOUN,VERB
fundraising	NOUN,VERB
funds	NOUN,VERB
funeral	NOUN
funerals	NOUN
fungus	NOUN,VERB
funneled	VERB
funniest	ADJ
funny	ADJ
fur	NOUN
furious	ADJ
furnace	NOUN
furnaces	NOUN
furnished	VERB
furnishings	NOUN
furniture	NOUN
further	ADJ,ADV,VERB
furthering	VERB
fusca	X
fuse	NOUN
fused	VERB
fusion	NOUN
fusions	NOUN
fuss	NOUN,VERB
fussy	ADJ
future	ADJ,NOUN
futures	NOUN
futuristic	ADJ
fyi	ADV
g-	INTJ
g0v	PROPN
ga	PROPN
gabapentin	NOUN
gagged	VERB
gain	ADV,NOUN,VERB
gained	VERB
gaining	VERB
gains	NOUN,VERB
galaxies	NOUN
gall	NOUN
galleries	NOUN
gallery	NOUN
galleryfurniture.com	PROPN
gallivanting	VERB
gallon	NOUN
galloping	VERB
galore	ADV
gals	NOUN
gambit	NOUN
gamble	VERB
gamblers	NOUN
gambling	NOUN,VERB
game	NOUN,VERB
gamers	NOUN
games	NOUN
gaming	NOUN,VERB
gamut	NOUN
gandalf	PROPN
gang	NOUN,PROPN
gangland	NOUN
gangly	ADJ
gangs	NOUN
gangster	NOUN
gant	ADJ
gap	NOUN
gaps	NOUN
garage	NOUN
garbage	NOUN
garde	X
garden	NOUN
gardeners	NOUN
gardening	NOUN
gardens	NOUN
gardneri	NOUN
gargling	VERB
garlic	NOUN
garments	NOUN
garner	VERB
garnered	VERB
garnishes	NOUN
garrison	NOUN
gas	NOUN,PROPN,VERB
gases	NOUN
gash	NOUN
gasoline	NOUN
gasp	NOUN
gasped	VERB
gasps	VERB
gastric	ADJ
gastroenteritis	NOUN
gate	NOUN
gated	ADJ
gates	NOUN
gateway	NOUN
gather	VERB
gathered	VERB
gathering	NOUN,VERB
gatherings	NOUN
gathers	VERB
gator	NOUN
gave	VERB
gay	ADJ,NOUN
gaze	VERB
gda	NOUN
gear	NOUN
gearbox	NOUN
geared	VERB
gearing	VERB
gears	NOUN
gee	NOUN
geez	INTJ
gel	NOUN,VERB
gel-	INTJ
gelatin	NOUN
gelato	NOUN
gelatos	PROPN
gels	NOUN
gem	NOUN
gender	NOUN
genders	NOUN
gene	NOUN
genealogy	NOUN
general	ADJ,NOUN,PROPN
generalizability	NOUN
generalizations	NOUN
generalized	VERB
generally	ADV
generals	NOUN
generate	VERB
generated	VERB
generates	VERB
generating	NOUN,VERB
generation	NOUN
generations	NOUN
generative	ADJ
generators	NOUN
generic	ADJ
generous	ADJ
genes	NOUN
genetic	ADJ
genetically	ADV
genetics	NOUN
genital	NOUN
genitalia	NOUN
genitals	NOUN
genius	NOUN
genocide	NOUN
genome	NOUN
genre	NOUN
genres	NOUN
gentel	ADJ
gentle	ADJ
gentleman	NOUN
gentlemen	NOUN
gently	ADV
gentrified	VERB
genuine	ADJ
genuinely	ADV
geographer	NOUN
geographic	ADJ
geographical	ADJ
geography	NOUN
geologist	NOUN
geologists	NOUN
geometric	ADJ
geometrically	ADV
geometries	NOUN
geometry	NOUN
geopolitical	ADJ
geopolitics	NOUN
gerbil	NOUN
germs	NOUN
gestalt	ADJ,NOUN
gesture	NOUN
gestures	NOUN
get	AUX,VERB,X
gets	AUX,VERB
getting	AUX,NOUN,VERB
geyser	NOUN
gf	NOUN
ghost	NOUN
ghostly	ADJ
ghosts	NOUN
giant	ADJ,NOUN
giants	NOUN
giddy	ADJ
gift	NOUN
gifted	VERB
gifts	NOUN
giggled	VERB
gilded	ADJ
gimmicky	ADJ
gimp	PROPN
ginger	NOUN
giraffe	NOUN
giraffes	NOUN
girl	NOUN
girlfriend	NOUN
girlie	NOUN
girls	NOUN
gist	NOUN
give	NOUN,VERB
given	ADJ,NOUN,VERB
gives	VERB
giving	VERB
glaces	X
glaciers	NOUN
glad	ADJ
gladly	ADV
glamorous	ADJ
glamour	NOUN
glance	NOUN
glanced	VERB
glands	NOUN
glandular	ADJ
glaring	ADJ
glass	NOUN
glasses	NOUN
glazed	VERB
glean	VERB
gleaned	VERB
glimpse	NOUN
glitch	NOUN
glitz	NOUN
gloating	VERB
glob	NOUN
global	ADJ
globe	NOUN
gloom	NOUN
gloomy	ADJ
glorious	ADJ
glory	NOUN
gloss	NOUN
glove	NOUN
glow	NOUN
glowing	VERB
glue	NOUN
glut	NOUN
glyphs	NOUN
gnocchi	NOUN
go	NOUN,PROPN,VERB
go's	NOUN
go-	INTJ
goal	NOUN
goalkeeper	NOUN
goals	NOUN
goats	NOUN
gobbled	VERB
god	INTJ,NOUN,PROPN
goddesses	NOUN
gods	NOUN
godsend	NOUN
goers	NOUN
goes	VERB
going	VERB,X
gold	NOUN
golden	ADJ
golf	NOUN
golfers	NOUN
golfing	VERB
gon	VERB
gone	ADJ,VERB
goo	NOUN
good	ADJ,ADV,NOUN
goodbye	NOUN
goodies	NOUN
goodness	NOUN
goods	NOUN
goofy	ADJ
google	PROPN,VERB
googled	VERB
googlenut	PROPN
gooseberry	NOUN
gorgeous	ADJ
gorse	NOUN
gosh	INTJ
gossip	NOUN
got	AUX,VERB
gotten	VERB
gouging	NOUN
gourmet	NOUN
govern	VERB
governance	NOUN
governing	NOUN,VERB
government	NOUN
governmental	ADJ
governments	NOUN
governor	NOUN
governorates	NOUN
governs	VERB
gown	NOUN
gpa	NOUN
grab	VERB
grabbed	VERB
grabbing	VERB
grabs	VERB
grace	NOUN,PROPN
graceful	ADJ
gracious	ADJ
grad	NOUN
grade	NOUN
grades	NOUN
gradual	ADJ
gradually	ADV
graduands	NOUN
graduate	NOUN,VERB
graduated	VERB
graduating	VERB
graduation	NOUN
grain	NOUN
grained	ADJ
grammar	NOUN
grammarian	NOUN
grammars	NOUN
grammatical	ADJ
grams	NOUN
grand	ADJ
grandchild	NOUN
grandchildren	NOUN
granddaughters	NOUN
grandeur	NOUN
grandfather	NOUN
grandma	NOUN
grandmother	NOUN
grandmothers	NOUN
grandpa	NOUN
grandparents	NOUN
grandson	NOUN
grandsons	NOUN
grandure	NOUN
grant	NOUN,VERB
granted	VERB
granting	NOUN,VERB
grants	NOUN,VERB
grape	NOUN
grapefruit	NOUN
grapes	NOUN
graphic	ADJ,NOUN
graphics	NOUN
grapple	VERB
grapples	VERB
grappling	VERB
gras	NOUN
grasp	VERB
grasped	VERB
grass	NOUN
grassroots	NOUN
grassy	ADJ
grateful	ADJ
gratefully	ADV
gratified	ADJ
gratifying	ADJ
gratitude	NOUN
grave	ADJ,NOUN
gravel	NOUN
graves	NOUN
gravitational	ADJ
gravity	NOUN
gravy	NOUN
gray	ADJ,NOUN
graze	VERB
grazing	VERB
grease	NOUN
greasy	ADJ
great	ADJ,ADV
greater	ADJ
greatest	ADJ
greatly	ADV
greatness	NOUN
greed	NOUN
greedy	ADJ
greek	ADJ
green	ADJ,NOUN
greenery	NOUN
greenhouse	NOUN
greens	NOUN
greet	VERB
greeted	VERB
greeter	NOUN
greeting	NOUN
greetings	NOUN
grenade	NOUN
grenades	NOUN
grew	VERB
grey	ADJ,NOUN
grid	NOUN
grievances	NOUN
grifter	NOUN
grill	NOUN
grills	VERB
grim	ADJ
grinder	NOUN
grindstone	NOUN
grinned	VERB
grip	NOUN
gripped	VERB
grips	NOUN
grisbi	PROPN
grist	NOUN
grit	NOUN
grizzly	ADJ
gro	PROPN
groan	INTJ
groans	NOUN
groceries	NOUN
grocers	NOUN
grocery	NOUN
grocerys	NOUN
groom	VERB
groomed	VERB
groped	VERB
gross	ADJ,NOUN
grossly	ADV
grotesque	ADJ
ground	NOUN,VERB
grounded	VERB
groundless	ADJ
grounds	NOUN
group	NOUN
grouped	VERB
grouping	NOUN
groupings	NOUN
groups	NOUN
grow	VERB
growers	NOUN
growing	VERB
grown	VERB
grows	VERB
growth	NOUN
grrrrrrrreeeaaat	ADJ
grudge	NOUN
grueling	ADJ
grumble	VERB
grunt	NOUN
gstrathmann@mediaone.net	PROPN
gtee	NOUN
guacamole	NOUN
guarantee	NOUN,VERB
guaranteed	VERB
guaranteeing	VERB
guarantees	NOUN,VERB
guarantor	NOUN
guaranty	NOUN
guard	NOUN,VERB
guardian	NOUN
guardians	NOUN
guards	NOUN
guardsmen	NOUN
guarentee	NOUN
gud	ADJ
guerilla	NOUN
guerrilla	NOUN
guerrillas	NOUN
guess	NOUN,VERB
guessed	VERB
guessing	VERB
guesswork	NOUN
guest	NOUN
guests	NOUN
guidance	NOUN
guide	NOUN,VERB
guidebook	NOUN
guided	VERB
guidelines	NOUN
guider	NOUN
guides	NOUN
guiding	VERB
guild	NOUN
guilds	NOUN
guilt	NOUN
guilty	ADJ,NOUN
guinea	NOUN
guitar	NOUN
guitarist	NOUN
gulf	NOUN,PROPN
gullible	ADJ
gumball	NOUN
gun	NOUN
gunmen	NOUN
gunpowder	NOUN
guns	NOUN
guqin	X
guss	VERB
gut	NOUN
guts	NOUN
guy	NOUN
guys	NOUN
guz	VERB
gym	NOUN
gymnasiums	NOUN
h	X
h-	INTJ
h=guys	NOUN
ha	INTJ
habit	NOUN
habitat	NOUN
habitation	NOUN
habits	NOUN
hack	VERB
hackable	ADJ
hacked	VERB
hacker	NOUN
hackers	NOUN
hacking	VERB
hackles	NOUN
hackneyed	ADJ
had	AUX,VERB
haddock	NOUN
haemorrhage	NOUN
hagiography	NOUN
haha	INTJ
hahahaahh	INTJ
hail	VERB
hailstorm	NOUN
hair	NOUN
haircut	NOUN
haircuts	NOUN
hairdresser	NOUN
hairstyling	NOUN
hairstylist	NOUN
halal	ADJ
half	ADJ,ADV,DET,NOUN,NUM
halfway	ADV
halibut	NOUN
hall	NOUN
halls	NOUN
hallway	NOUN
halts	NOUN
halves	NOUN
ham	NOUN
hammer	NOUN
hammie	NOUN
hammocks	NOUN
hammy	NOUN
hamper	VERB
hampered	VERB
hamster	NOUN
hamsters	NOUN
hand	NOUN,VERB
handbag	NOUN
handcraft	NOUN
handcuffed	VERB
handcuffs	NOUN
handed	ADJ,ADV,VERB
handful	NOUN
handicap	NOUN
handicapped	ADJ
handily	ADV
handing	VERB
handle	NOUN,VERB
handlebar	NOUN
handled	VERB
handlers	NOUN
handles	VERB
handling	NOUN,VERB
hands	NOUN
handsome	ADJ
handsomely	ADV
handy	ADJ
hang	VERB
hangar	NOUN
hanging	NOUN,VERB
hangout	NOUN
happen	VERB
happened	VERB
happening	VERB
happens	VERB
happenstance	NOUN
happier	ADJ
happiest	ADJ
happily	ADV
happiness	NOUN
happy	ADJ
harass	VERB
harbor	NOUN
harboring	VERB
harbour	NOUN
harbouring	NOUN,VERB
harbours	NOUN
hard	ADJ,ADV
hardcore	ADJ
harder	ADJ,ADV
hardest	ADJ
hardliners	NOUN
hardly	ADV
hardness	NOUN
hardship	NOUN
hardships	NOUN
hardware	NOUN
hare	NOUN
harem	NOUN
harm	NOUN,VERB
harmful	ADJ
harming	VERB
harmless	ADJ
harmonize	VERB
harmony	NOUN
harms	VERB
harness	NOUN
harsh	ADJ
harshest	ADJ
harshly	ADV
harvest	NOUN
harvesting	NOUN,VERB
has	AUX,VERB
hashtag	NOUN
hassle	NOUN,VERB
hassles	NOUN
hastag	NOUN
haste	NOUN
hastened	VERB
hastily	ADV
hasty	ADJ
hat	NOUN
hatch	VERB
hatched	VERB
hate	NOUN,VERB
hated	VERB
hates	VERB
hatred	NOUN
hats	NOUN
haul	VERB
hauled	VERB
hauling	NOUN,VERB
hauls	VERB
haunt	VERB
hav	AUX,VERB
have	AUX,VERB
haven	NOUN
havens	NOUN
haves	VERB
having	AUX,VERB
havoc	NOUN
hawkish	ADJ
hay	NOUN
hazards	NOUN
hazy	ADJ
he	DET,PRON
head	NOUN,VERB
headache	NOUN
headaches	NOUN
headboard	NOUN
headcount	NOUN
headed	ADJ,VERB
header	NOUN
heading	NOUN,VERB
headline	NOUN
headlines	NOUN
headlong	ADV
headquarters	NOUN
heads	NOUN,VERB
headset	NOUN
headspace	NOUN
healed	ADJ
healing	NOUN,VERB
health	NOUN
healthcare	NOUN
healthier	ADJ
healthiest	ADJ
healthy	ADJ
hear	VERB
heard	VERB
hearing	NOUN,VERB
hearings	NOUN
hears	VERB
heart	NOUN
heartbreaking	ADJ
heartbreaks	NOUN
heartbroken	ADJ
heartily	ADV
heartless	ADJ
heartlessly	ADV
hearts	NOUN
heartwarming	ADJ
heat	NOUN,VERB
heated	VERB
heater	NOUN
heather	NOUN
heating	NOUN,VERB
heaven	NOUN
heavens	NOUN
heavier	ADJ
heavily	ADV
heavy	ADJ
heavyweight	NOUN
heck	NOUN
heckuvalot	NOUN
hectic	ADJ
hedge	NOUN,VERB
hedging	VERB
heebee	NOUN
heed	NOUN
heeded	VERB
heel	NOUN,VERB
heels	NOUN
hegemonic	ADJ
hehe	INTJ
hehehe	INTJ
heifers	NOUN
height	NOUN
heightened	ADJ,VERB
heights	NOUN,PROPN
held	VERB
helicopter	NOUN
helicopters	NOUN
helium	NOUN
hell	INTJ,NOUN
hellish	ADJ
hello	INTJ
help	NOUN,VERB
helped	VERB
helpers	NOUN
helpful	ADJ
helping	VERB
helps	VERB
hemistichs	NOUN
hence	ADV
henequen	NOUN
hens	NOUN
hepatitis	NOUN
her	PRON
herbs	NOUN
herd	NOUN
herding	NOUN
here	ADV,VERB
hereby	ADV
herein	ADV
heresy	NOUN
herewith	ADV
heritage	NOUN
hermit	NOUN
hernia	NOUN
hero	NOUN
heroes	NOUN
herpes	NOUN
herring	NOUN
hers	PRON
herself	PRON
hesitant	ADJ
hesitate	VERB
hesitated	VERB
hesitation	NOUN
hesitations	NOUN
hey	INTJ
heyday	NOUN
hh	NOUN
hi	INTJ
hiatus	NOUN
hibernate	VERB
hibernation	NOUN
hickies	NOUN
hid	VERB
hidden	ADJ,VERB
hide	NOUN,VERB
hideouts	NOUN
hiding	NOUN,VERB
hierarchical	ADJ
hierarchies	NOUN
hierarchy	NOUN
high	ADJ,ADV,INTJ,NOUN
higher	ADJ,ADV
highest	ADJ,ADV
highlands	NOUN
highlight	NOUN,VERB
highlighted	VERB
highlighting	VERB
highlights	NOUN,VERB
highline	NOUN
highly	ADV
highrise	ADJ,NOUN
hight	NOUN
highway	NOUN
highways	NOUN
hijacker	NOUN
hijackers	NOUN
hike	VERB
hikes	NOUN
hiking	NOUN,VERB
hilarious	ADJ
hill	NOUN,X
hills	NOUN
hilltops	NOUN
him	PRON
himself	PRON
hindered	VERB
hindering	VERB
hindlimb	NOUN
hindsight	NOUN
hing	PROPN
hinges	NOUN,VERB
hint	NOUN,VERB
hints	NOUN
hip	NOUN
hippie	ADJ
hippies	NOUN
hippy	NOUN
hire	VERB
hired	VERB
hirier	VERB
hiring	NOUN,VERB
his	DET,PRON
his.	NOUN
hiss	NOUN,VERB
hissed	VERB
hisses	VERB
hissing	NOUN,VERB
hissy	NOUN
historian	NOUN
historians	NOUN
historic	ADJ
historical	ADJ
historically	ADV
historicism	NOUN
histories	NOUN
history	NOUN
hit	NOUN,VERB
hitch	NOUN
hits	VERB
hitting	VERB
hm	INTJ
hmm	INTJ
hmmm	INTJ
hmmmm	INTJ
hoa	PROPN
hoax	NOUN
hobby	NOUN
hock	NOUN
hockey	NOUN
hoeing	NOUN
hogtied	VERB
hoists	VERB
hold	NOUN,VERB
holder	NOUN
holders	NOUN
holding	VERB
holdings	NOUN
holds	VERB
hole	NOUN
holes	NOUN
holiday	NOUN,VERB
holidaying	NOUN
holidays	NOUN
holiest	ADJ
holistic	ADJ
hollering	VERB
holocaust	PROPN
holy	ADJ
homage	NOUN
home	ADV,NOUN,PROPN
homeland	NOUN
homeless	ADJ
homemade	ADJ
homeowners	NOUN
homepage	NOUN
homer	NOUN
homes	NOUN
hometown	NOUN
homework	NOUN
homey	ADJ
homo	NOUN
homogeneous	ADJ
homosexual	ADJ,NOUN
homosexuality	NOUN
homosexuals	NOUN
hon	NOUN
honest	ADJ
honestly	ADV
honesty	NOUN
honey	NOUN
honeydew	NOUN
honeymoon	NOUN
honor	NOUN,VERB
honorable	ADJ
honorary	ADJ
honored	ADJ,VERB
honorific	ADJ
honors	NOUN
honour	NOUN,VERB
honro	VERB
hood	NOUN
hoodie	NOUN
hoods	NOUN
hoof	NOUN
hook	VERB
hookers	NOUN
hookless	ADJ
hooks	NOUN
hooligans	NOUN
hooptie	NOUN
hoorah	INTJ
hooves	NOUN
hop	VERB
hope	NOUN,VERB
hoped	VERB
hopeful	ADJ
hopefully	ADV
hopefuls	NOUN
hopeless	ADJ
hopes	NOUN,VERB
hoping	VERB
hopping	ADJ
horizon	NOUN
horizons	NOUN
horizontal	ADJ,NOUN
horizontally	ADV
hormonal	ADJ
hormones	NOUN
horn	NOUN
hornet	NOUN
horrendous	ADJ
horrible	ADJ
horrific	ADJ
horrifying	ADJ
horror	NOUN
horrors	NOUN
horse	NOUN
horses	NOUN
horseshoe	NOUN
horseshoes	NOUN
horsetail	NOUN
hose	NOUN
hospitable	ADJ
hospital	NOUN,PROPN
hospitality	NOUN
hospitalize	VERB
hospitalized	VERB
hospitals	NOUN
hoss	NOUN
host	NOUN,VERB
hostages	NOUN
hosted	VERB
hostel	NOUN
hostess	NOUN
hostile	ADJ
hostilities	NOUN
hostility	NOUN
hosting	NOUN,VERB
hosts	NOUN,VERB
hot	ADJ
hotel	NOUN
hotels	NOUN
hotheads	NOUN
hotly	ADV
hotmail	PROPN
hotpot	VERB
hotspots	NOUN
hotter	ADJ
hottest	ADJ
hottie	NOUN
hour	NOUN
hourly	ADJ,ADV
hours	NOUN
house	ADJ,NOUN,VERB
housed	VERB
household	NOUN
households	NOUN
housekeeping	NOUN
houses	NOUN,VERB
housewife	NOUN
housing	NOUN
houston	PROPN
how	ADV,NOUN
however	ADV
howling	VERB
hr	NOUN
html	NOUN
http://3.bp.blogspot.com/-X_e2uwT6wPw/Tkj_7UVTw6I/AAAAAAAAAGs/e_hICAdYPYI/s1600/lotte_world_from_high_up.jpg	PROPN
http://bit.ly/kPlaylists	PROPN
http://dianacamera.com	PROPN
http://digon_va.tripod.com/Chernobyl.htm	PROPN
http://en.wikipedia.org/wiki/Aerocom	PROPN
http://en.wikipedia.org/wiki/Bullfighting	PROPN
http://en.wikipedia.org/wiki/Degenerate_art	PROPN
http://en.wikipedia.org/wiki/John_Balance	PROPN
http://farm3.static.flickr.com/2406/2527255596_db23df940f.jpg	PROPN
http://gimpedblog.blogspot.com/2011/09/gimp-video-tutorial-how-to-convert.html	PROPN
http://gimpedblog.blogspot.com/2011/09/how-to-use-gimp-for-beginners-lesson-4.html	PROPN
http://haas.berkeley.edu/~borenste	PROPN
http://herp-info.webs.com/beardeddragon.htm	PROPN
http://i.imgur.com/S2MD2.jpg	PROPN
http://i.imgur.com/T2zff.jpg	PROPN
http://i.imgur.com/Xytex.jpg	PROPN
http://im.yahoo.com/	PROPN
http://isc.enron.com/site	PROPN
http://judiciary.senate.gov/testimony.cfm?id=1725&wit_id=4905	PROPN
http://lllreptile.com/store/catalog/reptile-supplies/uvb-fluorescent-lights-mercury-vapor-bulbs/-/zoo-med-24-repti-sun-100-fluorescent-bulb/	PROPN
http://loveallpeople.org/usconstitutiona.txt	PROPN
http://news.bbc.co.uk/2/hi/programmes/this_world/4446342.stm	PROPN
http://news.yahoo.com/nestl-purina-releases-commercial-aimed-dogs-183443091.html	PROPN
http://nigeria.usembassy.gov/scams.html	PROPN
http://pageturnpro2.com.s3-website-us-east-1.amazonaws.com/Publications/201803/15/83956/PDF/131668002208352000_CPBJ033018WEB.pdf	PROPN
http://tong.visitkorea.or.kr/cms/resource/81/188181_image2_1.jpg	PROPN
http://travel.state.gov/travel/cis_pa_tw/cis/cis_1052.html	PROPN
http://v2.cache7.c.bigcache.googleapis.com/static.panoramio.com/photos/original/42661265.jpg?redirect_counter=2	PROPN
http://washington.hyatt.com/wasgh/index.html	PROPN
http://www-formal.stanford.edu/jmc/progress/chernobyl.html	PROPN
http://www.21stcenturysciencetech.com/articles/chernobyl.html	PROPN
http://www.InternetchurchOfChrist.org	PROPN
http://www.LoveAllPeople.org	PROPN
http://www.UnitaryExecutive.net	PROPN
http://www.adiccp.org/home/default.asp	PROPN
http://www.adorama.com/BLCBS.html	PROPN
http://www.adventurehobbycraft.com/products/hobby_craft_supplies.html#metal	PROPN
http://www.amazon.ca/exec/obidos/ASIN/0915765381/701-3377456-8181939	PROPN
http://www.antifraudcentre-centreantifraude.ca/english/home-eng.html	PROPN
http://www.arps.org.au/Chernobyl.htm	PROPN
http://www.beardeddragon.org/articles/caresheet/?page=1	PROPN
http://www.bigeye.com/111003.htm	PROPN
http://www.binkyswoodworking.com/HorseStable.php	PROPN
http://www.blueoakstables.com/breyerhorsebarns_barn003.asp	PROPN
http://www.bullatomsci.org/issues/1993/s93/s93Marples.html	PROPN
http://www.bumrungrad.com/en/patient-services/clinics-and-centers/plastic-surgery-thailand-bangkok/breast-augmentation-ba	PROPN
http://www.calguard.ca.gov/ia/Chernobyl-15%20years.htm	PROPN
http://www.canadavisa.com/canadian-immigration-faq-skilled-workers.html	PROPN
http://www.caribbean-cruising.net	PROPN
http://www.chernobyl.info/en	PROPN
http://www.chernobyl.org.uk/page2.htm	PROPN
http://www.cic.gc.ca/english/contacts/index.asp	PROPN
http://www.cic.gc.ca/english/immigrate/index.asp	PROPN
http://www.cic.gc.ca/english/immigrate/skilled/assess/index.asp	PROPN
http://www.cic.gc.ca/english/index.asp	PROPN
http://www.collectinghistory.net/chernobyl/	PROPN
http://www.compaq.com/products/notebooks/index.html	PROPN
http://www.consumerreports.org/health/healthy-living/beauty-personal-care/hair-loss-10-08/hair-loss.htm	PROPN
http://www.country-couples.co.uk/datingtips/basic-travel-allowance-bta-dating-scam/	PROPN
http://www.cruisecompete.com/specials/regions/world/1	PROPN
http://www.csmonitor.com/2006/0509/p02s01-ussc.html?s=t5	PROPN
http://www.dailykos.com/story/2006/5/12/232746/857	PROPN
http://www.disinfo.com/archive/pages/dossier/id334/pg1/	PROPN
http://www.droidforums.net/forum/droid-news/181335-ereader-tablet-comparison-b-n-nook-tablet-b-n-nook-color-kindle-fire-htc-flyer.html	PROPN
http://www.ebay.co.uk/itm/130589513308?var=430034792128&ssPageName=STRK:MEWAX:IT&_trksid=p3984.m1438.l2648#ht_1500wt_660	PROPN
http://www.ebay.co.uk/itm/250927098564?var=550057729382&ssPageName=STRK:MEWAX:IT&_trksid=p3984.m1438.l2649#ht_	PROPN
http://www.ebay.co.uk/itm/250927098564?var=550057729382&ssPageName=STRK:MEWAX:IT&_trksid=p3984.m1438.l2649#ht_2079wt_893	PROPN
http://www.environmentalchemistry.com/yogi/hazmat/articles/chernobyl1.html	PROPN
http://www.equinecaninefeline.com/catalog/abode-large-metal-cage-liberta-free-delivery-p-6679.html	PROPN
http://www.equinecaninefeline.com/catalog/mamble-hamster-narrow-100cm-cage-p-12642.html	PROPN
http://www.equinecaninefeline.com/catalog/savic-freddy-cage-free-delivery-p-6750.html	PROPN
http://www.euci.com/pdf/trans_expn.pdf	PROPN
http://www.flickr.com/photos/adamtolle/6094960940/in/set-72157627535453128/	PROPN
http://www.goldentriangleindia.com/delhi/hotels-in-delhi.html	PROPN
http://www.guardian.co.uk/obituaries/story/0,3604,1371372,00.html	PROPN
http://www.ibiblio.org/expo/soviet.exhibit/chernobyl.html	PROPN
http://www.ibrae.ac.ru/IBRAE/eng/chernobyl/nat_rep/nat_repe.htm#24	PROPN
http://www.infoukes.com/history/chornobyl/elg/	PROPN
http://www.infoukes.com/history/chornobyl/gregorovich/index.html	PROPN
http://www.irisdatabase.org	PROPN
http://www.justcages.co.uk/ferret-cages/ferplast-furet-plus-ferret-cage#v_431	PROPN
http://www.laweekly.com/general/features/satan-loves-you/13454/	PROPN
http://www.loveallpeople.org/theonereasonwhy.html	PROPN
http://www.loveallpeople.org/theonereasonwhy.txt	PROPN
http://www.mikegigi.com/castgobl.htm	PROPN
http://www.mikegigi.com/castgobl.htm#LGGOBPROJ	PROPN
http://www.mikegigi.com/firehole.htm	PROPN
http://www.mikegigi.com/meltmetl.htm	PROPN
http://www.mikegigi.com/techspec.htm#SELCTEMP	PROPN
http://www.natureandtech.com/?page_id=2200	PROPN
http://www.nea.fr/html/rp/chernobyl/c01.html	PROPN
http://www.nea.fr/html/rp/chernobyl/c05.html	PROPN
http://www.nea.fr/html/rp/chernobyl/conclusions5.html	PROPN
http://www.netpetshop.co.uk/p-19500-savic-chichi-2-chinchilla-rat-degu-ferret-cage.aspx	PROPN
http://www.newsday.com/news/opinion/ny-vpnasa054135614feb05,0,5979821.story?coll=ny-editorials-headlines	PROPN
http://www.nsrl.ttu.edu/chernobyl/wildlifepreserve.htm	PROPN
http://www.oneworld.org/index_oc/issue196/byckau.html	PROPN
http://www.ontario.ca/en/information_bundle/birthcertificates/119274.html	PROPN
http://www.ontario.ca/en/information_bundle/birthcertificates/119275.html	PROPN
http://www.petsathome.com/shop/combi-1-dwarf-hamster-cage-by-ferplast-15986	PROPN
http://www.physics.isu.edu/radinf/chern.htm	PROPN
http://www.playatmcd.com/en-us/Main/Gameboard	PROPN
http://www.quantcast.com/wikihow.com	PROPN
http://www.radianz.com	PROPN
http://www.railroadredux.com/tag/northwest-shortline/	PROPN
http://www.rawstory.com/news/2006/US_outsourcing_special_operations_intelligence_gathering_0413.html	PROPN
http://www.restaurant.com	PROPN
http://www.romancescam.com/forum/viewtopic.php?t=7231	PROPN
http://www.solutions.com/jump.jsp?itemID=1361&itemType=PRODUCT&path=1%2C3%2C477&iProductID=1361	PROPN
http://www.sonic.net/~fsjob/TragiCore-TheCivetCat.mp3	PROPN
http://www.speedtest.net/result/1155244347.png	PROPN
http://www.sploid.com/news/2006/05/evil_priest_gui.php	PROPN
http://www.squidoo.com/nook-tablet	PROPN
http://www.tecsoc.org/pubs/history/2002/apr26.htm	PROPN
http://www.the-dslr-photographer.com/2009/11/which-dslr-to-buy/	PROPN
http://www.thekcrachannel.com/news/4503872/detail.html	PROPN
http://www.thetruthseeker.co.uk/article.asp?id=4503	PROPN
http://www.time.com/time/daily/chernobyl/860901.accident.html	PROPN
http://www.ucei.berkeley.edu/ucei	PROPN
http://www.ukrainianweb.com/chernobyl_ukraine.htm	PROPN
http://www.un.org/ha/chernobyl/	PROPN
http://www.utrechtart.com/Craft-Supplies/Woodworking%20Supplies/	PROPN
http://www.wikihow.com/wikiHow:Carbon-Neutral	PROPN
http://www.wikihow.com/wikiHow:Contributions-to-Charity	PROPN
http://www.wikihow.com/wikiHow:Right-to-Fork	PROPN
http://www.wikihow.com/wikiHow:Statistics	PROPN
http://www.world-nuclear.org/info/chernobyl/inf07.htm	PROPN
http://www.wyndham.com/Washington_DC/default.cfm	PROPN
http://youtube.com/watch?v=d46_ctqDmI4	PROPN
https://osf.io	PROPN
https://www.nytimes.com/2017/04/16/technology/inside-the-hotel-industrys-plan-to-combat-airbnb.html	PROPN
hub	NOUN
hubs	NOUN
hug	NOUN,VERB
huge	ADJ
hugging	VERB
hugs	NOUN,VERB
huh	INTJ
hui	PROPN
huit	X
hullo	INTJ
hum	NOUN
human	ADJ,NOUN
humanatarian	ADJ
humane	ADJ
humanistic	ADJ
humanists	NOUN
humanitarian	ADJ
humanities	NOUN
humanity	NOUN
humankind	NOUN
humans	NOUN
humble	ADJ
humiliate	VERB
humiliation	NOUN
humility	NOUN
humming	VERB
hummus	NOUN
humor	NOUN
humour	NOUN
hund	X
hundred	NUM
hundreds	NOUN
hundredth	NUM
hundredths	NOUN
hung	ADJ,PROPN,VERB
hunger	NOUN,VERB
hungry	ADJ
hunh	INTJ
hunkering	VERB
hunks	NOUN
hunt	NOUN
hunter	NOUN
hunters	NOUN
hunting	NOUN,VERB
hunts	NOUN
hurdles	NOUN
hurled	VERB
hurling	VERB
hurried	VERB
hurry	NOUN,VERB
hurt	VERB
hurting	VERB
hurtling	VERB
hurts	VERB
husband	NOUN
husbands	NOUN
hustle	NOUN
hutch	NOUN
hvae	AUX
hybrid	NOUN
hybrids	NOUN
hydrated	ADJ
hydration	NOUN
hydraulic	ADJ
hydrocele	NOUN
hydrogen	NOUN
hygiene	NOUN
hype	NOUN
hyper	ADJ
hyperbole	NOUN
hyperbolic	ADJ
hypocrisy	NOUN
hypocritical	ADJ
hypothesis	NOUN
hypothesized	VERB
hypothetically	ADV
hysteria	NOUN
hysterical	ADJ
i	NOUN,NUM,PRON,PROPN,X
i-	INTJ
i-Nick	PROPN
i.e	ADV
i.e.	ADV
iPad	PROPN
ice	NOUN,PROPN
iceberg	NOUN
icecreams	NOUN
ices	NOUN
icing	NOUN
icon	NOUN
iconic	ADJ
icq	NOUN
id	NOUN
idea	NOUN
ideal	ADJ,NOUN
ideals	NOUN
ideas	NOUN
ideate	VERB
ideation	NOUN
identical	ADJ
identification	NOUN
identified	VERB
identifies	VERB
identify	VERB
identifying	VERB
identity	NOUN
ideological	ADJ
ideologized	ADJ
ideologue	NOUN
ideology	NOUN
idiot	NOUN
idiots	NOUN
idk	VERB
idle	ADJ
ids	NOUN
ie	ADV
if	ADP,SCONJ
ignited	VERB
ignoramus	NOUN
ignorance	NOUN
ignorant	ADJ
ignore	VERB
ignored	VERB
ignores	VERB
ignoring	VERB
iguana	NOUN
ihop	PROPN
ii	NUM
iii	NUM
iis	AUX
ilk	NOUN
ill	ADJ,ADV
illegal	ADJ
illegally	ADV
illegals	NOUN
illness	NOUN
illnesses	NOUN
illuminated	VERB
illuminating	VERB
illusion	NOUN
illusions	NOUN
illustrate	VERB
illustrated	VERB
illustrates	VERB
illustrating	VERB
illustrations	NOUN
illustrator	NOUN
illwill	NOUN
image	NOUN
images	NOUN
imaginary	ADJ
imagination	NOUN
imaginations	NOUN
imagine	VERB
imagined	VERB
imaging	NOUN
imam	PROPN
imbalances	NOUN
imbued	VERB
immaculately	ADV
immediate	ADJ
immediately	ADV
immense	ADJ
immensely	ADV
immersed	VERB
immigeration	NOUN
immigrant	NOUN
immigrants	NOUN
immigrate	VERB
immigration	NOUN
immortalized	VERB
immune	NOUN
immunity	NOUN
impact	NOUN,VERB
impacted	VERB
impacts	NOUN,VERB
impaired	VERB
impairment	NOUN
impartial	ADJ
impasse	NOUN
impatient	ADJ
impatiently	ADV
impeccable	ADJ
impede	VERB
impediment	NOUN
impeding	VERB
impel	VERB
impending	ADJ
impenetrable	ADJ
imperative	ADJ
imperialism	NOUN
imperil	VERB
imperiled	VERB
impertinence	NOUN
implanted	VERB
implants	NOUN
implement	VERB
implementation	NOUN
implemented	VERB
implementing	VERB
implicate	VERB
implicated	VERB
implication	NOUN
implications	NOUN
implicit	ADJ
implied	VERB
implies	VERB
implored	VERB
implying	VERB
impolite	ADJ
import	NOUN
importance	NOUN
important	ADJ,ADV
importantly	ADV
imported	VERB
importing	VERB
imports	NOUN
impose	VERB
imposing	ADJ,VERB
imposingly	ADV
imposition	NOUN
impossible	ADJ
imposters	NOUN
impress	VERB
impressed	ADJ,VERB
impression	NOUN
impressionist	ADJ
impressions	NOUN
impressive	ADJ
imprint	NOUN
imprisoned	VERB
imprisonment	NOUN
improbable	ADJ
improperly	ADV
improv	NOUN
improve	VERB
improved	VERB
improvement	NOUN
improvements	NOUN
improves	VERB
improving	VERB
impugned	VERB
impulse	NOUN
impulses	NOUN
in	ADJ,ADP,ADV,AUX,NOUN,SCONJ,X
inability	NOUN
inaccurate	ADJ
inactive	ADJ
inadequate	ADJ
inadvertently	ADV
inalienable	ADJ
inappropriate	ADJ
inappropriately	ADV
inaugural	ADJ
inauguration	NOUN
inca	PROPN
incandescent	ADJ
incarcerated	ADJ
incarceration	NOUN
incentive	NOUN
incentives	NOUN
inception	NOUN
incessant	ADJ
inch	NOUN
inches	NOUN
incident	NOUN
incinerator	NOUN
incite	VERB
incited	VERB
incitement	NOUN
inciting	VERB
inclined	ADJ
include	VERB
included	VERB
includes	VERB
including	VERB
inclusion	NOUN
inclusive	ADJ
incoherent	ADJ
income	NOUN
incomes	NOUN
incoming	ADJ
incompatible	ADJ
incompetence	NOUN
incompetent	ADJ
incomplete	ADJ,ADV
incompletely	ADV
incomprehensible	ADJ
inconsiderate	ADJ
inconsistency	NOUN
inconsistent	ADJ
inconvenient	ADJ
incorporate	VERB
incorporated	VERB
incorporates	VERB
incorrect	ADJ
incorrectly	ADV
increase	NOUN,VERB
increased	ADJ,VERB
increases	NOUN,VERB
increasing	NOUN,VERB
increasingly	ADV
incredible	ADJ
incredibly	ADV
incredulity	NOUN
incremental	ADJ
incrementally	ADV
incubating	VERB
incubation	NOUN
incumbent	ADJ
incurred	VERB
indeed	ADV
indefinite	ADJ
indefinitely	ADV
indentured	VERB
independence	NOUN
independent	ADJ,NOUN
independently	ADV
independents	NOUN
indescriminately	ADV
index	NOUN
indicate	VERB
indicated	VERB
indicates	VERB
indicating	VERB
indication	NOUN
indicator	NOUN
indices	NOUN
indifferent	ADJ
indigenous	ADJ
indignities	NOUN
indignity	NOUN
indirect	ADJ
indirectly	ADV
indiscriminate	ADJ
indiscriminately	ADV
indispensable	ADJ
individual	ADJ,NOUN
individualized	ADJ
individually	ADV
individuals	NOUN
indivisible	ADJ
indomitable	ADJ
indoor	ADJ
indoors	ADV
induced	VERB
induces	VERB
inducted	VERB
indulged	VERB
indulgences	NOUN
industrial	ADJ
industrialist	NOUN
industrialized	ADJ
industries	NOUN
industry	NOUN
ineffective	ADJ
inequalities	NOUN
inequality	NOUN
inequities	NOUN
inequity	NOUN
inertia	NOUN
inevitable	ADJ
inevitably	ADV
inexpensive	ADJ
inexperienced	ADJ
infallible	ADJ
infamous	ADJ
infant	NOUN
infantry	NOUN
infatuated	ADJ
infected	ADJ,VERB
infection	NOUN
infections	NOUN
infectious	ADJ
inference	NOUN
inferences	NOUN
inferior	ADJ
inferiority	NOUN
inferiors	NOUN
inferred	VERB
infertility	NOUN
infested	VERB
infidels	NOUN
infielder	NOUN
infiltrate	VERB
infiltrators	NOUN
infinite	ADJ
infinity	NOUN
inflammatory	ADJ
inflate	VERB
inflated	VERB
inflating	VERB
inflation	NOUN
inflationary	ADJ
influence	NOUN,VERB
influenced	VERB
influences	NOUN
influencing	VERB
influential	ADJ
influenza	NOUN
influx	NOUN
info	NOUN
info.	NOUN
info@smakkecenter.dk	PROPN
info@travelheels.dk	PROPN
info@vagabondtours.dk	PROPN
inform	VERB
informal	ADJ
informally	ADV
information	NOUN
informative	ADJ
informed	ADJ,VERB
informing	VERB
infrastructure	NOUN
infrastructures	NOUN
infringement	NOUN
infringing	VERB
infuse	VERB
infused	VERB
ingenuity	NOUN
ingested	VERB
ingesting	VERB
ingredient	NOUN
ingredients	NOUN
ingrown	ADJ
inhabitants	NOUN
inhabited	VERB
inhabiting	VERB
inhabits	VERB
inhalable	ADJ
inhalation	NOUN
inhaled	VERB
inhaling	NOUN,VERB
inherent	ADJ
inheritance	NOUN
inherited	VERB
inhibitors	NOUN
inhospitable	ADJ
inhuman	ADJ
initial	ADJ,VERB
initially	ADV
initials	NOUN,VERB
initiate	VERB
initiated	VERB
initiation	NOUN
initiative	NOUN
initiatives	NOUN
initiator	NOUN
inject	VERB
injection	NOUN
injure	VERB
injured	ADJ,VERB
injuries	NOUN
injurious	ADJ
injury	NOUN
injustice	NOUN
ink	NOUN
inked	VERB
inks	NOUN
inland	ADV
inn	NOUN,PROPN
inner	ADJ
innermost	ADJ
inning	NOUN
innings	NOUN
innkeeper	NOUN
innkeepers	NOUN
innocence	NOUN
innocent	ADJ
innocents	NOUN
innovate	VERB
innovating	VERB
innovation	NOUN
innovations	NOUN
innovative	ADJ
innovator	NOUN
innovators	NOUN
inoperable	ADJ
input	NOUN
inquire	VERB
inquired	VERB
inquires	NOUN
inquiries	NOUN
inquiring	VERB
inquiry	NOUN
inquisitive	ADJ
insane	ADJ
insanely	ADV
insanity	NOUN
insatiable	ADJ
inscribed	VERB
inscription	NOUN
inscriptions	NOUN
insects	NOUN
insecure	ADJ
insensitive	ADJ
inseparable	ADJ
insert	VERB
inserted	VERB
inserts	NOUN
inside	ADJ,ADP,ADV,NOUN
insider	NOUN
insidious	ADJ
insight	NOUN
insights	NOUN
insignia	NOUN
insignias	NOUN
insist	VERB
insisted	VERB
insists	VERB
insoluble	ADJ
insomnia	NOUN
inspect	VERB
inspected	VERB
inspection	NOUN
inspector	NOUN
inspectors	NOUN
inspiration	NOUN
inspire	VERB
inspired	ADJ,VERB
inspires	VERB
inspiring	ADJ,VERB
instability	NOUN
install	VERB
installation	NOUN
installed	VERB
installing	VERB
instance	NOUN
instances	NOUN
instant	ADJ,NOUN
instantaneously	ADV
instantly	ADV
instead	ADV
instigate	VERB
instigated	VERB
instilling	VERB
instinct	NOUN
instincts	NOUN
institute	NOUN
institution	NOUN
institutional	ADJ
institutionalism	NOUN
institutionalize	VERB
institutionally	ADV
institutions	NOUN
instructed	VERB
instruction	NOUN
instructions	NOUN
instructive	ADJ
instructor	NOUN
instrument	NOUN
instrumental	ADJ
instrumentation	NOUN
instruments	NOUN
insufficient	ADJ
insular	ADJ
insulation	NOUN
insult	NOUN
insulted	VERB
insulting	ADJ,VERB
insurance	NOUN
insured	VERB
insurers	NOUN
insurgency	NOUN
insurgents	NOUN
intact	ADJ
intake	NOUN
integral	ADJ
integrate	VERB
integrated	ADJ,VERB
integrates	VERB
integration	NOUN
integrity	NOUN
intellect	NOUN
intellectual	ADJ,NOUN
intellectually	ADV
intellectuals	NOUN
intelligence	NOUN
intelligent	ADJ
intelligibility	NOUN
intend	VERB
intended	ADJ,VERB
intending	VERB
intends	VERB
intense	ADJ
intensely	ADV
intensive	ADJ
intent	NOUN
intention	NOUN
intentional	ADJ
intentions	NOUN
intents	NOUN
inter-animation	NOUN
inter-caste	ADJ
interact	VERB
interacting	VERB
interaction	NOUN
interactions	NOUN
interactive	ADJ
interacts	VERB
intercept	NOUN
intercepted	VERB
interception	NOUN
interceptor	NOUN
intercompany	ADJ
interconnect	NOUN
interconnected	ADJ
intercourse	NOUN
interest	NOUN,VERB
interested	ADJ,VERB
interesting	ADJ,NOUN
interestingness	NOUN
interests	NOUN
interface	NOUN,VERB
interfaces	NOUN
interfere	VERB
interference	NOUN
interferences	NOUN
interferes	VERB
interfering	VERB
interferometers	NOUN
interim	ADJ,NOUN
interior	ADJ,NOUN
interjection	NOUN
interjections	NOUN
intermarrying	VERB
intermediary	ADJ,NOUN
intermediate	ADJ
internal	ADJ
internally	ADV
international	ADJ
internationally	ADV
internet	NOUN
interns	NOUN
internship	NOUN
interpersonal	ADJ
interplanetary	ADJ
interplay	NOUN
interpolated	VERB
interpret	VERB
interpretation	NOUN
interpretations	NOUN
interpretative	ADJ
interpreted	VERB
interpreter	NOUN
interpreting	VERB
interquartile	ADJ
interracial	ADJ
interrogated	VERB
interrogations	NOUN
interrogative	ADJ
interrogators	NOUN
interrupt	VERB
interrupted	VERB
interrupting	VERB
interruption	NOUN
interruptions	NOUN
intersect	VERB
intersection	NOUN
intersections	NOUN
intersects	NOUN
interspersed	VERB
interstellar	ADJ
intertexts	NOUN
intertextualities	NOUN
intertwined	ADJ
interval	NOUN
intervals	NOUN
intervening	VERB
intervention	NOUN
interventions	NOUN
interview	NOUN,VERB
interviewed	VERB
interviewer	NOUN
interviewers	NOUN
interviewing	VERB
interviews	NOUN,VERB
interweave	VERB
intestines	NOUN
intial	ADJ
intifada	NOUN
intimacy	NOUN
intimate	ADJ,VERB
intimately	ADV
intimidating	ADJ
into	ADP,NOUN,SCONJ
intolerance	NOUN
intoxicated	VERB
intoxicating	ADJ
intoxication	NOUN
intra-day	ADJ
intractable	ADJ
intranet	NOUN
intrigue	NOUN,VERB
intrigued	VERB
intriguing	VERB
introduce	VERB
introduced	VERB
introduces	VERB
introducing	VERB
introduction	NOUN
introductions	NOUN
introductory	ADJ
introspection	NOUN
intruder	NOUN
intruders	NOUN
intrusion	NOUN
intuition	NOUN
intuitive	ADJ
intuitively	ADV
inu	X
invade	VERB
invaded	VERB
invading	VERB
invasion	NOUN
invasive	ADJ
invencion	X
invent	VERB
invented	VERB
invention	NOUN
inventor	NOUN
inventory	NOUN
inventorying	NOUN,VERB
inverse	ADJ
inversion	NOUN
inverted	VERB
invest	VERB
invested	VERB
investigación	PROPN
investigate	VERB
investigated	VERB
investigating	VERB
investigation	NOUN
investigations	NOUN
investigative	ADJ
investigator	NOUN
investigators	NOUN
investment	NOUN
investments	NOUN
investor	NOUN
investors	NOUN
invisible	ADJ
invitaion	NOUN
invitation	NOUN
invitations	NOUN
invite	VERB
invited	VERB
invitees	NOUN
inviting	VERB
invoice	NOUN
invoiced	VERB
invoices	NOUN
invoicing	NOUN,VERB
invoke	VERB
invoked	VERB
invoking	VERB
involuntary	ADJ
involve	VERB
involved	ADJ,VERB
involvement	NOUN
involves	VERB
involving	VERB
invovled	VERB
inwards	ADV
ipsa	X
irate	ADJ
ireland	PROPN
irene	PROPN
irish	ADJ
iron	ADJ,NOUN,VERB
ironic	ADJ
ironically	ADV
irons	NOUN
irony	NOUN
irrational	ADJ
irreconcilable	ADJ
irregardles	ADV
irrelevant	ADJ
irrespective	ADV
irrigate	VERB
irrigated	ADJ
irrigation	NOUN
irritate	VERB
irritates	VERB
irritation	NOUN
is	ADP,AUX,PRON,VERB,X
isda	NOUN
islamist	ADJ,NOUN
islamists	NOUN
island	NOUN,PROPN
islands	NOUN
islets	NOUN
isolated	ADJ,VERB
isolating	VERB
isolation	NOUN
issue	NOUN,VERB
issued	VERB
issues	NOUN,VERB
issuing	VERB
it	ADP,ADV,AUX,PRON,PROPN,SCONJ
it's	PRON
itchy	ADJ
item	NOUN
itemized	VERB
items	NOUN
itinerary	NOUN
its	PRON
itself	PRON
itty	ADJ
ive	X
ivy	NOUN
iw	PRON
izakaya	NOUN
j-	INTJ
jack	NOUN,PROPN,VERB
jacket	NOUN
jackets	NOUN
jacks	NOUN
jade	NOUN
jail	NOUN
jalapeno	NOUN
jam	NOUN,VERB
jammers	NOUN
jamming	VERB
jams	NOUN
japanese	ADJ
jaqamofino	PROPN
jar	NOUN
jargon	NOUN
javascript	NOUN
jaw	NOUN
jaws	NOUN
jazz	NOUN
jealous	ADJ
jeans	NOUN
jeff	PROPN
jeju	PROPN
jejudo	PROPN
jellies	NOUN
jelly	NOUN
jeopardised	VERB
jerk	NOUN
jerks	NOUN
jermeier@earthlink.net	PROPN
jersey	NOUN
jester	NOUN
jet	NOUN
jets	NOUN,PROPN
jewel	NOUN
jewelry	NOUN
jiffy	NOUN,PROPN
jihad	NOUN
jihadi	ADJ
jihadis	NOUN
jihadist	NOUN
jimmy	NOUN
jitney	NOUN
jitsu	NOUN
jiu	NOUN
job	NOUN
jobs	NOUN
jobsite	NOUN
jodud...@aol.com	PROPN
jog	NOUN
jogs	VERB
join	VERB
joined	VERB
joinery	NOUN
joining	VERB
joint	ADJ
jointly	ADV
joints	NOUN
joke	NOUN
jokes	NOUN
joking	VERB
jokingly	ADV
jolts	VERB
journal	NOUN
journalism	NOUN
journalist	NOUN
journalistic	ADJ
journalists	NOUN
journals	NOUN
journey	NOUN
journeying	VERB
joy	NOUN
joystick	NOUN
judge	NOUN,VERB
judged	VERB
judgement	NOUN
judges	NOUN
judging	VERB
judgment	NOUN
judgments	NOUN
judicial	ADJ
judiciary	NOUN
jug	NOUN
juggling	NOUN
jugular	NOUN
juice	NOUN
juicy	ADJ
jumbled	VERB
jumbo	NOUN
jump	NOUN,VERB
jumped	VERB
jumping	VERB
jumps	VERB
junction	NOUN
junctions	NOUN
juncture	NOUN
june	PROPN
jungle	NOUN
junior	ADJ
junk	NOUN
junkie	NOUN
junkyards	NOUN
jure	X
jurisdiction	NOUN
jurisdictions	NOUN
juror	NOUN
jurors	NOUN
jury	NOUN
just	ADJ,ADV
justice	NOUN
justices	NOUN
justification	NOUN
justified	ADJ,VERB
justifies	VERB
justify	VERB
justifying	VERB
justly	ADV
juvenile	NOUN
k	NOUN,NUM,PROPN
kaffee	PROPN
kale	NOUN
kaoshikii	NOUN
kaplan	PROPN
kaplan@iepa.com	PROPN
karen	PROPN
karma	NOUN
karol	PROPN
kayak	NOUN
kb	NOUN
kc	PROPN
kebabs	NOUN
keen	ADJ
keenly	ADV
keep	NOUN,VERB
keeping	NOUN,VERB
keeps	VERB
kennels	NOUN
kenneth.lay@enron.com	PROPN
kept	VERB
key	ADJ,NOUN
keyboard	NOUN
keynote	NOUN
keys	NOUN
keystone	NOUN
keyword	NOUN
keywords	NOUN
kg	NOUN
khaki	NOUN
kick	NOUN,VERB
kicked	VERB
kicking	VERB
kicks	VERB
kid	NOUN
kiddies	NOUN
kidding	NOUN,VERB
kidnapped	VERB
kidnapping	VERB
kidnappings	NOUN
kidney	NOUN
kido	NOUN
kids	NOUN
kill	NOUN,VERB
killed	VERB
killer	NOUN
killers	NOUN
killie	NOUN
killies	NOUN
killing	NOUN,VERB
killings	NOUN
kills	VERB
kiln	NOUN
kilometers	NOUN
kilometres	NOUN
kimberwick	NOUN
kin	PROPN
kind	ADJ,ADV,NOUN
kinda	ADV
kindergarten	NOUN
kindness	NOUN
kinds	NOUN
kinect	PROPN
kinematics	NOUN
kinesiologist	NOUN
kinetic	ADJ
king	NOUN
kings	NOUN
kingston	PROPN
kinsman	NOUN
kiss	VERB
kissed	VERB
kitchen	NOUN
kitchens	NOUN
kits	NOUN
kitten	NOUN
kittens	NOUN
kitty	NOUN
km	NOUN
knacks	NOUN
knee	NOUN
knees	NOUN
knew	VERB
knick	NOUN
knife	NOUN
knights	PROPN
knit	VERB
knitting	NOUN
knives	NOUN
knock	VERB
knocked	VERB
knocking	VERB
knocks	NOUN
knots	NOUN
know	NOUN,VERB
knowing	ADJ,VERB
knowingly	ADV
knowledgable	ADJ
knowledge	ADJ,NOUN
knowledgeable	ADJ
known	ADJ,VERB
knows	VERB
koran	PROPN
kosa	NOUN
kosas	NOUN
kthypryn	PROPN
kung	NOUN
kyle.jones@radianz.com	PROPN
l'	PROPN
l'eau	PROPN
l-	INTJ
l/c	NOUN
la	INTJ,PROPN,X
lab	NOUN
label	NOUN
labeled	VERB
labelled	VERB
labels	NOUN
lable	NOUN
labor	NOUN
laborers	NOUN
laboring	VERB
labors	NOUN
labour	NOUN,VERB
labs	NOUN
labyrinth	NOUN
lace	NOUN,VERB
laced	VERB
laces	NOUN
lack	NOUN,VERB
lacked	VERB
lacking	VERB
lackluster	ADJ
lacks	VERB
ladies	NOUN
lady	NOUN
laffa	NOUN
lagged	VERB
lagoon	NOUN
laid	ADJ,VERB
lake	NOUN
lakefront	NOUN
lakes	NOUN
lalo	X
lamb	NOUN
lambs	NOUN
lame	ADJ
laminated	VERB
lamp	NOUN
land	NOUN,PROPN,VERB
landed	VERB
landfill	NOUN
landfills	NOUN
landing	NOUN
landlocked	ADJ
landlord	NOUN
landmark	ADJ,NOUN
landmines	NOUN
landowners	NOUN
lands	NOUN
landscape	NOUN
landscaped	VERB
lane	NOUN
lanes	NOUN
language	NOUN
languages	NOUN
lantern	NOUN
lanterns	NOUN
lap	NOUN
lapse	VERB
lapses	NOUN
laptop	NOUN
laptops	NOUN
large	ADJ
largely	ADV
larger	ADJ
largest	ADJ
larrikin	NOUN
lasciviousness	NOUN
laser	NOUN
lash	NOUN
lashed	VERB
last	ADJ,ADV,VERB
lasted	VERB
lasting	ADJ,VERB
lasts	VERB
late	ADJ,ADV,NOUN
late-	ADV
lately	ADV
later	ADJ,ADV,NOUN
latest	ADJ
latin	ADJ
latitude	NOUN
latitudes	NOUN
latte	NOUN
latter	ADJ
laudable	ADJ
laude	X
lauded	VERB
lauds	VERB
laugh	NOUN,VERB
laughed	VERB
laughing	VERB
laughs	VERB
laughter	NOUN
launch	NOUN,VERB
launched	VERB
launcher	NOUN,PROPN
launchers	NOUN
launches	VERB
launching	NOUN,VERB
launder	VERB
laundromats	NOUN
laundry	NOUN
laureate	NOUN
laurels	NOUN
laurie.ellis@enron.com	PROPN
law	NOUN
lawless	ADJ
lawlessness	NOUN
lawmakers	NOUN
laws	NOUN
lawsuit	NOUN
lawyer	NOUN
lawyers	NOUN
lax	ADJ
lay	ADJ,VERB
layer	NOUN,VERB
layers	NOUN
laying	VERB
layman	NOUN
layout	NOUN
lazers	NOUN
lazy	ADJ
lb	NOUN,PROPN
lb.	NOUN
lbs	NOUN
ld2d-#69334-1.DOC	NOUN
ld2d-#69336-1.XLS	NOUN
ld2d-#69345-1.DOC	NOUN
ld2d-#69366-1.DOC	NOUN
ld2d-#69377-1.XLS	NOUN
ld2d-#69381-1.DOC	NOUN
ld2d-#69396-1.DOC	NOUN
ld2d-#69397-1.DOC	NOUN
le	PROPN
lead	ADJ,NOUN,VERB
leader	NOUN
leaders	NOUN
leadership	NOUN
leaderships	NOUN
leading	VERB
leadoff	ADV
leads	VERB
leaf	NOUN
leaflets	NOUN
leafy	ADJ,NOUN
league	NOUN,PROPN
leagues	NOUN
leak	NOUN,VERB
leakage	NOUN
leaked	VERB
leaks	NOUN,VERB
leaky	ADJ
lean	ADJ,VERB
leaned	VERB
leaning	NOUN,VERB
leaps	NOUN,VERB
learn	VERB
learned	VERB
learner	NOUN
learners	NOUN
learning	NOUN,VERB
learns	VERB
learnt	VERB
lease	NOUN
leash	NOUN
least	ADJ,ADV
leather	NOUN
leave	NOUN,VERB
leaves	VERB
leaving	VERB
lecture	NOUN
lectures	NOUN
led	VERB
ledger	NOUN
lee	PROPN
left	ADJ,ADV,NOUN,VERB
leftovers	NOUN
leg	NOUN
legacy	NOUN
legal	ADJ,NOUN
legalised	VERB
legalizing	VERB
legally	ADV
legato	ADJ
legend	NOUN
legendary	ADJ
legislate	VERB
legislation	NOUN
legislative	ADJ
legislators	NOUN
legislature	NOUN
legit	ADJ
legitimacy	NOUN
legitimate	ADJ
legs	NOUN
leisure	NOUN
leisurely	ADJ
leitmotivs	NOUN
lemelpe@NU.COM	PROPN
lemon	NOUN
lemonade	NOUN
lemons	NOUN
lends	VERB
length	NOUN
lengths	NOUN
lengthy	ADJ
lens	NOUN
lent	PROPN,VERB
leon.branom@enron.com	PROPN
leporjj@selectenergy.com	PROPN
lesion	NOUN
less	ADJ,ADV,X
lessen	VERB
lesser	ADJ
lesson	NOUN
lessons	NOUN
let	NOUN,VERB
lethal	ADJ
lethargy	NOUN
lets	VERB
letter	NOUN
letters	NOUN
letting	VERB
lettuce	NOUN
level	ADJ,NOUN
levels	NOUN
leverage	NOUN,VERB
lexical	ADJ
lexicographic	ADJ
lexicography	NOUN
lexicon	NOUN
li	X
liabilities	NOUN
liability	NOUN
liars	NOUN
libel	NOUN
libeled	VERB
liberal	ADJ,X
liberals	NOUN
liberated	VERB
liberation	NOUN
libertarian	NOUN
liberties	NOUN
liberty	NOUN
libido	NOUN
librarians	NOUN
libraries	NOUN
library	NOUN
license	NOUN
licensed	VERB
licenses	NOUN
licensing	NOUN
lick	VERB
licking	VERB
licks	VERB
lie	NOUN,VERB
lied	VERB
lies	NOUN,VERB
lieu	NOUN
lieutenant	NOUN
life	ADJ,NOUN
lifeboat	NOUN
lifeboats	NOUN
lifeguard	NOUN
lifehood	NOUN
lifelong	ADJ
lifespan	NOUN
lifespans	NOUN
lifestyle	NOUN
lifestyles	NOUN
lifetime	NOUN
lifetimes	NOUN
lift	NOUN,VERB
lifted	VERB
lifting	VERB
ligament	NOUN
ligaments	NOUN
light	ADJ,NOUN,VERB
lightbulb	NOUN
lighted	VERB
lighten	VERB
lighter	ADJ
lightest	ADJ
lighting	NOUN,VERB
lightning	NOUN
lights	NOUN,VERB
lik	ADP
like	ADJ,ADP,ADV,INTJ,NOUN,SCONJ,VERB
liked	VERB
likelihood	NOUN
likely	ADJ,ADV
likened	VERB
likeness	NOUN
likes	NOUN,VERB
likewise	ADV
likley	ADV
lil	ADJ
limb	NOUN
limbo	NOUN
limbs	NOUN
lime	NOUN
limelight	NOUN
limerick	PROPN
limes	NOUN
limestone	NOUN
limine	NOUN
limit	NOUN,VERB
limitation	NOUN
limitations	NOUN
limited	ADJ,VERB
limitless	ADJ
limits	NOUN
limp	ADJ
linchpin	NOUN
line	ADJ,ADV,NOUN,VERB,X
lineatus	NOUN,PROPN
lined	VERB
linens	NOUN
liner	NOUN
lines	NOUN
ling	ADV
lingering	ADJ,VERB
linguist	NOUN
linguistic	ADJ
linguistics	NOUN
linguists	NOUN
link	NOUN,VERB
linked	VERB
linking	VERB
links	NOUN
lions	NOUN
lip	NOUN
lips	NOUN
lipstick	NOUN
lipsticks	NOUN
liq	NOUN
liquefied	VERB
liquid	ADJ,NOUN
liquidation	NOUN
liquidations	NOUN
liquidweb.com	PROPN
liquor	NOUN
lisenced	ADJ
lisp	NOUN
list	NOUN,VERB
listed	VERB
listen	VERB
listened	VERB
listener	NOUN
listeners	NOUN
listening	NOUN,VERB
listing	NOUN,VERB
listings	NOUN
listlessness	NOUN
lists	NOUN,VERB
lit	VERB
litely	ADV
literal	ADJ
literalist	NOUN
literally	ADV
literaly	ADV
literary	ADJ
literate	ADJ
literature	NOUN
litgation	NOUN
lithograph	NOUN
lithos	NOUN
litigating	VERB
litigation	NOUN
litter	NOUN
litterbox	NOUN
little	ADJ,ADV
litttle	ADJ
liturgical	ADJ
livable	ADJ
live	ADJ,ADV,VERB
lived	VERB
livelihoods	NOUN
liven	VERB
liver	NOUN
lives	NOUN,VERB
livestock	NOUN
living	NOUN,VERB
lizard	NOUN
lizards	NOUN
ll	AUX
lo	ADJ,NOUN
lo9nger	ADV
load	NOUN,VERB
loaded	VERB
loading	NOUN,VERB
loads	NOUN,VERB
loan	NOUN
loans	NOUN
lobbed	VERB
lobby	NOUN,VERB
lobbyist	NOUN
lobster	NOUN
local	ADJ,ADV
localist	ADJ
localities	NOUN
localized	VERB
locally	ADV
locals	NOUN
locate	VERB
located	VERB
location	NOUN
locations	NOUN
lock	NOUN,VERB
locked	VERB
locker	NOUN
locking	VERB
locks	NOUN
locomotion	NOUN
locomotor	ADJ
locomotory	ADJ
locust	PROPN
lodge	NOUN,VERB
lodging	NOUN
lofts	NOUN
log	VERB
logging	NOUN,VERB
logic	NOUN
logical	ADJ
logistical	ADJ
logo	NOUN
lol	INTJ
lola	PROPN
london	PROPN
lone	ADJ
lonely	ADJ
long	ADJ,ADV,NOUN,VERB
longer	ADJ,ADV
longest	ADJ,ADV
longevity	NOUN
longitude	NOUN
longitudinal	ADJ
longitudinally	ADV
longs	VERB
longshoreman	NOUN
longtime	ADJ
look	NOUN,VERB
looked	VERB
looking	ADJ,VERB
lookout	NOUN
looks	VERB
loom	VERB
looming	VERB
loop	NOUN
loopy	ADJ
loose	ADJ,ADV,VERB
looser	NOUN
loosing	VERB
loot	NOUN,VERB
looters	NOUN
looting	NOUN
lope	NOUN,VERB
lopez	PROPN
lopsided	ADJ
lora.sullivan@enron.com	PROPN
los	PROPN
lose	VERB
losers	NOUN
loses	VERB
losing	VERB
loss	NOUN,VERB
losses	NOUN
lost	ADJ,VERB
lot	NOUN
lots	NOUN
lottery	NOUN
lou	PROPN
loud	ADJ,ADV
loudly	ADV
loudspeaker	NOUN
loudspeakers	NOUN
louise	PROPN
lounge	NOUN
lousy	ADJ
lovable	ADJ
love	NOUN,VERB
loved	VERB
lovely	ADJ
lover	NOUN
lovers	NOUN
loves	VERB
lovin'	NOUN
loving	ADJ,VERB
low	ADJ,ADV,NOUN
lower	ADJ,VERB
lowered	VERB
lowering	VERB
lowest	ADJ
loyal	ADJ
loyalty	NOUN
ltake	VERB
lube	NOUN,PROPN
luck	NOUN
lucky	ADJ
lucrative	ADJ
luggage	NOUN
lull	NOUN
luminescence	NOUN
lump	NOUN
luna	NOUN
luna's	NOUN
lunar	ADJ
lunatics	NOUN
lunch	NOUN
luncheon	NOUN
lung	NOUN
lurks	VERB
lush	ADJ
luv	NOUN
luxerious	ADJ
luxurious	ADJ
luxury	NOUN
lv.	VERB
lying	VERB
lymphoma	NOUN
lyrics	NOUN
léxico	X
lɑ̃fɑ̃	PROPN
m	AUX,INTJ,NOUN,NUM,PROPN,X
m-	INTJ
m.	VERB
m.nordstrom@pecorp.com	PROPN
maam	NOUN
mac	NOUN
macbook	PROPN
machine	NOUN
machinery	NOUN
machines	NOUN
macho	ADJ
macro	ADJ
mad	ADJ
made	AUX,PROPN,VERB
madea	VERB
madrasas	NOUN
magazine	NOUN
magazines	NOUN
magic	ADJ,NOUN,PROPN
magical	ADJ
magician	NOUN
magicians	NOUN
magickal	ADJ
magnanimity	NOUN
magnesium	NOUN
magnet	NOUN
magnetic	ADJ
magnification	NOUN
magnificent	ADJ
magnifying	VERB
magnitude	NOUN
maid	NOUN
maids	NOUN
mail	NOUN,VERB,X
mailed	VERB
mailer	NOUN
mailing	NOUN,VERB
mailings	NOUN
mailto:amy.cornell@compaq.com	PROPN
mailto:galen.torneby@nepco.com	PROPN
mailto:galent@nepco.com	PROPN
mailto:mayur...@yahoo.com	PROPN
mailto:rosario.gonzales@compaq.com	PROPN
main	ADJ
mainland	ADJ,NOUN
mainly	ADV
mainstream	ADJ,NOUN
mainstreamed	ADJ
maintain	VERB
maintained	VERB
maintaining	VERB
maintains	VERB
maintenance	NOUN
maize	NOUN
majestic	ADJ
majeure	NOUN
major	ADJ,NOUN
majority	NOUN
majors	NOUN
make	VERB
maker	NOUN
makers	NOUN
makes	VERB
makeup	NOUN
making	NOUN,VERB
makke	VERB
male	ADJ,NOUN
males	NOUN
malformed	ADJ
malfunctions	VERB
malignant	ADJ
mall	NOUN
malls	NOUN
mama	NOUN
mammals	NOUN
man	INTJ,NOUN
man-	NOUN
manage	VERB
managed	VERB
management	NOUN
manager	NOUN
managers	NOUN
manages	VERB
managing	VERB
mandate	NOUN
mandated	VERB
mandatory	ADJ
manged	VERB
mangers	NOUN
mango	NOUN
manhood	NOUN
manhunt	NOUN
maniac	NOUN
maniacs	NOUN
manicure	NOUN
manifest	ADJ,VERB
manifestations	NOUN
manifests	VERB
manifold	NOUN
manikins	NOUN
manipulate	VERB
manipulated	VERB
manipulating	VERB
manipulation	NOUN
manipulations	NOUN
mankind	NOUN
manliness	NOUN
manned	ADJ
manner	NOUN
mannered	ADJ
manners	NOUN
manoeuvre	NOUN
manor	NOUN
mansion	NOUN
mansions	NOUN
mantids	NOUN
mantra	NOUN
manual	ADJ,NOUN
manually	ADV
manufacture	NOUN,VERB
manufactured	VERB
manufacturer	NOUN
manufacturers	NOUN
manufacturing	NOUN,VERB
manuscript	NOUN
manuscripts	NOUN
many	ADJ,DET
map	NOUN
mapped	VERB
maps	NOUN
marae	NOUN
march	NOUN
marched	VERB
marches	NOUN
mare	NOUN
margin	NOUN
marginal	ADJ
marginalized	VERB
margins	NOUN
marine	ADJ
marionettes	NOUN
maritime	ADJ
mark	NOUN,PROPN,VERB
mark.carr...@chron.com	PROPN
marked	VERB
markedly	ADV
markers	NOUN
market	NOUN
marketed	VERB
marketers	NOUN
marketing	NOUN
marketplace	NOUN
marketplaces	NOUN
markets	NOUN
marking	VERB
markings	NOUN
marks	NOUN,VERB
markup	NOUN
marriage	NOUN
marriages	NOUN
married	ADJ,VERB
marry	VERB
marrying	NOUN,VERB
marshal	VERB
mart	PROPN
martial	ADJ
martyr	NOUN
martyrs	NOUN
marvelled	VERB
marvelous	ADJ
marvelously	ADV
marvels	NOUN
mary	NOUN
masculinity	NOUN
mash	VERB
mask	NOUN,VERB
masking	VERB
masks	NOUN
masquerade	NOUN
mass	ADJ,NOUN
massacre	NOUN
massacred	VERB
massacring	VERB
massage	NOUN,VERB
massages	NOUN
masse	X
masses	NOUN
massive	ADJ
master	NOUN
masterminds	NOUN
masterpieces	NOUN
masters	NOUN
mastery	NOUN
match	NOUN,VERB
matched	VERB
matches	NOUN,VERB
matching	NOUN,VERB
matchup	NOUN
mate	NOUN,VERB
mater	NOUN,X
material	ADJ,NOUN
materializes	VERB
materials	NOUN
maternal	ADJ
mates	NOUN
math	NOUN
mathematical	ADJ
mathematically	ADV
mathematician	NOUN
mathematicians	NOUN
mathematics	NOUN
matrix	NOUN
matter	NOUN,VERB
mattered	VERB
matters	NOUN,VERB
mature	ADJ,VERB
mauled	VERB
mauling	VERB
max	ADJ,NOUN
maximized	VERB
maximum	ADJ,NOUN
may	AUX,PROPN
maybe	ADV
mayonnaise	NOUN
mayor	NOUN
mayors	NOUN
mayur...@yahoo.com	PROPN
mb	PROPN
mcallister	PROPN
mcclelland	PROPN
me	PRON
me$$age	NOUN
meadowlarks	NOUN
meager	ADJ
meal	NOUN
meals	NOUN
mean	ADJ,NOUN,VERB
meander	VERB
meanest	ADJ
meaning	NOUN,VERB
meaningful	ADJ
meaningfully	ADV
meanings	NOUN
means	NOUN,VERB
meant	VERB
meantime	NOUN
meanwhile	ADV,NOUN
measly	ADJ
measurable	ADJ
measure	NOUN,VERB
measured	VERB
measurements	NOUN
measures	NOUN,VERB
measuring	VERB
meat	NOUN
meatball	NOUN
meats	NOUN
mecca	NOUN,PROPN
mechanic	NOUN
mechanical	ADJ
mechanicly	ADV
mechanics	NOUN
mechanism	NOUN
mechanisms	NOUN
med	NOUN
medal	NOUN
medalist	NOUN
medals	NOUN
media	NOUN
medial	ADJ
median	ADJ,NOUN
mediated	VERB
mediation	NOUN
medical	ADJ
medicate	VERB
medicating	VERB
medication	NOUN
medicine	NOUN
medieval	ADJ
mediocre	ADJ
meditate	VERB
meditation	NOUN
medium	ADJ,NOUN
meds	NOUN
meek	ADJ
meet	NOUN,VERB
meeting	NOUN,VERB
meetings	NOUN
meets	VERB
meetups	NOUN
mega	NOUN
megawatt	NOUN
mei	X
mein	NOUN
melanie.gray@weil.com	PROPN
melded	VERB
mellow	ADJ
melodramatic	ADJ
melt	VERB
melted	VERB
melting	NOUN,VERB
melts	VERB
member	NOUN
members	NOUN
membership	NOUN
membrane	NOUN
memo	NOUN
memoir	NOUN
memoirs	NOUN
memorable	ADJ
memorial	ADJ,NOUN
memorialized	VERB
memorializes	VERB
memories	NOUN
memorized	VERB
memory	NOUN
memos	NOUN
men	NOUN
menace	NOUN
menaces	NOUN
menstruation	NOUN
mental	ADJ
mentally	ADV
mention	VERB
mentioned	VERB,X
mentioning	VERB
mentions	VERB
mentor	NOUN
mentoring	NOUN
menu	NOUN
meowing	VERB
mercenaries	NOUN
merchandise	NOUN
merchant	NOUN
merchants	NOUN
mercury	NOUN
mercy	NOUN
mere	ADJ
merely	ADV
merge	VERB
merged	VERB
merger	NOUN
mergers	NOUN
merging	VERB
merit	NOUN,VERB
meritocracy	NOUN
meritocratic	ADJ
meritocratically	ADV
merits	NOUN
mermaid	NOUN
mesh	NOUN,VERB
mesmerized	VERB
mess	NOUN,VERB
message	NOUN
messages	NOUN
messaging	VERB
messed	VERB
messing	VERB
messy	ADJ
met	VERB
metabolically	ADV
metabolism	NOUN
metabolome	NOUN
metaethical	ADJ
metal	NOUN
metals	NOUN
metaphors	NOUN
metaphysical	ADJ
metaphysics	NOUN
metascience	NOUN
metastasis	NOUN
meteorological	ADJ
meter	NOUN
metering	NOUN
meters	NOUN
methane	NOUN
method	NOUN
methodical	ADJ
methodological	ADJ
methodology	NOUN
methods	NOUN
meticulous	ADJ
metres	NOUN
metrical	ADJ
metrics	NOUN
metro	ADJ,NOUN,PROPN
metropolis	NOUN
metropolitan	ADJ
mexican	ADJ
mezza	NOUN
mh	INTJ
miao	X
mic	NOUN
mice	NOUN
micro-fiber	ADJ
microcomputer	NOUN
microcosm	NOUN
micron	NOUN
microns	NOUN
microphone	NOUN
microscope	NOUN
microscopic	ADJ
microscopically	ADV
microtome	NOUN
microwave	NOUN
microwaved	VERB
mid	ADJ,NOUN,X
mid-1980s	NOUN
mid-2003	NOUN
mid-2004	NOUN
mid-20s	NOUN
mid-80s	NOUN
mid-August	PROPN
mid-February	PROPN
mid-January	PROPN
mid-July	PROPN
mid-May	PROPN
mid-October	PROPN
mid-September	PROPN
mid-afternoon	NOUN
mid-cities	NOUN
mid-day	NOUN
mid-evenings	NOUN
mid-nineties	NOUN
mid-season	NOUN
mid-shaft	ADJ
mid-size	ADJ
mid-town	NOUN
middle	ADJ,NOUN
midget	NOUN
midlife	NOUN
midmarket	ADJ
midnight	NOUN
midst	NOUN
midterm	NOUN
midterms	NOUN
midwife	NOUN
might	AUX
mightily	ADV
mighty	ADJ
migrant	ADJ,NOUN
migrants	NOUN
migrate	VERB
migrated	VERB
migrates	VERB
migration	NOUN
migrations	NOUN
mike	PROPN
mild	ADJ
milder	ADJ
mildew	NOUN
mildly	ADV
mile	NOUN
mileage	NOUN
miles	NOUN
milestone	NOUN
milieu	NOUN
militant	ADJ
militants	NOUN
militaries	NOUN
militarily	ADV
militarism	NOUN
militarize	VERB
military	ADJ,NOUN
militias	NOUN
milk	NOUN
milking	VERB
milks	NOUN
milkshakes	NOUN
milky	ADJ
mill	NOUN,NUM
millennium	NOUN
millet	NOUN
milling	NOUN,VERB
million	NOUN,NUM
millions	NOUN
millionth	NOUN
mills	NOUN
mimic	VERB
mimicked	VERB
mimicking	VERB
mimicry	NOUN
min	NOUN
minarets	NOUN
mind	NOUN,VERB
minded	ADJ
mindedness	NOUN
mindful	ADJ
minds	NOUN
mindset	NOUN
mine	NOUN,PRON
mineral	NOUN
minerals	NOUN
mines	NOUN,PRON
mingle	VERB
mini	ADJ
mini-MMPI	PROPN
mini-serial	NOUN
miniature	ADJ,NOUN
minicab	NOUN
minimal	ADJ
minimizing	VERB
minimum	ADJ,NOUN
minimums	NOUN
minimunm	NOUN
mining	NOUN
minister	NOUN
ministered	VERB
ministers	NOUN
ministries	NOUN
ministry	NOUN
minor	ADJ
minorities	NOUN
minority	NOUN
minors	NOUN
mins	NOUN
mins.	NOUN
minted	VERB
minus	ADP,ADV,CCONJ
minute	NOUN
minutes	NOUN
miracle	NOUN
miracles	NOUN
miraculous	ADJ
mircles	NOUN
mirror	NOUN,VERB
mirth	NOUN
misanthropy	NOUN
misc.consumers	NOUN,PROPN
misc.consumers.frugal-living	NOUN
miscalculation	NOUN
miscellaneous	ADJ
mischief	NOUN
misconception	NOUN
miscreants	NOUN
misdirection	NOUN
miserable	ADJ
miseries	NOUN
misery	NOUN
misfortune	NOUN
misfortunes	NOUN
misinform	VERB
misinformation	NOUN
misinterpretation	NOUN
mislabeled	VERB
misleading	ADJ,VERB
misnamed	VERB
misogyny	NOUN
misquoting	VERB
misrepresent	VERB
misrepresentations	NOUN
misrepresenting	VERB
miss	VERB
missed	VERB
misses	VERB
missile	NOUN
missiles	NOUN
missing	ADJ,VERB
mission	NOUN
missions	NOUN
missive	NOUN
misstated	VERB
misstatements	NOUN
mist	NOUN
mistake	NOUN
mistaken	ADJ
mistakenly	ADV
mistakes	NOUN
mistook	VERB
mistreatment	NOUN
mistresses	NOUN
mistrial	NOUN
mistrust	NOUN
mistruth	NOUN
misunderstanding	NOUN
mitigate	VERB
mitigated	VERB
mitigating	NOUN,VERB
mix	NOUN
mixed	ADJ,VERB
mixing	NOUN
mixture	NOUN
mm	INTJ,NOUN,NUM
mma	NOUN
mmbtu	NOUN
mmmm	INTJ
mob	NOUN
mobile	ADJ
mobiles	NOUN
mobilised	VERB
mocked	VERB
mocking	NOUN
mod	ADJ,PROPN
modalities	NOUN
mode	NOUN
model	NOUN
modeling	NOUN,VERB
models	NOUN
modem	NOUN
moderate	ADJ,VERB
moderates	NOUN
moderator	NOUN
modern	ADJ
modernity	NOUN
modernization	NOUN
modernizing	VERB
modes	NOUN
modest	ADJ
modicum	NOUN
modifiable	ADJ
modification	NOUN
modified	VERB
modify	VERB
modifying	VERB
modulate	VERB
modulated	VERB
module	NOUN
modus	NOUN,X
moisture	NOUN
moisturizing	ADJ,VERB
mold	NOUN
molding	NOUN
mole	NOUN
molecules	NOUN
molesters	NOUN
moll	NOUN
mollified	VERB
mollifying	VERB
mom	NOUN
moment	NOUN
momentous	ADJ
moments	NOUN
momentum	NOUN
mommy	NOUN
momori	X
mon	X
monarch	NOUN
monarchies	NOUN
monarchy	NOUN
monasteries	NOUN
monastery	NOUN
monastic	ADJ
monday	PROPN
monde	PROPN
monetary	ADJ
monetize	VERB
monetized	VERB
money	NOUN
monies	NOUN
moniker	NOUN
monitor	VERB
monitored	VERB
monitoring	NOUN,VERB
monk	NOUN
monkey	NOUN
monks	NOUN
monocot	NOUN
monologue	NOUN
monopoly	NOUN
monotonous	ADJ
monotony	NOUN
monsoon	NOUN
monster	NOUN
month	NOUN
monthly	ADJ
months	NOUN
montparnasse	PROPN
monument	NOUN
monumental	ADJ
mood	NOUN
moon	NOUN
moorland	NOUN
moors	NOUN
mop	NOUN
moral	ADJ
morale	NOUN
morality	NOUN
morally	ADV
morbidity	NOUN
more	ADJ,ADV,X
morelias	NOUN
moreover	ADV
moreso	ADV
mormon	PROPN
morning	NOUN,X
mornings	NOUN
morph	VERB
morphological	ADJ
morphology	NOUN
mortal	ADJ
mortars	NOUN
mortgage	NOUN
mortification	NOUN
mosaic	NOUN
mosque	NOUN
mosques	NOUN
mosquito	NOUN
most	ADJ,ADV,AUX
mostly	ADV
mot	X
motel	NOUN
mother	NOUN
motherland	NOUN
mothers	NOUN
motifs	NOUN
motion	NOUN
motionless	ADJ
motions	NOUN
motivated	VERB
motivating	VERB
motivation	NOUN
motivations	NOUN
motive	NOUN
motives	NOUN
motley	ADJ
moto	NOUN
motor	NOUN
motorcycle	NOUN
motorist	NOUN
motorized	VERB
motorway	NOUN
motorways	NOUN
motto	NOUN
mould	NOUN
mounds	NOUN
mount	VERB
mountain	NOUN
mountainous	ADJ
mountains	NOUN
mountaintop	NOUN
mounted	VERB
mounting	NOUN,VERB
mourir	X
mourning	VERB
mouse	NOUN
mousey	ADJ
mousse	NOUN
mouth	NOUN
mouthpiece	NOUN
mouths	NOUN
move	NOUN,VERB
moveable	ADJ
moved	VERB
movement	NOUN
movements	NOUN
moves	NOUN,VERB
movie	NOUN
movies	NOUN
moving	ADJ,NOUN,VERB
mpg	NOUN
mshames@ucan.org	PROPN
much	ADJ,ADV
mud	NOUN
muddy	ADJ
muddying	VERB
muff	NOUN
mug	NOUN
mujahidin	NOUN
mukluks	NOUN
mullah	NOUN
mullahs	NOUN
multi	X
multi-compartment	ADJ
multi-millionnaires	NOUN
multi-nation	ADJ
multi-national	ADJ
multiethnic	ADJ
multigenerational	ADJ
multilateral	ADJ
multimillions	NOUN
multiplayer	NOUN
multiple	ADJ
multiplex	NOUN
multiplied	VERB
multiplier	NOUN
multiply	VERB
multiplying	VERB
multipolar	ADJ
multisite	ADJ
multitude	NOUN
mum	NOUN
mumbo	NOUN
munching	VERB
muni	NOUN
municipal	ADJ
municipalities	NOUN
municipality	NOUN
murals	NOUN
murder	NOUN,VERB
murdered	VERB
murderer	NOUN
murderers	NOUN
murdering	NOUN
murderous	ADJ
murders	NOUN
murmur	NOUN
muscle	NOUN
muscles	NOUN
musculature	NOUN
muse	NOUN
museum	NOUN
museums	NOUN
mush	NOUN
music	NOUN
musical	ADJ,NOUN
musician	NOUN
musicians	NOUN
musk	NOUN
mussels	NOUN
must	AUX
mustache	NOUN
muster	NOUN,VERB
mutant	ADJ,NOUN
mutants	NOUN
mutate	VERB
mutated	VERB
mutation	NOUN
mutilated	VERB
mutilating	VERB
mutilation	NOUN
mutt	NOUN
mutual	ADJ
mutually	ADV
my	INTJ,PRON
myTouch	PROPN
myopic	ADJ
myriad	ADJ
myself	PRON
mysteries	NOUN
mysterious	ADJ
mysteriously	ADV
mystery	NOUN
mystical	ADJ
mysticism	NOUN
mystified	VERB
myth	NOUN
mythical	ADJ
mythology	NOUN
myths	NOUN
mytouch	PROPN
mɔʁo	PROPN
n	CCONJ,NOUN,PART,X
n'	CCONJ
n't	PART
n-	INTJ
n.d.	NOUN
na	INTJ,PART
na-na-na-na-za-ba-da	INTJ
nabbed	VERB
nachos	NOUN
nagged	VERB
nagging	VERB
nail	NOUN
nailed	VERB
nails	NOUN
naive	ADJ
naivety	NOUN
naked	ADJ
name	NOUN,VERB
named	VERB
namely	ADV
names	NOUN,VERB
naming	NOUN,VERB
nannied	VERB
nano	NOUN
napkin	NOUN
napkins	NOUN
narrative	ADJ,NOUN
narratives	NOUN
narrator	NOUN
narrow	ADJ
narrowed	VERB
narrower	ADJ
narrowly	ADV
nasa	PROPN
nasty	ADJ
nation	NOUN
national	ADJ,NOUN
nationalism	NOUN
nationalist	ADJ,NOUN
nationalists	NOUN
nationalities	NOUN
nationality	NOUN
nationally	ADV
nationals	NOUN
nations	NOUN
nationwide	ADJ,ADV
native	ADJ,NOUN
natives	NOUN
natural	ADJ
naturalism	NOUN
naturalist	NOUN
naturalistic	ADJ
naturally	ADV
nature	NOUN
nausea	NOUN
nauseous	ADJ
naval	ADJ
navigate	VERB
navigation	NOUN
navy	NOUN
naw	INTJ
ncfa	PROPN
near	ADJ,ADP,ADV,VERB
nearby	ADJ,ADV
nearest	ADJ
nearly	ADV
neat	ADJ
neatly	ADV
nebulous	ADJ
necessarily	ADV
necessary	ADJ
necessities	NOUN
necessity	NOUN
neck	NOUN
need	AUX,NOUN,VERB
needed	VERB
needing	VERB
needles	NOUN
needless	ADJ
needlework	NOUN
needs	NOUN,VERB
negates	VERB
negative	ADJ,NOUN
neglect	NOUN
neglected	VERB
neglects	VERB
negligence	NOUN
negligent	ADJ
negotiate	VERB
negotiated	VERB
negotiating	NOUN,VERB
negotiation	NOUN
negotiations	NOUN
negotiator	NOUN
neighbor	NOUN
neighborhood	NOUN
neighborhoods	NOUN
neighboring	ADJ,VERB
neighborly	ADJ
neighbors	NOUN
neighbourhood	NOUN
neighbourhoods	NOUN
neighbouring	VERB
neighbourly	ADJ
neighbours	NOUN
neither	CCONJ,DET
nem.	ADV
nematocysts	NOUN
neo	ADJ
neo-Nazi	ADJ
neo-conservatives	NOUN
neocons	NOUN
neoconservative	ADJ
neoformalism	NOUN
neologism	NOUN
neon	NOUN
neonatal	ADJ
nephew	NOUN
nephews	NOUN
nerd	NOUN
nerds	NOUN
nerf	NOUN
nerve	NOUN
nerves	NOUN
nervous	ADJ
nessasary	ADJ
nest	NOUN
nesting	VERB
nestled	VERB
nests	NOUN,VERB
net	ADJ,NOUN
netting	NOUN
network	NOUN
networking	NOUN
networks	NOUN
neural	ADJ
neuro	NOUN
neurobiology	NOUN
neuroimaging	NOUN
neurological	ADJ
neurology	NOUN
neuroscience	NOUN
neuter	NOUN
neutered	VERB
neutral	ADJ
never	ADV
new	ADJ,NOUN,VERB
newborn	ADJ,NOUN
newcomers	NOUN
newer	ADJ
newest	ADJ
newfound	ADJ
newly	ADV
news	NOUN
newsgroup	NOUN
newsgroups	NOUN
newsletter	NOUN
newspaper	NOUN
newspapers	NOUN
next	ADJ,ADP,ADV
nibble	VERB
nice	ADJ,ADV,NOUN
nicely	ADV
nicer	ADJ
nicest	ADJ
niche	NOUN
niches	NOUN
nickname	NOUN
nicknamed	VERB
nicks	NOUN
nigeria	PROPN
nigh	ADV
nighstand	NOUN
night	NOUN
nightclub	NOUN
nightclubs	NOUN
nightlife	NOUN
nightly	ADJ
nightmare	NOUN
nights	NOUN
nigiri	NOUN
nikon	PROPN
nine	NUM
nineteen	NUM
nineteenth	ADJ
ninety	NUM
ninety-nine	NUM
ninth	ADJ,NOUN
nissan	PROPN
nite	NOUN
nitrogen	NOUN
nmemdrft8-7-01	X
no	ADV,DET,INTJ,NOUN,VERB,X
noble	ADJ
nobler	ADJ
nobody	PRON
node	NOUN
nodes	NOUN
noho	X
noir	ADJ
noise	NOUN
noiseless	ADJ
noises	NOUN
noisy	ADJ
nomenclature	NOUN
nominated	VERB
nomination	NOUN
non	ADV,NOUN,X
non-Arab	ADJ
non-Hodgkin	ADJ
non-Indians	PROPN
non-Moslem	ADJ
non-Muslim	ADJ
non-approved	ADJ
non-art	NOUN
non-avian	ADJ
non-commercial	ADJ
non-compete	NOUN
non-copyrighted	ADJ
non-crumbly	ADJ
non-essential	ADJ
non-fiction	NOUN
non-fixed	ADJ
non-human	ADJ
non-interference	NOUN
non-lexical	ADJ
non-locals	NOUN
non-personal	ADJ
non-philosophers	NOUN
non-profit	ADJ
non-proliferation	NOUN
non-prototypical	ADJ
non-realism	NOUN
non-representative	ADJ
non-rotating	ADJ
non-scientific	ADJ
non-smokers	NOUN
non-social	ADJ
non-stop	ADV
non-tariff	ADJ
non-veg	ADJ
non-violence	NOUN
non-violent	ADJ
nonbondad	PROPN
nonconventional	ADJ
nondescript	ADJ
none	NOUN,PRON
nonenforcement	NOUN
nonessential	ADJ
nonetheless	ADV
nonexistent	ADJ
nonjudgmental	ADJ
nonmaterial	ADJ
nonpartisan	ADJ
nonprofit	ADJ
nonsense	NOUN
nonsensical	ADJ
nonviolent	ADJ
noodling	VERB
noon	NOUN
noone	PRON
nope	INTJ
nor	CCONJ
norm	NOUN
normal	ADJ,NOUN
normality	NOUN
normall	ADJ
normally	ADV
normative	ADJ
norms	NOUN
north	ADJ,ADV,NOUN,PROPN
northbound	ADJ
northeast	ADJ,NOUN
northeastern	ADJ
northern	ADJ
northward	ADV
northwest	ADJ,NOUN
nose	NOUN
nosedive	NOUN
noses	NOUN
nostrils	NOUN
not	PART
notable	ADJ
notably	ADV
notch	NOUN
note	NOUN,VERB
notebook	NOUN
notebook.url	X
noted	VERB
notepad	NOUN
notes	NOUN,VERB
nothing	PRON
nothingness	NOUN
notice	NOUN,VERB
noticeable	ADJ
noticeably	ADV
noticed	VERB
noticing	VERB
notification	NOUN
notifications	NOUN
notified	VERB
notify	VERB
noting	VERB
notion	NOUN
notional	ADJ
notions	NOUN
notoriously	ADV
notte	PROPN
noun	NOUN
nourishing	ADJ
novel	ADJ,NOUN
novelist	NOUN
novelists	NOUN
novella	NOUN
novellas	NOUN
novels	NOUN
novelty	NOUN
november	PROPN
now	ADV,INTJ
nowadays	ADV
nowhere	ADV
nt	PART
nuanced	ADJ
nuclear	ADJ
nudes	NOUN
nudging	NOUN
nukes	NOUN
nullification	NOUN
nullified	VERB
number	NOUN,PROPN
numbered	ADJ,VERB
numbers	NOUN
numbing	VERB
numerical	ADJ
numero	NOUN
numerous	ADJ
nun	NOUN
nurse	NOUN
nursery	NOUN
nurses	NOUN
nurture	VERB
nurtured	VERB
nutrient	NOUN
nutrients	NOUN
nutrition	NOUN
nutrition-wise	ADV
nutritional	ADJ
nutritious	ADJ
nutritive	ADJ
nuts	ADJ,NOUN
nylons	NOUN
née	X
n’t	PART
o	ADP,INTJ,X
o'clock	ADV
o-	INTJ
o.k.	ADJ
oak	NOUN
oaks	NOUN
oath	NOUN
oaths	NOUN
obedience	NOUN
obesity	NOUN
obesium	X
obey	VERB
obeying	VERB
obeys	VERB
object	NOUN,VERB
objected	VERB
objecting	VERB
objection	NOUN
objections	NOUN
objective	ADJ,NOUN
objectively	ADV
objectives	NOUN
objectivity	NOUN
objects	NOUN,VERB
obligated	ADJ,VERB
obligates	VERB
obligation	NOUN
obligations	NOUN
obliged	VERB
obliterated	VERB
obliterating	VERB
oblivion	PROPN
oblivious	ADJ
obs-	INTJ
obscure	ADJ
obscurity	NOUN
observable	ADJ
observation	NOUN
observations	NOUN
observatories	NOUN
observe	VERB
observed	VERB
observer	NOUN
observers	NOUN
observes	VERB
observing	NOUN,VERB
obsess	VERB
obsessed	ADJ,VERB
obsession	NOUN
obsessive	ADJ
obsidian	NOUN
obstacle	NOUN
obstacles	NOUN
obstruction	NOUN
obtain	VERB
obtained	VERB
obtaining	VERB
obtuse	ADJ
obvious	ADJ
obviously	ADV
occasion	NOUN
occasional	ADJ
occasionally	ADV
occasioned	VERB
occasions	NOUN
occupancy	NOUN
occupants	NOUN
occupation	NOUN
occupations	NOUN
occupied	ADJ,VERB
occupies	VERB
occupy	VERB
occupying	VERB
occur	VERB
occurred	VERB
occurrence	NOUN
occurring	VERB
occurs	VERB
ocean	NOUN
ocho	X
oclock	ADV
ocnversation	NOUN
odd	ADJ
oddly	ADV
odds	NOUN
of	ADP,ADV,AUX,CCONJ,SCONJ
off	ADJ,ADP,ADV,NOUN
off-	NOUN
offend	VERB
offended	ADJ,VERB
offense	NOUN
offensive	ADJ,NOUN,PROPN
offer	NOUN,VERB
offered	VERB
offering	NOUN,VERB
offerings	NOUN
offers	NOUN,VERB
office	NOUN
officer	NOUN
officers	NOUN
offices	NOUN
official	ADJ,NOUN
officially	ADV
officials	NOUN
officiate	VERB
offline	ADV
offs	NOUN
offset	VERB
offsets	NOUN
offsetting	VERB
offshore	ADJ
offsite	NOUN
offspring	NOUN
often	ADV
oh	ADV,INTJ
ohh	INTJ
ohm	PROPN
oil	NOUN
oilfield	NOUN
oily	ADJ
oja	PROPN
ok	ADJ,ADV,INTJ
okay	ADJ,ADV,INTJ
old	ADJ,NOUN
older	ADJ
oldest	ADJ
olds	NOUN
ole	ADJ
olfactory	ADJ
olympus	PROPN
omelets	NOUN
ominous	ADJ
omission	NOUN
omissions	NOUN
omitted	VERB
omnibus	NOUN
omnipotent	ADJ
on	ADJ,ADP,ADV,DET,NOUN,NUM,PROPN,SCONJ
onboard	ADV
once	ADV,NOUN,SCONJ
one	NOUN,NUM,PRON,X
one's	NOUN
onerous	ADJ
ones	NOUN
onesie	NOUN
ongoing	ADJ
onion	NOUN
onions	NOUN
onl-	INTJ
online	ADJ,ADV,NOUN
online?u=mayursha&m=g&t=1	PROPN
only	ADJ,ADV
onpeak	ADV
onshore	ADV
onto	ADP
ontogeny	NOUN
onwards	ADV
oozes	VERB
oozing	VERB
op	INTJ,NOUN
open	ADJ,NOUN,VERB
opened	VERB
opener	NOUN
opening	ADJ,NOUN,VERB
openings	NOUN
openly	ADV
opens	VERB
operandi	NOUN,X
operas	NOUN
operate	VERB
operated	VERB
operates	VERB
operating	NOUN,VERB
operation	NOUN
operational	ADJ
operations	NOUN
operative	NOUN
operatives	NOUN
operator	NOUN
operators	NOUN
opinion	NOUN
opinions	NOUN
opinon	NOUN
opinons	NOUN
opossums	NOUN
opponent	NOUN
opponents	NOUN
opportune	ADJ
opportunities	NOUN
opportunity	NOUN
oppose	VERB
opposed	ADJ,VERB
opposite	ADJ,ADP,NOUN
opposition	NOUN
oppositon	NOUN
oppress	VERB
oppressed	VERB
oppressive	ADJ
ops	NOUN
opt	NOUN
opted	VERB
optical	ADJ
optimal	ADJ
optimistic	ADJ
optimization	NOUN
optimize	VERB
optinal	ADJ
option	NOUN
optional	ADJ
optionality	NOUN
options	NOUN
optogenetics	NOUN
or	ADP,CCONJ
oracional	X
oral	ADJ
orally	ADV
orange	ADJ,NOUN
orbit	NOUN
orbiting	VERB
orchestra	NOUN
orchestral	ADJ
ordained	VERB
ordeal	NOUN
order	NOUN,VERB,X
orderd	VERB
ordered	VERB
ordering	NOUN,VERB
orderly	ADJ
orders	NOUN
ordinarily	ADV
ordinary	ADJ
oregano	NOUN
org	NOUN
organic	ADJ
organisation	NOUN
organisations	NOUN
organised	ADJ
organism	NOUN
organization	NOUN
organizational	ADJ
organizations	NOUN
organize	VERB
organized	ADJ,VERB
organizer	NOUN
organizers	NOUN
organizing	NOUN,VERB
organs	NOUN
orginals	NOUN
orientation	NOUN
orientations	NOUN
oriented	ADJ,VERB
orienting	VERB
origami	NOUN
origin	NOUN
original	ADJ,NOUN
originality	NOUN
originally	ADV
originate	VERB
originated	VERB
origination	NOUN
origins	NOUN
ornament	NOUN
ornaments	NOUN
ornithology	NOUN
orphans	NOUN
orthodontist	NOUN
orthographic	ADJ
ostensibly	ADV
osteos	NOUN
ot	PART
oth-	INTJ
other	ADJ,ADV,NOUN
others	ADJ,NOUN
otherwise	ADV
ottle-	ADJ
ought	AUX,VERB
ould	AUX
ounce	NOUN
our	PRON
ours	PRON
ourselves	PRON
ouster	NOUN
ousting	NOUN
out	ADJ,ADP,ADV,NOUN,PRON,X
outage	NOUN
outbid	VERB
outbreak	NOUN
outbreaks	NOUN
outcast	ADJ
outcome	NOUN
outcomes	NOUN
outcrops	NOUN
outcry	NOUN
outdated	ADJ
outdoor	ADJ
outdoors	ADV
outer	ADJ
outfielder	NOUN
outfit	NOUN
outfits	NOUN
outfitting	VERB
outgrow	VERB
outgrowth	NOUN
outing	NOUN
outlandish	ADJ
outlet	NOUN
outlets	NOUN
outlier	NOUN
outliers	NOUN
outline	NOUN
outlined	VERB
outlines	NOUN
outlining	VERB
outlived	VERB
outlook	NOUN
outnumber	VERB
outnumbered	VERB
outperformed	VERB
output	NOUN
outrageously	ADV
outrages	NOUN
outreach	NOUN
outright	ADJ,ADV
outro	NOUN
outs	NOUN
outshone	VERB
outside	ADJ,ADP,ADV
outsiders	NOUN
outsourcing	VERB
outstanding	ADJ
outward	ADJ
outweigh	VERB
oval	ADJ
oven	NOUN
over	ADJ,ADP,ADV,SCONJ,VERB,X
over-generalizations	NOUN
over-priced	ADJ
over-rated	ADJ
over-simplifying	VERB
overage	NOUN
overall	ADJ,ADV
overarching	ADJ
overbearing	ADJ
overcast	ADJ
overcharge	VERB
overcharged	VERB
overcharges	NOUN
overcome	VERB
overcooked	ADJ
overcrowded	ADJ
overdone	VERB
overdose	NOUN
overdue	ADJ
overflow	NOUN
overflowing	VERB
overheard	VERB
overheats	VERB
overland	ADJ
overlap	NOUN
overload	VERB
overlook	VERB
overlooked	VERB
overlooking	VERB
overly	ADV
overnight	ADV,NOUN
overpaid	VERB
overplayed	VERB
overpriced	ADJ
overrated	VERB
overrun	VERB
overs	NOUN
overseas	ADJ,ADV
overseeing	VERB
oversees	VERB
overshadowed	VERB
oversight	NOUN
overstatements	NOUN
overstay	VERB
overt	ADP
overthrow	NOUN,VERB
overtime	ADV
overtook	VERB
overtopped	VERB
overtures	NOUN
overview	NOUN
overwhelm	VERB
overwhelmed	ADJ,VERB
overwhelming	ADJ
overwhelmingly	ADV
ovr	ADV
owe	VERB
owes	VERB
owls	NOUN
own	ADJ,VERB
owned	VERB
owner	NOUN
owners	NOUN
ownership	NOUN
owning	VERB
owns	VERB
oxygen	NOUN
oz.	NOUN
ozone	NOUN
ozs	NOUN
p	ADV,NOUN
p&l	NOUN
p-	INTJ
p.	NOUN
p.m	NOUN
p.m.	NOUN
pabloruizfabo@gmail.com	PROPN
pace	NOUN
pacify	VERB
pacifying	VERB
pack	NOUN,VERB
package	NOUN
packaged	VERB
packages	NOUN
packaging	NOUN
packed	ADJ,VERB
packer	NOUN
packet	NOUN
packets	NOUN
packing	VERB
packs	NOUN
pact	NOUN
pad	NOUN
padded	ADJ,VERB
paddled	VERB
paedophilia	NOUN
pagan	ADJ
page	NOUN
pagen	ADJ
pager	NOUN
pages	NOUN
paid	VERB,X
pain	NOUN
painful	ADJ
painless	ADJ
pains	NOUN
paint	NOUN,VERB
painted	VERB
painter	NOUN
painting	NOUN,VERB
paintings	NOUN
pair	NOUN,VERB
paired	VERB
pairing	VERB
pairs	NOUN
palace	NOUN
palaces	NOUN
palate	NOUN
palatial	ADJ
palces	NOUN
pale	ADJ,VERB
paler	ADJ
palette	NOUN
palm	NOUN
palms	NOUN
pals	NOUN
pamphlet	NOUN
pan	NOUN
pan-democrat	NOUN
pan-democratic	ADJ
pan-democrats	NOUN
pancake	NOUN
pancreatitis	NOUN
pandemic	NOUN
panel	NOUN
panels	NOUN
panes	NOUN
panic	NOUN
panicking	VERB
panics	VERB
panko	NOUN
panorama	NOUN
pantheons	NOUN
pants	NOUN
pao	NOUN
paper	NOUN
paperclips	NOUN
papers	NOUN
paperweight	NOUN
paperwork	NOUN
par	ADJ,NOUN
parachute	NOUN
parade	NOUN
paraded	NOUN,VERB
paradigm	NOUN
paradigmatic	ADJ
paradigms	NOUN
paradise	NOUN
paradox	NOUN
paradoxically	ADV
paragraph	NOUN
paragraphs	NOUN
parakeet	NOUN
parakeets	NOUN
paralegal	NOUN
parallel	ADJ,NOUN
parameters	NOUN
paramilitary	NOUN
paramount	ADJ
paranoid	ADJ
paranormal	ADJ
paraphernalia	NOUN
parasite	NOUN
paratexts	NOUN
parcel	NOUN
parchment	NOUN
pardon	NOUN,VERB
parent	NOUN
parental	ADJ
parentheses	NOUN
parenthetically	ADV
parents	NOUN
pariah	NOUN
paris	PROPN
parish	NOUN
parishioners	NOUN
park	NOUN,PROPN,VERB
parka	NOUN
parked	VERB
parking	NOUN,VERB
parks	NOUN
parliament	NOUN
parliamentarians	NOUN
parliamentary	ADJ
parochial	ADJ
parody	NOUN
parole	NOUN
parrot	NOUN
part	NOUN,VERB
partial	ADJ
partially	ADV
participant	NOUN
participants	NOUN
participate	VERB
participated	VERB
participating	VERB
participation	NOUN
participatory	ADJ
particle	NOUN
particles	NOUN
particlular	ADJ
particular	ADJ
particularly	ADV
parties	NOUN
partisans	NOUN
partition	NOUN,VERB
partly	ADV
partner	NOUN
partnered	VERB
partners	NOUN
partnership	NOUN
partnerships	NOUN
parts	NOUN,PROPN
party	NOUN,PROPN,VERB
pas	ADV,PROPN
pass	NOUN,VERB
passage	NOUN
passages	NOUN
passcode	NOUN
passed	VERB
passenger	NOUN
passengers	NOUN
passes	NOUN,VERB
passing	NOUN,VERB
passion	NOUN
passionate	ADJ
passions	NOUN
passive	ADJ
passively	ADV
passport	NOUN
passports	NOUN
password	NOUN
past	ADJ,ADP,ADV,NOUN
pasta	NOUN
paste	NOUN,VERB
pasted	VERB
pastor	NOUN
pastries	NOUN
pasture	NOUN
pastures	NOUN
patches	NOUN
patent	NOUN
patented	VERB
patently	ADV
patents	NOUN
paternal	ADJ
path	NOUN
pathalias	NOUN
pathogens	NOUN
pathological	ADJ
paths	NOUN
pathways	NOUN
patience	NOUN
patient	ADJ,NOUN
patients	NOUN
patio	NOUN
patriot	NOUN
patriotic	ADJ
patrol	NOUN
patron	NOUN
patronage	NOUN
patronized	VERB
patrons	NOUN
pattern	NOUN
patterns	NOUN
patties	NOUN
pause	NOUN
paved	ADJ
paves	VERB
pavilion	NOUN
paving	VERB
paw	NOUN
pawing	VERB
pawn	VERB
paws	NOUN
pay	NOUN,VERB
payable	ADJ
payed	VERB
payer	NOUN
payers	NOUN
paying	VERB
payment	NOUN
payments	NOUN
payoff	NOUN
payout	NOUN
payroll	NOUN
pays	VERB
pc	NOUN
pcs	PROPN
pdf	NOUN
pea	NOUN
peace	NOUN
peaceful	ADJ
peacefully	ADV
peacekeepers	NOUN
peacekeeping	NOUN
peacetime	NOUN
peak	ADJ,NOUN
peaking	VERB
peaks	NOUN
peanut	NOUN
peanutjak...@usa.com	PROPN
peanuts	NOUN
pearls	NOUN
peas	NOUN
peasants	NOUN
pebble	NOUN
pebbles	NOUN
pecking	VERB
pectoral	ADJ
pedagogical	ADJ
pedantry	NOUN
peddle	NOUN
peddles	NOUN
pederasty	NOUN
pedestal	NOUN
pedestrian	NOUN
pediatric	ADJ
pediatrician	NOUN
pediatricians	NOUN
pedicure	NOUN
pedicures	NOUN
pee	VERB
peeing	VERB
peeled	VERB
peeling	VERB
peer	NOUN
peers	NOUN
pekin	NOUN
pelham	NOUN
pelvic	ADJ
pen	NOUN
penalizing	VERB
penalties	NOUN
penalty	NOUN
penance	NOUN
pencil	NOUN
pencils	NOUN
pending	ADJ,VERB
pendulum	NOUN
penetrate	VERB
penetrated	VERB
penetrates	VERB
penetration	NOUN
penines	PROPN
peninsula	NOUN,PROPN
penitentiary	NOUN
penne	NOUN
penned	VERB
pennies	NOUN
penny	NOUN
penultimate	ADJ
people	NOUN
peoples	NOUN
pepper	NOUN
pepperoni	NOUN
peppers	NOUN
peppery	ADJ
per	ADP,NOUN
perceive	VERB
perceived	VERB
perceives	VERB
perceiving	VERB
percell@swbell.net	PROPN
percent	NOUN
percentage	NOUN
percentages	NOUN
percentile	NOUN
percentiles	NOUN
perception	NOUN
perceptions	NOUN
peremptory	ADJ
perfect	ADJ
perfected	VERB
perfection	NOUN
perfectionist	NOUN
perfectly	ADV
perform	VERB
performance	NOUN,VERB
performances	NOUN
performed	VERB
performer	NOUN
performers	NOUN
performing	NOUN,VERB
perfume	NOUN
perfumes	NOUN
perhaps	ADV
peril	NOUN
perils	NOUN
period	NOUN
periodically	ADV
periodizing	NOUN
periods	NOUN
perishable	ADJ
peritonitis	NOUN
perks	NOUN
permanent	ADJ
permanently	ADV
permeate	VERB
permeated	VERB
permissible	ADJ
permission	NOUN
permissions	NOUN
permissive	ADJ
permit	NOUN,VERB
permits	NOUN,VERB
permitted	VERB
permitting	VERB
peroxide	NOUN
perp	NOUN
perpendicular	ADJ
perpetrated	VERB
perpetrators	NOUN
perpetual	ADJ
perpetuates	VERB
perplexed	VERB
persecuted	VERB
persecution	NOUN
perseverance	NOUN
persevere	VERB
persisted	VERB
persistence	NOUN
persistent	ADJ
persistently	ADV
persisting	VERB
person	NOUN
personable	ADJ
personal	ADJ
personality	NOUN
personalized	VERB
personally	ADV
personaly	ADV
personnel	NOUN
persons	NOUN
perspective	NOUN
perspectives	NOUN
perspiration	NOUN
persuade	VERB
persuaded	VERB
persuading	VERB
persuasion	NOUN
persuasive	ADJ
persue	VERB
pertains	VERB
pertinent	ADJ
perturbation	NOUN
peru	PROPN
perv	NOUN
pervasive	ADJ
pesky	ADJ
pester	VERB
pesticides	NOUN
pesto	NOUN
pests	NOUN
pet	NOUN,PROPN,VERB
petard	NOUN
petco	PROPN
petit	PROPN
petition	NOUN
petitions	NOUN
petri	PROPN
petrochemical	ADJ
petrol	NOUN
petroleum	NOUN
pets	NOUN,PROPN
petshoppe	NOUN
petsmart	PROPN
petting	NOUN
petty	ADJ
pewter	NOUN
pf-	INTJ
ph	NOUN
phantom	NOUN
pharmaceutical	ADJ
pharmacy	NOUN
phase	NOUN
phased	VERB
phenological	ADJ
phenomena	NOUN
phenomenal	ADJ
phenomenon	NOUN
phenophases	NOUN
phenotypic	ADJ
philipinos	PROPN
philippine	ADJ
phillies	PROPN
philly	PROPN
philologists	NOUN
philosopher	NOUN
philosophers	NOUN
philosophical	ADJ
philosophies	NOUN
philosophy	NOUN
phlox	NOUN
pho	NOUN
phobia	NOUN
phobic	ADJ
phoebe	NOUN
phoenix	PROPN
phone	NOUN
phoned	VERB
phoneering	NOUN
phoneme	NOUN
phones	NOUN
phoney	ADJ
phonies	NOUN
phonne	NOUN
phonology	NOUN
photo	NOUN
photograph	NOUN,VERB
photographed	VERB
photographer	NOUN
photographers	NOUN
photographic	ADJ
photographing	VERB
photographs	NOUN
photography	NOUN
photojournalism	NOUN
photos	NOUN
photoscape	PROPN
photoshop	PROPN
phrase	NOUN,VERB
phrases	NOUN
phylogenetic	ADJ
physical	ADJ,NOUN
physically	ADV
physician	NOUN
physicians	NOUN
physicist	NOUN
physics	NOUN
physiology	NOUN
physios	NOUN
pic	NOUN
pick	NOUN,VERB
picked	ADJ,VERB
pickers	NOUN
picket	NOUN,VERB
picketing	NOUN
picking	VERB
pickle	NOUN
pickling	VERB
pickpockets	NOUN
picks	NOUN,VERB
pickup	NOUN
pickups	NOUN
picky	ADJ
picnic	VERB
picnics	NOUN
pics	NOUN
picture	NOUN,VERB
pictured	VERB
pictures	NOUN
picturesque	ADJ
pie	NOUN
piece	NOUN
pieces	NOUN
pies	NOUN
pig	NOUN
pigeon	NOUN
piggybacks	VERB
pigmy	NOUN
pigs	NOUN
pile	NOUN
piled	VERB
piles	NOUN
pilgrams	NOUN
pilgrimage	NOUN
pilgrimages	NOUN
pilgrims	NOUN
pill	NOUN
pillar	NOUN
pillars	NOUN
pillow	NOUN
pillowcases	NOUN
pills	NOUN
pilot	NOUN,VERB
piloting	NOUN
pilots	NOUN
pimple	NOUN
pin	NOUN,VERB
pinch	NOUN
pines	NOUN
pink	ADJ
pinkie	NOUN
pinkies	NOUN
pinky	NOUN
pinning	VERB
pinpoint	VERB
pinpointed	VERB
pins	NOUN
pint	NOUN
pioneer	NOUN
pioneering	VERB
pipe	NOUN
pipefitters	NOUN
pipeline	NOUN
pipelines	NOUN
pipette	NOUN
piping	NOUN,VERB
piracy	NOUN
pirates	NOUN
pissed	VERB
pit	NOUN
pitch	NOUN
pitched	VERB
pitcher	NOUN
pitches	NOUN
pitching	NOUN
pitfalls	NOUN
pity	NOUN,VERB
pivotal	ADJ
pixel	NOUN,X
pixels	NOUN
pizza	NOUN
pizzas	NOUN
pizzerias	NOUN
pjɛʁ	PROPN
pl	INTJ
placate	VERB
place	NOUN,VERB
placed	VERB
placement	NOUN
places	NOUN,VERB
placing	VERB
plagiarized	VERB
plague	NOUN
plagued	VERB
plagues	VERB
plain	ADJ,NOUN
plains	NOUN
plaintiffs	NOUN
plan	NOUN,VERB
plane	NOUN
planeloads	NOUN
planes	NOUN
planet	NOUN
planets	NOUN
planing	VERB
planned	ADJ,VERB
planners	NOUN
planning	NOUN,VERB
plans	NOUN,VERB
plant	NOUN,VERB
plantains	NOUN
planted	VERB
planting	NOUN,VERB
plants	NOUN
plaster	NOUN
plastic	ADJ,NOUN
plat	NOUN
plate	NOUN
plateau	NOUN
plated	VERB
plates	NOUN
platform	NOUN
platforms	NOUN
platted	VERB
platter	NOUN
plausible	ADJ
play	NOUN,VERB
played	VERB
player	NOUN
players	NOUN
playfully	ADV
playing	NOUN,VERB
playoffs	NOUN
plays	VERB
playstation	PROPN
plaza	NOUN
plazas	NOUN
pleaded	VERB
pleadings	NOUN
pleasant	ADJ
pleasantly	ADV
please	ADJ,INTJ,VERB
pleased	ADJ
pleasing	ADJ
pleasurable	ADJ
pleasure	NOUN
pleasures	NOUN
pledge	NOUN,PROPN,VERB
pledged	VERB
pledges	NOUN
plentiful	ADJ
plenty	NOUN
pleure	X
plied	VERB
plight	NOUN
plo-	INTJ
plot	NOUN
plots	NOUN
plotted	VERB
plotter	NOUN
plotters	NOUN
ploughing	VERB
plover	NOUN
pls	INTJ
plugin	NOUN
plugs	NOUN
plum	NOUN
plumber	NOUN
plummet	VERB
plunder	VERB
plunge	NOUN,VERB
plunged	VERB
plural	ADJ
pluralism	NOUN
pluralist	ADJ
pluralistic	ADJ
plurality	NOUN
plus	ADV,CCONJ,NOUN
plutocracy	NOUN
plywood	NOUN
pm	NOUN
poach	VERB
pocket	NOUN
pockets	NOUN
podcast	NOUN
podcasters	NOUN
podcasts	NOUN
podcatcher	NOUN
podiobooks.com	PROPN
podium	NOUN
poem	NOUN
poems	NOUN
poet	NOUN
poetic	ADJ
poetical	ADJ
poetry	NOUN
poignant	ADJ
point	NOUN,PUNCT,VERB
pointe	PROPN
pointed	ADJ,VERB
pointing	VERB
pointless	ADJ
points	NOUN,VERB
poison	ADJ,NOUN,VERB
poisoning	NOUN
poker	NOUN
polar	ADJ
polarization	NOUN
polarized	VERB
pole	NOUN
poles	NOUN
police	NOUN
policeman	NOUN
policies	NOUN
policing	NOUN
policy	NOUN
policymaking	NOUN
polish	NOUN
polishing	VERB
polite	ADJ,NOUN
politely	ADV
political	ADJ
politically	ADV
politician	NOUN
politicians	NOUN
politics	NOUN
poll	NOUN
polling	NOUN
polls	NOUN
pollutant	NOUN
pollutants	NOUN
polluted	VERB
polluter	NOUN
polluters	NOUN
polluting	VERB
pollution	NOUN
polo	NOUN
polution	NOUN
polygamous	ADJ
polygons	NOUN
polytheism	NOUN
polytheistic	ADJ
poneh	NOUN
ponies	NOUN
pontificate	VERB
pony	NOUN
pony's	NOUN
pool	NOUN
pools	NOUN
poop	NOUN
poor	ADJ,NOUN
poorest	ADJ
poorly	ADV
pop	ADJ,NOUN,VERB
pop...@spinach.eat	PROPN
popcorn	NOUN
popes	NOUN
popped	VERB
popping	VERB
pops	NOUN
popular	ADJ
popularity	NOUN
popularize	VERB
popularized	VERB
popularly	ADV
populate	VERB
populated	VERB
population	NOUN
populations	NOUN
populist	ADJ
populous	ADJ,NOUN
porch	NOUN
pork	NOUN
port	NOUN
portable	ADJ
portal	NOUN
ported	ADJ
portends	VERB
portion	NOUN
portions	NOUN
portrait	NOUN
portrayal	NOUN
portrayed	VERB
ports	NOUN
pose	VERB
posed	VERB
poses	NOUN,VERB
posing	VERB
posited	VERB
positing	NOUN
position	NOUN
positioned	VERB
positions	NOUN
positive	ADJ
positively	ADV
possess	VERB
possessed	VERB
possesses	VERB
possession	NOUN
possessions	NOUN
possibilities	NOUN
possibility	NOUN
possible	ADJ
possibly	ADV
post	ADJ,ADP,ADV,NOUN,VERB,X
post-Chavez	ADJ
post-Saddam	ADJ
post-accident	ADJ
post-call	ADV
post-modern	ADJ
post-production	NOUN
post-season	ADJ
post-war	ADJ
postacetabular	ADJ
postage	NOUN
postal	ADJ
postcards	NOUN
postdigital	ADJ
postdoctoral	ADJ
posted	ADJ,VERB
poster	NOUN
posterior	ADJ
posterity	NOUN
posters	NOUN
posthumous	ADJ
posthumously	ADV
posting	NOUN,VERB
postings	NOUN
postive	ADJ
postmaster	PROPN
postpone	VERB
postponed	VERB
postponement	NOUN
posts	NOUN
postseason	NOUN
postulate	VERB
postulated	VERB
postural	ADJ
posture	NOUN
postures	NOUN
pot	NOUN
potable	ADJ
potato	NOUN
potatoes	NOUN
potatos	NOUN
potent	ADJ
potential	ADJ,NOUN
potentiality	NOUN
potentially	ADV
potpourri	NOUN
pottery	NOUN
potty	NOUN
pouch	NOUN
pound	NOUN
pounded	VERB
pounds	NOUN
pour	VERB,X
poured	VERB
pouring	VERB
poverty	NOUN
powder	NOUN
power	NOUN,PROPN,X
powerful	ADJ
powerhead	NOUN
powers	NOUN
pp	NOUN
ppl	NOUN
pr-	INTJ
practical	ADJ
practically	ADV
practice	NOUN,VERB
practiced	VERB
practices	NOUN
practicing	VERB
practised	VERB
practitioners	NOUN
pragmatic	ADJ
pragmatics	NOUN
praise	NOUN
praised	VERB
praisers	NOUN
praises	NOUN
prawns	NOUN
pray	VERB
prayed	VERB
prayer	NOUN
prayerful	ADJ
prayerfully	ADV
prayers	NOUN
pre	ADV,NOUN,X
pre-Columbian	ADJ
pre-arrest	ADJ
pre-cut	VERB
pre-existing	VERB
pre-fab	ADJ
pre-fabricated	ADJ
pre-killed	ADJ
pre-made	VERB
pre-meeting	ADJ
pre-organised	VERB
pre-owned	ADJ
pre-screened	VERB
pre-season	NOUN
pre-war	ADJ
preach	VERB
preached	VERB
preacher	NOUN
preachers	NOUN
prearranged	VERB
precaution	NOUN
precautions	NOUN
preceded	VERB
precedent	NOUN
precedents	NOUN
precious	ADJ
precipitated	VERB
precipitation	NOUN
precipitous	ADJ
precise	ADJ
precisely	ADV
precision	NOUN
preclusion	NOUN
preconception	NOUN
preconceptions	NOUN
preconditions	NOUN
predator	NOUN
predators	NOUN
predatory	ADJ
predecessors	NOUN
predestination	NOUN
predestined	VERB
predetermined	VERB
predicated	VERB
predict	VERB
predictable	ADJ
predicted	VERB
predicting	VERB
prediction	NOUN
predictions	NOUN
predictors	NOUN
predicts	VERB
predisposition	NOUN
predominantly	ADV
prefer	VERB
preferable	ADJ
preferably	ADV
prefere	VERB
preference	NOUN
preferences	NOUN
preferred	ADJ,VERB
preferring	VERB
prefers	VERB
prefix	NOUN
pregnancy	NOUN
pregnant	ADJ
prejudice	NOUN
prejudices	NOUN
preliminary	ADJ
prelude	NOUN
premature	ADJ
prematurely	ADV
premier	ADJ
premiering	VERB
premise	NOUN
premised	VERB
premises	NOUN
premium	NOUN
premiums	NOUN
preorder	NOUN
prep	NOUN,VERB
prepaid	VERB
preparation	NOUN
preparations	NOUN
prepare	VERB
prepared	ADJ,VERB
preparedness	NOUN
prepares	VERB
preparing	VERB
prepayment	NOUN
prepayments	NOUN
preposterous	ADJ
prepped	VERB
prepping	NOUN,VERB
prequel	NOUN
prerequisite	NOUN
prerogative	NOUN
preschool	NOUN
preschoolers	NOUN
prescient	ADJ
presciently	ADV
prescribe	VERB
prescription	NOUN
prescriptive	ADJ
presence	NOUN
presences	NOUN
present	ADJ,NOUN,VERB
presentation	NOUN
presented	VERB
presenter	NOUN
presenting	VERB
presently	ADV
presents	NOUN,VERB
preservation	NOUN
preservatives	NOUN
preserve	VERB
preserved	VERB
preserving	VERB
presid...@whitehouse.gov	PROPN
preside	VERB
presided	VERB
president	NOUN,PROPN
presidential	ADJ
press	NOUN,VERB
pressed	VERB
pressure	NOUN,VERB
pressured	ADJ,VERB
pressures	NOUN
pressuring	VERB
pressurized	VERB
prestige	NOUN
prestigious	ADJ
presumably	ADV
presume	VERB
presumed	VERB
presumption	NOUN
pretend	ADJ,VERB
pretended	VERB
pretending	VERB
pretends	VERB
pretense	NOUN
pretext	NOUN
prettier	ADJ
pretty	ADJ,ADV
pretzel	NOUN
prevail	VERB
prevailed	VERB
prevailing	VERB
prevalence	NOUN
prevalent	ADJ
prevenient	ADJ
prevent	VERB
prevented	VERB
preventing	VERB
prevention	NOUN
preventive	ADJ
prevents	VERB
preview	NOUN,VERB
previews	NOUN
previous	ADJ
previously	ADV
prey	NOUN
price	NOUN,VERB
priced	ADJ,VERB,X
priceless	ADJ
prices	NOUN
pricey	ADJ
pricing	NOUN,VERB
prickly	ADJ
pricy	ADJ
pride	NOUN,VERB
prideful	ADJ
priest	NOUN
priests	NOUN
primaries	NOUN
primarily	ADV
primary	ADJ,NOUN
prime	ADJ
primitive	ADJ
princess	NOUN
principal	ADJ,NOUN
principally	ADV
principle	ADJ,NOUN
principles	NOUN
print	NOUN,VERB
printed	VERB
printers	NOUN
printing	NOUN
prints	NOUN
prior	ADJ,ADV
priorities	NOUN
prioritised	VERB
priority	NOUN
prison	NOUN
prisoner	NOUN
prisoners	NOUN
prisons	NOUN
privacy	NOUN
private	ADJ
privately	ADV
privatization	NOUN
privatize	VERB
privatized	VERB
privatizers	NOUN
privatly	ADV
privilege	NOUN
privileged	ADJ
privileges	NOUN
prize	NOUN,VERB
prized	VERB
prizes	NOUN
pro	X
pro-Beijing	ADJ,NOUN,PROPN
pro-India	ADJ
pro-Palestinian	ADJ
pro-Zionist	ADJ
pro-establishment	ADJ
pro-same	ADJ
probability	NOUN
probabition	NOUN
probable	ADJ
probably	ADV
probation	NOUN
probe	NOUN
probing	ADJ
problem	NOUN
problematic	ADJ
problems	NOUN
procedural	ADJ
procedure	NOUN
procedures	NOUN
proceed	VERB
proceeded	VERB
proceeding	NOUN,VERB
proceedings	NOUN
proceeds	NOUN
process	NOUN,VERB
process's	NOUN
processed	VERB
processes	NOUN,VERB
processing	NOUN,VERB
processor	NOUN
processors	NOUN
proclaimed	VERB
proclaimers	NOUN
proclaiming	VERB
procreating	VERB
procure	VERB
produce	NOUN,VERB
produced	VERB
producer	NOUN
producers	NOUN
produces	VERB
producing	VERB
product	NOUN
production	NOUN
productive	ADJ
productivity	NOUN
products	NOUN
profession	NOUN
professional	ADJ,ADV,NOUN
professionalism	NOUN
professionalized	VERB
professionally	ADV
professionals	NOUN
professor	NOUN
professors	NOUN
proficiency	NOUN
proficient	ADJ
profile	NOUN
profilers	NOUN
profiles	NOUN
profit	NOUN,VERB
profitable	ADJ
profited	VERB
profits	NOUN
profound	ADJ
profoundly	ADV
profundity	NOUN
progeny	NOUN
prognosis	NOUN
program	NOUN
programme	NOUN
programmed	VERB
programmer	NOUN
programmes	NOUN
programming	NOUN
programs	NOUN
progress	NOUN,VERB
progressed	VERB
progresses	VERB
progression	NOUN
progressive	ADJ
progressively	ADV
prohibit	VERB
prohibited	VERB
prohibition	NOUN
prohibits	VERB
project	NOUN,VERB
projected	VERB
projections	NOUN
projectlondonmovie.com	PROPN
projects	NOUN
proliferate	VERB
proliferated	VERB
proliferation	NOUN
prolific	ADJ
prolly	ADV
prolong	VERB
prolonged	ADJ,VERB
prominence	NOUN
prominent	ADJ
promise	NOUN,VERB
promised	VERB
promises	NOUN,VERB
promising	ADJ,VERB
promote	VERB
promoted	VERB
promoting	VERB
promotion	NOUN
promotional	ADJ
prompt	ADJ
prompted	VERB
prompting	VERB
promptly	ADV
promulgate	VERB
prongs	NOUN
pronoun	NOUN
pronounced	ADJ,VERB
pronouncements	NOUN
pronunciation	NOUN
proof	ADJ,NOUN
prop	VERB
propaganda	NOUN
propane	NOUN
propelled	VERB
propensity	NOUN
proper	ADJ,ADV
properly	ADV
properties	NOUN
property	NOUN
proponent	NOUN
proponents	NOUN
proportion	NOUN
proposal	NOUN
proposals	NOUN
propose	VERB
proposed	VERB
proposes	VERB
proposing	VERB
propping	VERB
proprietary	ADJ
proprietors	NOUN
props	NOUN
pros	NOUN
prosecute	VERB
prosecution	NOUN
prosecutor	NOUN
prosecutors	NOUN
prospect	NOUN
prospective	ADJ
prospects	NOUN
prospering	VERB
prosperity	NOUN
prosperous	ADJ
prosthetic	ADJ
prostitute	NOUN
protect	VERB
protected	VERB
protecting	VERB
protection	NOUN
protections	NOUN
protective	ADJ
protects	VERB
protein	NOUN
proteins	NOUN
protest	NOUN,VERB
protestants	PROPN
protested	VERB
protesting	VERB
protests	NOUN
prototype	NOUN
prototypes	NOUN
protégé	NOUN
proud	ADJ
proudly	ADV
prove	VERB
proved	VERB
proven	VERB
proverbial	ADJ
proves	VERB
provide	VERB
provided	VERB
provider	NOUN
providers	NOUN
provides	VERB
providing	VERB
province	NOUN
provinces	NOUN
provincial	ADJ
proving	VERB
provision	NOUN
provisional	ADJ
provisions	NOUN
proviso	NOUN
provocation	NOUN
provocations	NOUN
provocative	ADJ
provoke	VERB
provoked	VERB
prowess	NOUN
proximity	NOUN
proxy	NOUN
prudent	ADJ
prudish	ADJ
pry	NOUN
ps	NOUN
ps.	NOUN
pseudonym	NOUN
psu	NOUN
psychedelic	ADJ
psychiatrists	NOUN
psychic	ADJ
psycho-spiritual	ADJ
psychoanalysis	NOUN
psycholical	ADJ
psychological	ADJ
psychologist	NOUN
psychologists	NOUN
psychology	NOUN
psychotherapist	NOUN
pub	NOUN
public	ADJ,NOUN
publication	NOUN
publications	NOUN
publicity	NOUN
publicized	VERB
publicly	ADV
publish	VERB
published	VERB
publisher	NOUN
publishers	NOUN
publishes	VERB
publishing	NOUN,VERB
pubs	NOUN
pucker	NOUN
puff	VERB
puffing	NOUN
puffs	NOUN
puke	VERB
pull	NOUN,VERB
pullback	NOUN
pulled	VERB
pullers	NOUN
pulling	VERB
pulls	VERB
pulse	NOUN
pump	NOUN
pumped	VERB
pumping	VERB
pumpkin	NOUN
pumps	VERB
pun	NOUN
punch	NOUN,VERB
punches	NOUN
punchlines	NOUN
punctual	ADJ
punctuation	NOUN
puncturing	VERB
pundit	NOUN
punish	VERB
punishing	VERB
punishment	NOUN
punitive	ADJ
punk	NOUN
puns	NOUN
pup	NOUN
pupil	NOUN
pupils	NOUN
puppet	NOUN
puppets	NOUN
puppies	NOUN
puppy	NOUN
purchace	VERB
purchase	NOUN,VERB
purchased	VERB
purchases	NOUN
purchasing	VERB
pure	ADJ
purely	ADV
purgatory	NOUN
purge	VERB
purged	VERB
purple	ADJ,NOUN
purported	VERB
purportedly	ADV
purporting	VERB
purpose	NOUN
purposefully	ADV
purposely	ADV
purposes	NOUN
purse	NOUN
pursuant	ADV
pursue	VERB
pursued	VERB
pursuing	VERB
pursuit	NOUN
purveyed	VERB
push	NOUN,VERB
pushed	VERB
pushing	VERB
pushy	ADJ
put	ADP,VERB
puts	NOUN,VERB
puttagenius	PROPN
putting	ADJ,VERB
pwople	NOUN
pyramid	NOUN
pyramids	NOUN
pyrimidal	ADJ
python	NOUN
pythons	NOUN
quad	NOUN
quadrant	NOUN
qualifications	NOUN
qualified	ADJ,VERB
qualify	VERB
qualitative	ADJ
qualities	NOUN
quality	ADJ,NOUN
quantification	NOUN
quantifying	VERB
quantitative	ADJ
quantitatively	ADV
quantity	NOUN
quarter	ADJ,NOUN
quartered	VERB
quarterly	ADJ
quarters	NOUN
quartile	NOUN
quartiles	NOUN
quashed	VERB
quasi	ADJ
que	NOUN
queen	NOUN
quell	VERB
queries	NOUN
query	NOUN
quesadillas	NOUN
queso	NOUN
quest	NOUN
questi	VERB
question	NOUN,VERB
questionable	ADJ
questioned	VERB
questioning	VERB
questionnaire	NOUN
questionnaires	NOUN
questions	NOUN
queue	NOUN
queues	NOUN
quick	ADJ,ADV
quicker	ADJ,ADV
quickest	ADJ
quickly	ADV
quid	X
quiet	ADJ,NOUN,VERB
quieter	ADJ
quietly	ADV
quietness	NOUN
quilling	NOUN
quit	VERB
quite	ADV,DET
quitter	NOUN
quitting	VERB
quixotic	ADJ
quiz	NOUN
quizzing	VERB
quo	NOUN,X
quote	NOUN,VERB
quoted	VERB
quotes	NOUN
quoting	VERB
r	AUX,VERB,X
r-	INTJ
r.	NOUN
rabbi	NOUN
rabbit	NOUN
rabbits	NOUN
rabble	NOUN
rabid	ADJ
race	NOUN,VERB
races	NOUN,VERB
racial	ADJ
racially	ADV
racing	NOUN
racism	NOUN
rack	NOUN
racked	VERB
racking	VERB
radar	NOUN
radiantly	ADV
radiation	NOUN
radiative	ADJ
radical	ADJ
radicals	NOUN
radio	NOUN
radiographs	NOUN
radiometer	NOUN
radiometry	NOUN
radios	NOUN
radius	NOUN
raffles	NOUN
ragamuffin	NOUN
rage	NOUN
ragga	NOUN
raid	VERB
raided	VERB
raiding	VERB
rail	NOUN
railroad	NOUN
rails	NOUN
railway	NOUN
railways	NOUN
rain	NOUN
rainbow	NOUN
raining	VERB
rains	NOUN,VERB
rainy	ADJ
raise	VERB
raised	VERB
raiser	NOUN
raisers	NOUN
raises	VERB
raising	NOUN,VERB
rakau	NOUN
rallied	VERB
rally	NOUN,VERB
rallying	NOUN
rambunctious	ADJ
ramifications	NOUN
ramp	VERB
rampaged	VERB
rampant	ADJ
rampart	NOUN
ramshackle	ADJ
ran	VERB
ranch	NOUN
ranchers	NOUN
random	ADJ
randomly	ADV
rang	VERB
range	NOUN,VERB
ranged	ADJ,VERB
ranger	NOUN
ranges	NOUN
ranging	VERB
rangoon	NOUN
rank	NOUN,VERB
ranked	VERB
ranking	ADJ,VERB
rankings	NOUN
ranks	NOUN,VERB
rap	NOUN
rape	NOUN
rapid	ADJ
rapidly	ADV
rapists	NOUN
rare	ADJ
rarely	ADV
rat	NOUN
ratchet	VERB
rate	NOUN,VERB
rated	VERB
ratepayer	NOUN
rates	NOUN,VERB
rather	ADV
ratify	VERB
rating	NOUN,VERB
ratings	NOUN
ration	NOUN
rational	ADJ
rationale	NOUN
rationally	ADV
rats	NOUN
rattling	NOUN
ratty	ADJ
rave	NOUN,VERB
raw	ADJ
ray	NOUN
rays	NOUN
razor	NOUN
re	ADP,AUX,X
re-	INTJ
re-code	VERB
re-elected	VERB
re-election	NOUN
re-embarking	VERB
re-enactments	NOUN
re-enlist	VERB
re-invest	VERB
re-looking	VERB
re-purpose	VERB
re-purposing	NOUN
re-read	VERB
re-record	VERB
re-routed	VERB
re-run	NOUN
re-schedule	VERB
re-secured	VERB
re-trained	VERB
re-type	VERB
re-wiring	NOUN
re-writing	VERB
reach	NOUN,VERB
reachable	ADJ
reached	VERB
reaches	NOUN,VERB
reaching	VERB
react	VERB
reacted	VERB
reaction	NOUN
reactionary	ADJ
reactions	NOUN
reactor	NOUN
reacts	VERB
read	NOUN,VERB
reader	NOUN
readers	NOUN
readership	NOUN
readier	ADJ
readily	ADV
reading	NOUN,VERB
readings	NOUN
reads	VERB
ready	ADJ
reaffirm	VERB
reaffirmation	NOUN
reaffirmed	VERB
reaffirms	VERB
real	ADJ,ADV
realer	ADJ
reali-	VERB
realisation	NOUN
realise	VERB
realised	VERB
realises	VERB
realism	NOUN
realist	NOUN
realistic	ADJ
realists	NOUN
realities	NOUN
reality	NOUN
realization	NOUN
realize	VERB
realized	VERB
realizing	VERB
really	ADV
realm	NOUN
realms	NOUN
realtion	NOUN
realy	ADV
reap	VERB
reaped	VERB
reaping	VERB
reapply	VERB
reappropriation	NOUN
rear	ADJ,NOUN
rearing	NOUN,VERB
reason	NOUN
reasonable	ADJ
reasonably	ADV
reasoned	ADJ,VERB
reasons	NOUN
reassessment	NOUN
reassignment	NOUN
reassigns	VERB
reassurance	NOUN
reassure	VERB
reassured	VERB
reball	NOUN
rebel	NOUN
rebelling	VERB
rebellion	NOUN
rebels	NOUN
rebirth	NOUN
reborn	ADJ
rebuild	VERB
rebuilding	NOUN,VERB
rebuilt	VERB
rebuke	NOUN
rebuttal	NOUN
rec.	ADJ
recalculation	NOUN
recall	NOUN,VERB
recalled	VERB
recalls	VERB
recap	NOUN
reccomend	VERB
reccommend	VERB
receipt	NOUN
receive	VERB
received	VERB
receiver	NOUN
receives	VERB
receiving	VERB
recent	ADJ
recently	ADV
reception	NOUN
receptionist	NOUN
receptive	ADJ
recession	NOUN
recessive	ADJ
recheck	NOUN
recieve	VERB
recieved	VERB
recipe	NOUN
recipient	NOUN
recipients	NOUN
reciprocate	VERB
recitation	NOUN
recite	VERB
reckless	ADJ
reckoning	NOUN
reclaim	VERB
reclaimed	VERB
reclining	VERB
reclusive	ADJ
recognised	VERB
recognising	VERB
recognition	NOUN
recognizable	ADJ
recognize	VERB
recognized	VERB
recognizes	VERB
recognizing	VERB
recoil	NOUN
recollected	VERB
recomend	VERB
recommend	VERB
recommendation	NOUN
recommendations	NOUN
recommended	VERB
recommending	VERB
recommends	VERB
reconcilable	ADJ
reconcile	VERB
reconciled	VERB
reconciliation	NOUN
reconciling	NOUN,VERB
reconfigured	VERB
reconfirm	VERB
reconnaissance	NOUN
reconsider	VERB
reconsidering	VERB
reconstruction	NOUN
reconvene	VERB
reconvened	VERB
record	ADJ,NOUN,VERB
recorded	VERB
recorder	NOUN
recording	NOUN,VERB
recordings	NOUN
records	NOUN,VERB
recount	NOUN,VERB
recourse	NOUN
recover	VERB
recovered	VERB
recovering	VERB
recovery	NOUN,PROPN
recreate	VERB
recreated	VERB
recreating	VERB
recreation	NOUN
recreational	ADJ
recruit	VERB
recruited	VERB
recruiting	NOUN
recruitment	NOUN
recruits	NOUN
rectangle	NOUN
rectified	VERB
rectify	VERB
recurrent	ADJ
recurring	VERB
recycling	NOUN,VERB
red	ADJ,ADV,NOUN
reddest	ADJ
redeem	VERB
redefine	VERB
redefined	VERB
redeploying	VERB
redesign	VERB
redesigning	VERB
rediculous	ADJ
redirect	VERB
rediscover	VERB
redistribution	NOUN
redlined	ADJ,VERB,X
redownload	VERB
reduce	VERB
reduced	VERB
reduces	VERB
reducing	VERB
reduction	NOUN
reductions	NOUN
redundant	ADJ
redvepco.doc	NOUN
redwings	NOUN
reef	NOUN
reefs	NOUN
reeks	VERB
reestablish	VERB
reestablished	VERB
reexamination	NOUN
reexamine	VERB
refer	VERB
referee	NOUN
reference	NOUN,VERB
referenced	VERB
references	NOUN
referencing	VERB
referendum	NOUN
referendums	NOUN
referral	NOUN
referrals	NOUN
referred	VERB
referring	VERB
refers	VERB
reffered	VERB
refine	VERB
refinement	NOUN
refineries	NOUN
refinery	NOUN
refining	VERB
reflect	VERB
reflected	VERB
reflecting	VERB
reflection	NOUN
reflective	ADJ
reflector	NOUN
reflects	VERB
refold	VERB
reform	NOUN
reformer	NOUN
reforms	NOUN
reformulated	VERB
refreshing	VERB
refreshment	NOUN
refrig.	NOUN
refrigerator	NOUN
refrigerators	NOUN
refuge	NOUN
refugee	NOUN
refugees	NOUN
refund	NOUN,VERB
refunds	NOUN
refurb	NOUN
refusals	NOUN
refuse	VERB
refused	VERB
refuses	VERB
refusing	VERB
refutations	NOUN
refute	VERB
regading	VERB
regain	VERB
regalia	NOUN
regard	NOUN,VERB
regarded	VERB
regarding	VERB
regardless	ADV
regards	NOUN,VERB
regenerate	VERB
regime	NOUN
regimen	NOUN
regimes	NOUN
region	NOUN
regional	ADJ
regionally	ADV
regions	NOUN
register	VERB
registered	VERB
registering	VERB
registrar	NOUN
registration	NOUN
regress	NOUN
regret	NOUN,VERB
regreted	VERB
regrets	NOUN
regrettable	ADJ
regretted	VERB
regroup	VERB
regular	ADJ,NOUN
regularity	NOUN
regularly	ADV
regulars	NOUN
regulate	VERB
regulated	ADJ,VERB
regulation	NOUN
regulations	NOUN
regulators	NOUN
regulatory	ADJ
rehabilitate	VERB
rehearing	NOUN
rehearsal	NOUN
reign	VERB
reigned	VERB
reigning	VERB
reigon	NOUN
reimbursable	ADJ
reimbursed	VERB
reimburses	VERB
rein	NOUN,VERB
reinforces	VERB
reinforcing	VERB
reins	NOUN
reinterred	VERB
reintroduced	VERB
reintroduction	NOUN
reiterate	VERB
reiteration	NOUN
reject	VERB
rejected	VERB
rejection	NOUN
rejects	VERB
rejoice	VERB
rejuvenate	VERB
rejuvenating	ADJ
rekindle	VERB
relapse	NOUN
relate	VERB
related	ADJ,VERB
relatedness	NOUN
relates	VERB
relating	VERB
relation	NOUN
relations	NOUN
relationship	NOUN
relationships	NOUN
relative	ADJ,ADV,NOUN
relatively	ADV
relatives	NOUN
relativism	NOUN
relativist	ADJ
relativistic	ADJ
relativity	NOUN
relax	VERB
relaxation	NOUN
relaxed	ADJ,VERB
relaxes	VERB
relaxing	ADJ,VERB
relay	VERB
release	NOUN,VERB
released	VERB
releases	VERB
releasing	VERB
relentless	ADJ
relevance	NOUN
relevant	ADJ
reliability	NOUN
reliable	ADJ
reliance	NOUN
relief	NOUN
relies	VERB
relieved	ADJ,VERB
religion	NOUN
religions	NOUN
religious	ADJ
religiously	ADV
relocate	VERB
relocating	VERB
reluctance	NOUN
reluctant	ADJ
reluctantly	ADV
rely	VERB
relying	VERB
remain	VERB
remainder	NOUN
remained	VERB
remaining	ADJ,VERB
remains	NOUN,VERB
remake	NOUN
remark	NOUN
remarkable	ADJ
remarkably	ADV
remarked	VERB
remarks	NOUN
remedies	NOUN
remember	VERB
remembered	VERB
remembering	VERB
remembers	VERB
remilitarization	NOUN
remind	VERB
reminded	VERB
reminder	NOUN
reminding	VERB
reminds	VERB
remission	NOUN
remnant	NOUN
remnants	NOUN
remodel	NOUN
remodeled	VERB
remodeling	NOUN
remodelling	NOUN
remodels	NOUN
remote	ADJ
remotely	ADV
removal	NOUN
remove	VERB
removed	VERB
removing	VERB
renaissance	PROPN
renal	ADJ
renamed	VERB
render	VERB
rendered	VERB
rendering	NOUN
renegade	ADJ
reneged	VERB
reneging	VERB
renegotiate	VERB
renegotiation	NOUN
renew	VERB
renewable	ADJ
renewal	NOUN
renewed	ADJ,VERB
renewing	VERB
renigged	VERB
renovated	VERB
renovation	NOUN
renowned	ADJ,VERB
rent	NOUN,VERB
rental	ADJ,NOUN
rentals	NOUN
rented	VERB
renters	NOUN
renting	VERB
rents	NOUN
reopen	VERB
reopened	VERB
reopening	NOUN,VERB
reorg	NOUN
reorganization	NOUN
rep	NOUN
rep.	PROPN
repaid	VERB
repair	NOUN,VERB
repaired	VERB
repairs	NOUN
reparcelling	NOUN,VERB
repay	VERB
repays	VERB
repeal	VERB
repeat	ADJ,VERB
repeatable	ADJ
repeated	VERB
repeatedly	ADV
repeating	VERB
repent	VERB
repercussions	NOUN
repetition	NOUN
repetitive	ADJ
repition	NOUN
replace	VERB
replaced	VERB
replacement	NOUN
replacing	VERB
replete	ADJ
replica	NOUN
replicate	VERB
replication	NOUN
replications	NOUN
replied	VERB
replies	NOUN,VERB
reply	NOUN,VERB
repoire	NOUN
report	NOUN,VERB
reported	VERB
reportedly	ADV
reporter	NOUN
reporters	NOUN
reporting	NOUN,VERB
reports	NOUN,VERB
repositioning	VERB
repository	NOUN
reposted	VERB
represent	VERB
representation	NOUN
representationalism	NOUN
representations	NOUN
representative	ADJ,NOUN
representatives	NOUN
represented	VERB
representing	VERB
represents	VERB
repressed	ADJ,VERB
reprimand	NOUN
reprimands	NOUN
reprinted	VERB
reprioritised	VERB
reprisal	NOUN
reprisals	NOUN
reproduce	VERB
reproduced	VERB
reproducibility	NOUN
reproducing	VERB
reproduction	NOUN
reproductive	ADJ
reps	NOUN
reptile	NOUN
reptiles	NOUN
republic	NOUN,PROPN
republican	PROPN
republics	NOUN
repudiating	VERB
repudiation	NOUN
repugnant	ADJ
repulsive	ADJ
repurposed	VERB
reputable	ADJ
reputation	NOUN
reputations	NOUN
reputed	VERB
request	NOUN,VERB
requested	VERB
requesting	VERB
requests	NOUN
require	VERB
required	VERB
requirement	NOUN
requirements	NOUN
requires	VERB
requiring	VERB
reread	VERB
resale	NOUN
reschedule	VERB
rescheduled	VERB
rescheduling	VERB
rescinded	VERB
rescoped	VERB
rescue	NOUN,VERB
rescued	VERB
rescuers	NOUN
research	NOUN,VERB
researcher	NOUN
researchers	NOUN
researching	VERB
resell	VERB
resemblance	NOUN
resemble	VERB
resembled	VERB
resembles	VERB
resent	VERB
resented	VERB
reservation	NOUN
reservations	NOUN
reserve	NOUN,VERB
reserved	VERB
reserves	NOUN,VERB
reservoir	NOUN
reservoirs	NOUN
reside	VERB
resided	VERB
residence	NOUN
residences	NOUN
residency	NOUN
resident	ADJ,NOUN
residential	ADJ
residents	NOUN
resides	VERB
residing	VERB
residual	ADJ
resign	VERB
resignation	NOUN
resigned	VERB
resilience	NOUN
resist	VERB
resistance	NOUN
resisted	VERB
resisting	VERB
resolution	NOUN
resolutions	NOUN
resolve	VERB
resolved	VERB
resolving	VERB
resonate	VERB
resonates	VERB
resond	VERB
resort	NOUN,VERB
resorted	VERB
resorting	VERB
resorts	NOUN
resounding	ADJ
resource	NOUN
resources	NOUN
respect	NOUN,VERB,X
respectable	ADJ
respected	ADJ,VERB
respectful	ADJ
respectfully	ADV
respecting	VERB
respective	ADJ
respectively	ADV
respects	NOUN
respiratory	ADJ
respond	VERB
responded	VERB
respondent	NOUN
respondents	NOUN
responders	NOUN
responding	VERB
responds	VERB
response	NOUN
responses	NOUN
responsibilities	NOUN
responsibility	NOUN,PROPN
responsible	ADJ
responsibly	ADV
responsive	ADJ
responsiveness	NOUN
rest	ADJ,NOUN,VERB
restaurant	NOUN,PROPN
restaurants	NOUN
restaurateur	NOUN
rested	VERB
restful	ADJ
restfully	ADV
resting	NOUN,VERB
restocked	VERB
restoration	NOUN
restore	VERB
restored	VERB
restoring	VERB
restrain	VERB
restrained	VERB
restraint	NOUN
restrict	VERB
restricted	ADJ,VERB
restricting	VERB
restriction	NOUN
restrictions	NOUN
restrictive	ADJ
rests	VERB
resturant	NOUN
resubstantiation	NOUN
result	NOUN,VERB
resultant	ADJ
resulted	VERB
resulting	VERB
results	NOUN,VERB
resume	NOUN,VERB
resumed	VERB
resumes	NOUN
resumption	NOUN
resupply	NOUN
resurrect	VERB
retail	ADJ,NOUN
retailers	NOUN
retain	VERB
retained	VERB
retake	VERB
retaking	VERB
retaliate	VERB
retaliated	VERB
retaliation	NOUN
retaliatory	ADJ
retardation	NOUN
retarded	ADJ
retention	NOUN
retired	ADJ,VERB
retiree	NOUN
retirement	NOUN
retiring	VERB
retracted	VERB
retraction	NOUN
retreat	NOUN,VERB
retreats	NOUN
retrial	NOUN
retrieval	NOUN
retrieve	VERB
retrieved	VERB
retroactive	ADJ
retrofitting	VERB
retrospect	NOUN
return	NOUN,VERB
returned	VERB
returnees	NOUN
returning	VERB
returns	NOUN,VERB
reunify	VERB
reuptake	NOUN
reuse	NOUN
reused	VERB
revalue	VERB
reve-	INTJ
reveal	VERB
revealed	VERB
revealing	ADJ,VERB
reveals	VERB
revelation	NOUN
revenge	NOUN
revenue	NOUN
revenues	NOUN
reverence	NOUN
reverent	ADJ
reversal	NOUN
reverse	VERB
reversed	VERB
reverted	VERB
review	NOUN,VERB
reviewed	VERB
reviewer	NOUN
reviewers	NOUN
reviewing	VERB
reviews	NOUN,VERB
revise	VERB
revised	VERB
revising	VERB
revision	NOUN
revisions	NOUN
revisit	VERB
revisited	VERB
revitalization	NOUN
revival	NOUN
revive	VERB
revived	VERB
revocation	NOUN
revoke	VERB
revolt	NOUN
revolted	VERB
revolution	NOUN
revolutionaries	NOUN
revolutionary	ADJ
revolutionizing	VERB
revolutions	NOUN
revolves	VERB
reward	NOUN,VERB
rewarded	VERB
rewards	NOUN
rewind	VERB
reworded	VERB
rewrote	VERB
rhaps	X
rhetorical	ADJ
rhythm	NOUN
rhythmically	ADV
ribbon	NOUN
ribbons	NOUN
rice	NOUN
rich	ADJ
richard	PROPN
riches	NOUN
richest	ADJ
rid	ADJ
ridden	VERB
riddle	NOUN
riddled	ADJ
ride	NOUN,VERB
rideable	ADJ
rider	NOUN
riders	NOUN
rides	NOUN,VERB
ridiculed	VERB
ridiculing	VERB
ridiculized	VERB
ridiculous	ADJ
ridiculously	ADV
riding	NOUN,VERB
rifles	NOUN
rift	NOUN
rigged	VERB
righ-	NOUN
righ...@sonic.net	PROPN
right	ADJ,ADV,INTJ,NOUN
righteousness	NOUN
righter	PROPN
rightfully	ADV
rightly	ADV
rights	NOUN
righty	NOUN
rigid	ADJ
rigor	NOUN
rigorous	ADJ
riiight	INTJ
ring	NOUN,VERB
ringleader	NOUN
rings	NOUN
rinsed	VERB
riots	NOUN
rip	NOUN,VERB
ripe	ADJ
ripped	VERB
ripping	VERB
rise	NOUN,VERB
rises	NOUN,VERB
rising	NOUN,VERB
risk	NOUN,VERB
risked	VERB
risking	VERB
risks	NOUN,VERB
risky	ADJ
riso	NOUN
risotto	NOUN
rites	NOUN
ritual	NOUN
rival	NOUN
rivalry	NOUN
river	NOUN
rnb	NOUN
roaches	NOUN
road	NOUN
roads	NOUN
roadshows	NOUN
roadside	NOUN
roadway	NOUN
roadways	NOUN
roam	VERB
roaming	VERB
roast	ADJ
roasted	VERB
rob	VERB
robbed	VERB
robber	NOUN
robe	NOUN
robot	NOUN
robotic	ADJ
robotics	NOUN
robots	NOUN
robust	ADJ
rock	NOUN
rocked	VERB
rocket	NOUN
rocks	NOUN
rocky	ADJ
rode	NOUN,VERB
rodents	NOUN
rogue	NOUN
role	NOUN
roles	NOUN
roll	NOUN,VERB
rollbacks	NOUN
rolled	VERB
rolling	ADJ,VERB
rolls	NOUN
rom	NOUN
romaine	NOUN
romance	NOUN
romantic	ADJ
romatic	ADJ
roms	NOUN
ron.com	PROPN
roof	NOUN
roofing	NOUN
roofs	NOUN
room	NOUN
roomful	NOUN
roommate	NOUN
rooms	NOUN
roosters	NOUN
root	NOUN,VERB
rooting	VERB
roots	NOUN
rope	NOUN
rosario.gonzales@compaq.com	PROPN
rose	NOUN,VERB
rosemary	NOUN
rosette	NOUN
rosters	NOUN
rosy	ADJ
rosé	NOUN
rot	NOUN,VERB
rotating	VERB
rotation	NOUN
rotorua	PROPN
rotten	ADJ
rough	ADJ,ADV
roughened	VERB
roughest	ADJ
roughhouse	NOUN
roughly	ADV
roughness	NOUN
round	ADJ,ADP,ADV,NOUN
rounds	NOUN
roundtable	NOUN
route	NOUN,VERB,X
routed	VERB
routes	NOUN
routine	ADJ,NOUN
routinely	ADV
routines	NOUN
row	NOUN
rows	NOUN
royal	ADJ,PROPN
royalist	ADJ
royally	ADV
royalties	NOUN
rrly	ADV
rs	SYM
rsjacobs@Encoreacq.com	PROPN
rssc.com	PROPN
rub	VERB
rubbed	VERB
rubber	NOUN
rubbing	VERB
rubbish	NOUN
rubble	NOUN
ruckus	NOUN
rude	ADJ
rudely	ADV
rudeness	NOUN
rudest	ADJ
rug	NOUN
ruin	VERB
ruined	VERB
ruining	VERB
ruins	NOUN,VERB
rule	NOUN,VERB
ruled	VERB
ruler	NOUN
rulers	NOUN
rules	NOUN,VERB
ruling	NOUN,VERB
rum	NOUN
ruminate	VERB
rumor	NOUN
rumored	VERB
rumors	NOUN
rumours	NOUN
rums	NOUN
run	ADJ,NOUN,VERB
runaround	NOUN
runflat	NOUN
runflats	NOUN
runner	NOUN
runners	NOUN
running	NOUN,VERB
runs	NOUN,VERB
runway	NOUN
rural	ADJ
rush	NOUN,VERB
rushed	VERB
rushing	VERB
rust	ADJ
ruthless	ADJ
ruts	NOUN
rvs	NOUN
s	AUX,NOUN,PART,PRON,VERB,X
s-	INTJ
s...@sonic.net	PROPN
s.hernandez@udc.es	PROPN
s/he	PRON
sa-	INTJ
saaaaaam	PROPN
saber	NOUN
sabotaging	VERB
saboteurs	NOUN
saccades	NOUN
sacking	NOUN
sacramental	ADJ
sacred	ADJ
sacrifice	NOUN,VERB
sacrificed	VERB
sacrifices	NOUN
sacristy	NOUN
sad	ADJ
saddened	VERB
saddle	NOUN,VERB
sadistic	ADJ
sadistically	ADV
sadly	ADV
sadness	NOUN
saem_aero	PROPN
safe	ADJ
safeguard	NOUN,VERB
safeguards	NOUN
safely	ADV
safer	ADJ
safest	ADJ
safety	NOUN
sag	NOUN
saga	NOUN
sage	ADJ
sagotra	X
said	ADJ,VERB
sail	VERB
sailed	VERB
sailing	NOUN,VERB
sailors	NOUN
sails	NOUN
saint	NOUN
saithe	NOUN
sake	NOUN
salad	NOUN
salads	NOUN
salaries	NOUN
salary	NOUN
salatim	NOUN
sale	NOUN,VERB
saleable	ADJ
sales	NOUN
salesman	NOUN
salespeople	NOUN
salesperson	NOUN
salient	ADJ
salinity	NOUN
salmon	NOUN
salon	NOUN,PROPN
salons	NOUN
salsa	NOUN
salt	NOUN
salted	VERB
saltimboca	NOUN
saltiness	NOUN
salty	ADJ
salute	VERB
salvage	NOUN
salvation	NOUN
same	ADJ
sample	NOUN,VERB
sampler	NOUN
samples	NOUN
sampling	NOUN,VERB
sanctioned	VERB
sanctions	NOUN
sanctuary	NOUN
sand	NOUN
sandals	NOUN
sandbags	NOUN
sanded	VERB
sandwich	NOUN,VERB
sandwiches	NOUN
sank	VERB
santorum	NOUN
saplings	NOUN
sapped	VERB
sarcastically	ADV
sashimi	NOUN
sat	VERB
satanic	ADJ
satanism	PROPN
satay	NOUN
sate	VERB
satellite	NOUN
satellites	NOUN
satire	NOUN
satirical	ADJ
satisfaction	NOUN
satisfactory	ADJ
satisfied	ADJ,VERB
satisfy	VERB
satisfying	VERB
sauce	NOUN
sauces	NOUN
savages	NOUN
save	ADP,SCONJ,VERB
saved	VERB
saves	VERB
saving	VERB
savings	NOUN
saviour	NOUN
saw	NOUN,VERB
saws	NOUN
saxon	ADJ
saxons	PROPN
say	INTJ,VERB
saying	NOUN,VERB
sayings	NOUN
says	VERB
scale	NOUN
scaling	NOUN
scallop	NOUN
scam	NOUN
scammer	NOUN
scammers	NOUN
scan	NOUN,VERB
scandal	NOUN
scandals	NOUN
scanned	VERB
scanning	NOUN,VERB
scant	ADJ
scapes	NOUN
scare	NOUN,VERB
scared	ADJ,VERB
scarf	NOUN
scaring	VERB
scary	ADJ
scatter	VERB
scattered	ADJ,VERB
scatterers	NOUN
scenario	NOUN
scenarios	NOUN
scene	NOUN
scenery	NOUN
scenes	NOUN
scenic	ADJ
scenicly	ADV
scent	NOUN
scented	VERB
scents	NOUN
schedule	NOUN,VERB
scheduled	NOUN,VERB
scheduler	NOUN
schedulers	NOUN
schedules	NOUN
scheduling	NOUN,VERB
scheme	NOUN
schemes	NOUN
schizophrenic	ADJ
scholar	NOUN
scholarly	ADJ
scholars	NOUN
scholarship	NOUN
scholastic	ADJ
school	NOUN,PROPN
schoolboy	NOUN
schoolchildren	NOUN
schooling	NOUN,VERB
schools	NOUN
schtick	NOUN
sci	NOUN
science	NOUN,PROPN
sciencem...@upi.com	PROPN
scientific	ADJ
scientist	NOUN
scientists	NOUN
scientology	NOUN
scissors	NOUN
scoff	VERB
scold	VERB
scoop	NOUN
scooping	NOUN,VERB
scope	NOUN
score	NOUN,VERB
scoreboard	NOUN
scored	VERB
scores	NOUN
scoring	NOUN,VERB
scorn	NOUN
scoured	VERB
scramble	NOUN
scrap	NOUN,VERB
scrape	VERB
scraped	VERB
scraps	NOUN
scratch	NOUN,VERB
scratched	VERB
scratches	NOUN
scratching	NOUN,VERB
scratchy	ADJ
scream	VERB
screamed	VERB
screaming	VERB
screams	NOUN
screem	VERB
screen	NOUN
screened	VERB
screener	NOUN
screening	VERB
screens	NOUN
screenshot	NOUN
screenwriter	NOUN
screw	NOUN,VERB
screwed	VERB
screws	NOUN
scribbled	VERB
script	NOUN
scripted	VERB
scripts	NOUN
scriptural	ADJ
scroll	VERB
scrub	VERB
scruff	NOUN
scrummy	ADJ
scrumptious	ADJ
scrutiny	NOUN
sculpted	VERB
sculpting	NOUN
sculpture	NOUN
sculptures	NOUN
se	AUX,VERB
sea	NOUN,PROPN
seafood	NOUN
seal	NOUN,VERB
sealed	VERB
seals	NOUN
seamstresses	NOUN
search	NOUN,VERB
searchability	NOUN
searches	NOUN
searching	NOUN,VERB
seared	VERB
seas	NOUN
season	NOUN
seasonal	ADJ
seasonally	ADV
seasoned	ADJ,VERB
seasons	NOUN
seat	NOUN,VERB
seated	VERB
seating	NOUN
seats	NOUN
secession	NOUN
secessionist	ADJ,NOUN
secessionists	NOUN
secluded	ADJ
seclusion	NOUN
second	ADJ,ADV,NOUN
secondary	ADJ
seconds	NOUN
secret	ADJ,NOUN
secretaries	NOUN
secretary	NOUN
secretions	NOUN
secretive	ADJ
secretly	ADV
sect	NOUN
sectarian	ADJ
section	NOUN
sections	NOUN
sector	NOUN
sectors	NOUN
secular	ADJ
secularist	NOUN
secure	ADJ,VERB
secured	VERB
securely	ADV
securing	VERB
security	NOUN
see	VERB
seed	NOUN
seeded	VERB
seeing	VERB
seek	VERB
seeker	NOUN
seekers	NOUN
seeking	VERB
seeks	VERB
seem	VERB
seemed	VERB
seemingly	ADV
seems	VERB
seen	VERB
sees	VERB
seething	VERB
segment	NOUN
segmented	VERB
segments	NOUN
segregation	NOUN
segregationists	NOUN
segueway	VERB
seis	X
seize	VERB
seized	VERB
seizure	NOUN
seizures	NOUN
seldom	ADV
select	ADJ,VERB
selected	VERB
selecting	VERB
selection	NOUN
selections	NOUN
selective	ADJ
selectiveness	NOUN
selects	VERB
self	NOUN,X
selfie	NOUN
selfish	ADJ
sell	VERB
seller	NOUN
selling	VERB
semantic	ADJ
semantics	NOUN
semester	NOUN
semi	ADV,NOUN
semi-automatic	ADJ
semi-diameter	NOUN
semi-empirical	ADJ
semi-pelagianism	NOUN
semi-sketchiness	NOUN
semiautomatic	ADJ
semicolon	NOUN
semifreddo	NOUN
seminal	ADJ
senate	NOUN
senator	NOUN,PROPN
senatorial	ADJ
send	NOUN,VERB
sender	NOUN
sending	VERB
sends	VERB
senior	ADJ
seniors	NOUN
sensation	NOUN
sensational	ADJ
sensationalistic	ADJ
sensations	NOUN
sense	NOUN,VERB
sensed	VERB
senseless	ADJ
senselessly	ADV
senses	NOUN
sensible	ADJ
sensing	NOUN,VERB
sensitive	ADJ
sensitivity	NOUN
sensor	NOUN
sensors	NOUN
sensory	ADJ
sent	VERB
sentence	NOUN
sentences	NOUN
sentencing	NOUN
sentiment	NOUN
sentiments	NOUN
separate	ADJ,VERB
separated	ADJ,VERB
separately	ADV
separates	VERB
separating	VERB
separation	NOUN
separatists	NOUN
seperate	ADJ
seperates	VERB
sepulchres	NOUN
sequel	NOUN
sequence	NOUN,VERB
sequences	NOUN
sequencing	NOUN
sequential	ADJ
sercvice	NOUN
serenely	ADV
sergeant	NOUN
series	NOUN,PROPN
seriograph	NOUN
serious	ADJ
seriously	ADV
seriousness	NOUN
serivce	NOUN
serotonin	NOUN
serpent	NOUN
serpentine	ADJ
servant	NOUN
servants	NOUN
serve	VERB
served	VERB
server	NOUN
servers	NOUN
serves	VERB
service	NOUN
serviced	VERB
services	NOUN
serving	NOUN,VERB
sesame	NOUN
session	NOUN
sessions	NOUN
set	ADJ,NOUN,VERB
setback	NOUN
setoff	NOUN
sets	NOUN,VERB
setting	NOUN,VERB
settings	NOUN
settle	VERB
settled	ADJ,VERB
settlement	NOUN
settlements	NOUN
settlers	NOUN
settles	VERB
setup	NOUN
setups	NOUN
seven	NUM
seventeen	NUM
seventh	ADJ
seventy	NUM
several	ADJ
severe	ADJ
severely	ADV
severly	ADV
sewage	NOUN
sewers	NOUN
sex	NOUN
sexing	VERB
sexual	ADJ
sexuality	NOUN
sexually	ADV
sez	VERB
sh*t	NOUN
sh-	INTJ
shackled	VERB
shade	NOUN,VERB
shades	NOUN
shadow	NOUN,VERB
shady	ADJ
shaft	NOUN
shafts	NOUN
shah	PROPN
shake	VERB
shaken	VERB
shaky	ADJ
shale	NOUN
shall	AUX
shallac	NOUN
shallow	ADJ
sham	NOUN
shame	NOUN
shameful	ADJ
shampoo	NOUN
shanks	NOUN
shape	NOUN,VERB
shaped	ADJ,VERB
shapes	VERB
share	NOUN,VERB
shared	ADJ,VERB
sharers	NOUN
shares	NOUN,VERB
sharing	NOUN,VERB
shark	NOUN
sharp	ADJ,ADV
sharpest	ADJ
shatter	VERB
shattered	ADJ
shave	NOUN
shavings	NOUN
she	PRON
shed	NOUN,VERB
shedding	NOUN,VERB
shedload	NOUN
sheds	NOUN
sheep	NOUN
sheer	ADJ
sheesh	INTJ
sheet	NOUN
sheeting	VERB
sheets	NOUN
sheik	NOUN
sheisters	NOUN
shelf	NOUN
shell	NOUN,VERB
shells	NOUN
shelter	NOUN
sheltered	VERB
shelters	NOUN,VERB
shelves	NOUN
shen	X
sheriff	NOUN
shields	NOUN
shift	NOUN,VERB
shifting	NOUN,VERB
shine	NOUN,VERB
shines	VERB
shinning	VERB
ship	NOUN,VERB,X
shipment	NOUN
shipments	NOUN
shipped	VERB
shippers	NOUN
shipping	NOUN,VERB
ships	NOUN
shipyard	NOUN
shirt	NOUN
shirts	NOUN
shirtsleeves	NOUN
shish	NOUN
shit	INTJ,NOUN
shitting	VERB
shitty	ADJ
shock	NOUN
shocked	ADJ,VERB
shocking	ADJ
shoddy	ADJ
shoe	NOUN,VERB
shoer	NOUN
shoes	NOUN,VERB
sholder	NOUN
sholids	NOUN
shoot	NOUN,VERB
shooting	NOUN,VERB
shoots	VERB
shop	NOUN,VERB
shoplift	VERB
shopped	VERB
shoppers	NOUN
shopping	NOUN,VERB
shops	NOUN
shore	NOUN
shoreline	NOUN
shorelines	NOUN
shores	NOUN
short	ADJ
shortage	NOUN
shorten	VERB
shortening	NOUN
shorter	ADJ
shortest	ADJ
shortly	ADV
shortness	NOUN
shorts	NOUN
shortstop	NOUN
shot	NOUN,VERB
shotgun	NOUN
shots	NOUN
should	AUX
shoulder	NOUN,VERB
shoulders	NOUN
shout	NOUN,VERB
shouts	NOUN
shove	VERB
shovel	NOUN
show	NOUN,VERB
showcase	VERB
showdown	NOUN
showed	VERB
shower	NOUN,VERB
showgirl	NOUN
showing	VERB
shown	VERB
showroom	NOUN
shows	NOUN,VERB
shrapnel	NOUN
shredded	VERB
shreds	NOUN
shrewd	ADJ
shrewdness	NOUN
shrill	ADJ
shrimp	NOUN
shrines	NOUN
shrink	NOUN,VERB
shrouded	VERB
shrubs	NOUN
shrug	NOUN
shrunk	VERB
shuffling	VERB
shunted	VERB
shura	NOUN
shut	ADJ,VERB
shuts	VERB
shutter	NOUN
shutters	NOUN
shuttle	NOUN
shuttles	NOUN
shy	ADJ
shyness	NOUN
sic	ADV
sice	SCONJ
sick	ADJ
sickest	ADJ
sickly	ADJ
sickness	NOUN
side	ADJ,NOUN,VERB,X
sided	ADJ
sidelines	NOUN
sides	NOUN
sidestepped	VERB
sidewalk	NOUN
sidewalks	NOUN
siege	NOUN
siesta	NOUN
sieze	VERB
sigh	INTJ
sight	ADJ,NOUN
sights	NOUN
sightseeing	NOUN
sign	NOUN,VERB
signage	NOUN
signal	NOUN,VERB
signaled	VERB
signaling	VERB
signalling	NOUN
signals	NOUN,VERB
signatories	NOUN
signatory	NOUN
signature	NOUN
signatures	NOUN
signed	VERB
signers	NOUN
signifcant	ADJ
significance	NOUN
significant	ADJ
significantly	ADV
signifies	VERB
signing	NOUN,VERB
signoff	NOUN
signs	NOUN,VERB
silence	NOUN
silent	ADJ
silentia	X
silently	ADV
silhouette	NOUN
silicone	NOUN
silk	ADJ,NOUN
silkie	NOUN
silkies	NOUN
silver	ADJ,NOUN
silverware	NOUN
similar	ADJ
similarities	NOUN
similarly	ADV
simple	ADJ
simpler	ADJ
simplicity	NOUN
simplifications	NOUN
simplified	VERB
simplify	VERB
simplistically	ADV
simply	ADV
simul	X
simulate	VERB
simulates	VERB
simulating	VERB
simulation	NOUN
simultaneous	ADJ
simultaneously	ADV
sin	NOUN
since	ADP,ADV,SCONJ
sincerely	ADV
sing	VERB
singer	NOUN
singers	NOUN
singing	VERB
single	ADJ,NOUN,VERB
singled	VERB
singles	NOUN
sings	VERB
singular	ADJ,NOUN
singularity	NOUN
sink	NOUN,VERB
sinking	NOUN,VERB
sinks	NOUN,VERB
sinnel	NOUN
sins	NOUN
sinus	NOUN
sinuses	NOUN
siphoned	VERB
sips	NOUN
sir	NOUN
sirloin	NOUN
sirremático	X
sisal	NOUN
sister	NOUN
sisters	NOUN
sit	NOUN,VERB
sitcom	NOUN
site	ADV,NOUN
sites	NOUN
sits	VERB
sitting	NOUN,PROPN,VERB
situ	X
situated	VERB
situation	NOUN
situations	NOUN
six	NUM
sixteen	NUM
sixteenth	ADJ
sixth	ADJ,ADV,NOUN
sixties	NOUN
sixty	NUM
sizable	ADJ
size	NOUN
sized	ADJ,VERB
sizes	NOUN
sizing	VERB
skater	NOUN
skeleton	NOUN
skeptical	ADJ
sketch	NOUN,VERB
sketchbook	NOUN
sketchy	ADJ
ski	VERB
skies	NOUN
skiing	VERB
skill	NOUN
skilled	ADJ,VERB
skills	NOUN
skillsets	NOUN
skimmer	NOUN
skin	NOUN
skincare	NOUN
skinned	ADJ
skip	VERB
skipped	VERB
skipping	VERB
skirmish	NOUN
skirts	NOUN
skittish	ADJ
skulk	VERB
skull	NOUN
skush@swbell.net	PROPN
sky	NOUN
skylight	NOUN
skyline	NOUN
skyrocketing	VERB
skyscrapers	NOUN
skytrain	NOUN
slack	VERB
slacked	VERB
slacks	NOUN
slammed	VERB
slang	NOUN
slant	ADJ,NOUN
slanted	ADJ
slap	VERB
slapped	VERB
slash	CCONJ
slats	NOUN
slaughter	VERB
slave	NOUN
slaveholders	NOUN
slavery	NOUN
slaves	NOUN
sled	NOUN
sleep	NOUN,VERB
sleepers	NOUN
sleeping	NOUN,VERB
sleeps	VERB
sleepy	ADJ
sleeve	NOUN
sleeved	ADJ
sleeveless	ADJ
sleeves	NOUN
slept	VERB
slice	NOUN
sliced	VERB
slices	NOUN
slick	ADJ
slide	NOUN,VERB
slides	NOUN
sliding	VERB
slight	ADJ
slightly	ADV
slimy	ADJ
slip	NOUN,VERB
slipped	VERB
slipping	VERB
slit	VERB
slithers	VERB
sliver	NOUN
slobber	NOUN
slope	NOUN
slots	NOUN
slow	ADJ,ADV,VERB
slowed	ADJ,VERB
slower	ADV
slowest	ADJ
slowly	ADV
slum	NOUN
slumber	NOUN
sluts	NOUN
slyly	ADV
smack	ADV
smacked	VERB
smackers	NOUN
smacks	VERB
smail	NOUN
smakkecenter	NOUN
small	ADJ
smaller	ADJ
smallest	ADJ
smart	ADJ,PROPN
smarter	ADJ
smartest	ADJ
smartphone	NOUN
smash	VERB
smashed	ADJ,VERB
smell	NOUN,VERB
smelling	NOUN,VERB
smells	NOUN,VERB
smile	NOUN,VERB
smiling	VERB
smirk	NOUN
smithjones@ev1.net	PROPN
smoke	NOUN,VERB
smoked	VERB
smokers	NOUN
smoking	NOUN,VERB
smooth	ADJ,VERB
smoother	ADJ
smoothly	ADV
smorgasbord	NOUN
smsll	ADJ
smug	ADJ
smuggle	VERB
smuggled	VERB
smugglers	NOUN
smuggling	NOUN,VERB
snack	NOUN
snacks	NOUN
snaffle	NOUN
snags	NOUN
snails	NOUN
snake	NOUN,PROPN
snakes	NOUN
snap	NOUN
snappy	ADJ
snapshot	NOUN
sneak	VERB
sneakers	NOUN
sneaks	VERB
sneeze	NOUN,VERB
sniffed	VERB
sniffing	VERB
snipers	NOUN
snippets	NOUN
snooty	ADJ
snoozing	VERB
snorkeling	NOUN
snow	NOUN
snowboard	NOUN
snows	NOUN
snowshoe	NOUN
snowstorm	NOUN
snub	NOUN
so	ADV,INTJ,SCONJ
soak	VERB
soaked	VERB
soaking	ADJ,NOUN,VERB
soap	NOUN
soapbox	NOUN
soared	VERB
soaring	VERB
sobriquet	NOUN
soccer	NOUN
sociable	ADJ
social	ADJ
socialism	NOUN
socialization	NOUN
socialize	VERB
socially	ADV
socials	NOUN
societal	ADJ
societies	NOUN
society	NOUN
socio	X
socio-political	ADJ
sociodemographic	ADJ
sociologist	NOUN
sociology	NOUN
sod	NOUN
soda	NOUN
sodium	NOUN
sofa	NOUN
sofas	NOUN
soft	ADJ
soften	VERB
softener	NOUN
software	NOUN
soil	NOUN
solar	ADJ
sold	VERB
soldier	NOUN
soldiers	NOUN
sole	ADJ
solely	ADV
solemn	ADJ
solemnity	NOUN
soles	NOUN
solicit	VERB
solicitous	ADJ
solid	ADJ,NOUN
solidarity	NOUN
solitude	NOUN
solo	ADJ,ADV
solstices	NOUN
solution	NOUN
solutions	NOUN
solve	VERB
solved	VERB
solving	NOUN,VERB
sombre	ADJ
some	ADV,DET,NOUN,PRON
somebody	PRON
someday	ADV,NOUN
somehow	ADV
someon	PRON
someone	PRON
someplace	ADV
somethin	PRON
something	PRON
sometime	ADV
sometimes	ADV
somewhat	ADV
somewhere	ADV
sommelier	NOUN
son	NOUN
song	NOUN
songs	NOUN
songwriter	NOUN
sonic	PROPN
sonnet	NOUN
sonnets	NOUN
sonny	NOUN
sons	NOUN
sonus	NOUN
sony	PROPN
soo	ADV
soon	ADV
sooner	ADV
sooo	ADV
soothing	ADJ
sophisticated	ADJ
sophomore	NOUN
sore	ADJ
sorghum	NOUN
sorority	NOUN
sorrowstricken	ADJ
sorrrow	NOUN
sorry	ADJ,INTJ
sort	NOUN,VERB
sorta	ADV
sorted	VERB
sorts	NOUN
sought	VERB
soul	NOUN
soulless	ADJ
souls	NOUN
sound	ADJ,NOUN,VERB
sounded	VERB
sounding	VERB
sounds	NOUN,VERB
soundtrack	NOUN
soup	NOUN
soups	NOUN
sour	ADJ,VERB
source	NOUN
sourced	VERB
sources	NOUN
sourcing	NOUN,VERB
south	ADJ,ADV,NOUN,PROPN
southeast	ADJ,ADV,NOUN,PROPN
southeastern	ADJ
southern	ADJ
southward	ADV
southwest	PROPN
southwestern	ADJ
souvenirs	NOUN
sovereign	ADJ
sovereignty	NOUN
sow	VERB
sown	VERB
sox	PROPN
soybean	NOUN
sp	NOUN
spa	NOUN
space	NOUN
spacecraft	NOUN
spacefaring	ADJ
spaceflight	NOUN
spaces	NOUN
spacetime	NOUN
spacewalks	NOUN
spacious	ADJ
spaciously	ADV
spadework	NOUN
spaghetti	NOUN
span	NOUN,VERB
spanned	VERB
spanning	VERB
spans	VERB
spare	ADJ,NOUN
spared	VERB
spark	NOUN
spartan	ADJ
spatial	ADJ
spawn	VERB
spawned	VERB
spawning	NOUN,VERB
spay	NOUN
spayed	VERB
speadsheet	NOUN
speak	NOUN,VERB
speaker	NOUN
speakers	NOUN
speaking	VERB
speaks	VERB
special	ADJ,NOUN
specialist	ADJ,NOUN
specialists	NOUN
specialized	ADJ,VERB
specializing	VERB
specials	NOUN
specialty	NOUN
species	NOUN
specific	ADJ
specifically	ADV
specifications	NOUN
specifics	NOUN
specified	VERB
specifies	VERB
specify	VERB
specimen	NOUN
specimens	NOUN
spectacular	ADJ
spectator	NOUN
spectrophotometer	NOUN
spectrum	NOUN
speculated	VERB
speculation	NOUN
speculator	NOUN
speculators	NOUN
speech	NOUN
speeches	NOUN
speed	NOUN,VERB
speeding	VERB
speeds	NOUN,VERB
speedy	ADJ
spel	VERB
spell	VERB
spelling	NOUN
spend	VERB
spending	NOUN,VERB
spends	VERB
spent	VERB
sphere	NOUN
spheres	NOUN
spice	NOUN,VERB
spices	NOUN
spicy	ADJ
spiel	NOUN
spies	NOUN
spike	VERB
spikes	NOUN
spill	VERB
spills	VERB
spin	NOUN
spinach	NOUN
spinal	ADJ
spine	NOUN
spines	NOUN
spinoff	NOUN
spiral	ADJ,VERB
spiraled	VERB
spirit	NOUN
spirited	VERB
spirits	NOUN
spiritual	ADJ
spirituality	NOUN
spit	VERB
spite	NOUN
spitting	ADV
splash	NOUN,VERB
splashy	ADJ
splendour	NOUN
splish	VERB
split	ADJ,NOUN,VERB
splitter	NOUN
splitting	VERB
spoil	VERB
spoilage	NOUN
spoiled	ADJ
spoilers	NOUN
spoilt	VERB
spoke	VERB
spoken	VERB
spokesman	NOUN
spokesperson	NOUN
sponge	NOUN
sponoring	VERB
sponsered	VERB
sponsored	VERB
sponsoring	VERB
sponsors	VERB
sponsorship	NOUN
spooky	ADJ
spoon	NOUN
sporadic	ADJ
sporadically	ADV
spore	NOUN
spores	NOUN
sport	NOUN
sporting	VERB
sports	NOUN
spot	ADJ,ADV,NOUN,VERB
spotlight	NOUN,VERB
spotlighted	VERB
spots	NOUN
spotted	VERB
spouses	NOUN
spouting	VERB
sprang	VERB
sprawled	VERB
spray	NOUN,VERB
spraying	NOUN
sprays	NOUN
spread	NOUN,VERB
spreading	VERB
spreadsheet	NOUN
spree	NOUN
spring	NOUN
springer	PROPN
springs	NOUN
spruce	ADJ
spur	NOUN
spurned	VERB
spurred	VERB
spurs	NOUN
spurt	NOUN
spy	NOUN
spying	NOUN
sq	ADJ
squadrons	NOUN
square	ADJ,NOUN,PROPN
squared	VERB
squarely	ADV
squares	NOUN
squash	NOUN
squashed	VERB
squeaks	NOUN
squeaky	ADJ
squeeze	VERB
squeezed	VERB
squirelled	VERB
squirm	VERB
squish	NOUN,VERB
stabbed	VERB
stabilise	VERB
stability	NOUN
stabilization	NOUN
stabilize	VERB
stable	ADJ,NOUN
stables	NOUN
staccato	ADJ
stacked	VERB
stacks	NOUN
stadium	NOUN
stadiums	NOUN
staff	NOUN
staffed	VERB
staffs	NOUN
stage	NOUN,VERB
stages	NOUN
staggered	VERB
staggering	ADJ,VERB
stain	NOUN
staind	VERB
stained	VERB
stair	NOUN
staircase	NOUN
staircases	NOUN
stairs	NOUN
stakes	NOUN
stale	ADJ
stalemated	VERB
stall	NOUN,VERB
stalls	NOUN,VERB
stamina	NOUN
stamp	NOUN,VERB
stamped	VERB
stampede	NOUN
stampedes	NOUN
stamps	NOUN
stances	NOUN
stand	NOUN,VERB,X
stand-ins	NOUN
standard	ADJ,NOUN
standardized	VERB
standards	NOUN
standing	NOUN,VERB,X
standings	NOUN
standpoint	NOUN
stands	NOUN,VERB
standup	NOUN
stanza	NOUN
staple	NOUN
staples	NOUN
star	NOUN
starch	NOUN
starchy	ADJ
stardom	NOUN
stare	NOUN,VERB
staring	VERB
stark	ADJ
starred	VERB
starring	VERB
stars	NOUN,VERB
starship	PROPN
start	NOUN,VERB
started	VERB
starter	NOUN
starters	NOUN
starting	NOUN,VERB
startling	ADJ
starts	NOUN,VERB
startup	NOUN
starvation	NOUN
starve	VERB
starved	VERB
starving	VERB
state	NOUN,VERB
stated	VERB
stategy	NOUN
statehood	NOUN
stateless	ADJ
stately	ADJ
statement	NOUN
statements	NOUN
states	NOUN,PROPN,VERB
statewide	ADJ
static	NOUN
stating	VERB
station	NOUN
stationed	VERB
stationery	NOUN
stations	NOUN
statistic	NOUN
statistical	ADJ
statistically	ADV
statistics	NOUN
statue	NOUN
statues	NOUN
statuette	NOUN
stature	NOUN
status	NOUN
statute	NOUN
statutes	NOUN
statutory	ADJ
staunch	ADJ
stay	NOUN,VERB
stayed	VERB
staying	VERB
stays	NOUN,VERB
steadfast	ADJ
steadily	ADV
steady	ADJ
steak	NOUN
steaks	NOUN
steal	VERB
stealing	VERB
steals	VERB
stealthy	ADJ
steam	NOUN
steamed	VERB
steel	NOUN
steep	VERB
steer	NOUN,VERB
steering	NOUN
steers	NOUN
stellar	ADJ
stem	NOUN,VERB
stemmed	VERB
stems	VERB
stenosis	NOUN
step	NOUN,VERB
stepped	VERB
steppers	NOUN
stepping	VERB
steps	NOUN
stereo	NOUN
stereotype	NOUN
sterile	ADJ
sternly	ADV
steward	NOUN
stewardship	NOUN
stick	NOUN,VERB
sticker	NOUN
stickhandle	VERB
sticking	VERB
sticks	NOUN,VERB
stifle	NOUN,VERB
stifled	VERB
stigma	NOUN
stil	ADV
still	ADJ,ADV
stilted	ADJ
stimulate	VERB
stimulating	VERB
stimuli	NOUN
stinging	VERB
stink	VERB
stint	NOUN
stipend	NOUN
stipes	NOUN
stipulation	NOUN
stir	VERB
stirred	VERB
stirrups	NOUN
stoats	NOUN
stock	NOUN,VERB
stockholders	NOUN
stockpiles	NOUN
stocks	NOUN
stole	VERB
stolen	ADJ,VERB
stomach	NOUN
stomachs	NOUN
stone	NOUN
stones	NOUN
stonework	NOUN
stoning	NOUN
stony	ADJ
stood	VERB
stooge	NOUN
stooges	NOUN
stop	NOUN,VERB
stopped	VERB
stopping	VERB
stops	NOUN,VERB
storage	NOUN
store	NOUN,VERB
stored	VERB
storefront	NOUN
storefronts	NOUN
stores	NOUN
stories	NOUN
storing	VERB
storm	NOUN,VERB
storms	NOUN
stormy	ADJ
story	NOUN
storytime	NOUN
storyworld	NOUN
stouter	ADJ
stove	NOUN
stowed	VERB
straight	ADJ,ADV
straightened	VERB
straightforward	ADJ
strain	NOUN,VERB
strait	NOUN
stranded	VERB
strange	ADJ
stranger	NOUN
strangled	VERB
straps	NOUN
strategic	ADJ
strategically	ADV
strategies	NOUN
strategy	NOUN
stratosphere	NOUN
straw	NOUN
strawberries	NOUN
strawberry	NOUN
straws	NOUN
stray	ADJ
strayed	VERB
streak	NOUN
streaks	NOUN
stream	NOUN,VERB
streamed	VERB
streaming	VERB
streamline	VERB
streamlined	VERB
streams	NOUN
streamside	ADJ,NOUN
street	NOUN,PROPN
streets	NOUN
strength	NOUN
strengthen	VERB
strengthened	VERB
strengthening	NOUN,VERB
strengths	NOUN
strenuous	ADJ
stress	NOUN,VERB
stressed	VERB
stressful	ADJ
stretch	NOUN,VERB
stretched	VERB
stretching	VERB
stretchy	ADJ
stricken	ADJ
strict	ADJ
strictly	ADV
stride	NOUN
strife	NOUN
strike	NOUN,VERB
strikes	NOUN
striking	ADJ,VERB
strikingly	ADV
string	NOUN
stringing	VERB
strings	NOUN
strip	VERB
stripe	NOUN
stripes	NOUN
strippers	NOUN
strips	VERB
strive	VERB
striving	NOUN
strobe	NOUN
stroke	NOUN
stroll	NOUN,VERB
strolling	VERB
strong	ADJ
stronger	ADJ,ADV
strongest	ADJ
stronghold	NOUN
strongly	ADV
struck	VERB
structural	ADJ
structurally	ADV
structure	NOUN,VERB
structured	VERB
structures	NOUN
structuring	NOUN
struggle	NOUN,VERB
struggled	VERB
struggles	NOUN
struggling	VERB
strut	VERB
stub	NOUN
stubborn	ADJ
stuck	ADJ,VERB
student	NOUN
students	NOUN
studied	VERB
studies	NOUN,VERB
studio	NOUN
studios	NOUN
study	NOUN,VERB
studying	VERB
studymate	NOUN
stuff	NOUN
stuffed	VERB
stuffs	NOUN
stumble	VERB
stumbled	VERB
stumping	VERB
stumps	NOUN
stunk	VERB
stunning	ADJ,VERB
stupid	ADJ
stupidity	NOUN
sturdy	NOUN
stuttering	VERB
style	NOUN,VERB
styled	VERB
styler	NOUN
stylers	NOUN
styles	NOUN
styling	NOUN
stylist	NOUN
stylistic	ADJ
stylists	NOUN
styrofoam	NOUN
sub	ADV
sub-Saharan	ADJ
sub-categories	NOUN
sub-division	NOUN
sub-par	ADJ
subcommission	NOUN
subcommittee	NOUN
subconsciously	ADV
subcontinent	NOUN
subcontractor	NOUN
subdivide	VERB
subdomains	NOUN
subdue	VERB
subdued	ADJ
subduing	VERB
subject	ADJ,NOUN
subjected	VERB
subjective	ADJ
subjects	NOUN
sublime	ADJ
submarine	NOUN
submarines	NOUN
submerged	VERB
submersion	NOUN
submicron	NOUN
submission	NOUN
submit	VERB
submits	VERB
submitted	VERB
submitting	VERB
subpar	ADJ
subparagraph	NOUN
subpoenas	NOUN
subscribe	VERB
subscribed	VERB
subscribers	NOUN
subsection	NOUN
subsequent	ADJ
subsequently	ADV
subsides	VERB
subsidiary	NOUN
subsidies	NOUN
substance	NOUN
substances	NOUN
substantial	ADJ
substantially	ADV
substantiating	VERB
substantiation	NOUN
substantive	ADJ
substitute	NOUN
substituted	VERB
substitutes	NOUN
substrate	NOUN
subsume	VERB
subterfuge	NOUN
subtitle	NOUN
subtle	ADJ
subtlety	NOUN
subtract	VERB
suburb	NOUN
suburban	ADJ
suburbs	NOUN
subway	NOUN
succeed	VERB
succeeded	VERB
succeeding	VERB
success	NOUN
successes	NOUN
successful	ADJ
successfully	ADJ,ADV
succession	NOUN
successive	ADJ
successively	ADV
successor	NOUN
successors	NOUN
succinctly	ADV
succint	ADJ
succintly	ADV
succulent	ADJ
succumbed	VERB
succumbing	VERB
such	ADJ,DET
suck	VERB
sucked	VERB
sucks	VERB
sudden	ADJ,ADV
suddenly	ADV
sued	VERB
suffer	VERB
suffered	VERB
sufferer	NOUN
suffering	NOUN,VERB
suffers	VERB
sufficiency	NOUN
sufficient	ADJ
sufficiently	ADV
suffix	NOUN
suffocate	VERB
suffrage	NOUN
sugar	NOUN
suggest	VERB
suggested	VERB
suggesting	VERB
suggestion	NOUN
suggestions	NOUN
suggests	VERB
suicide	NOUN
suit	NOUN,VERB
suitable	ADJ
suitcase	NOUN
suitcases	NOUN
suite	NOUN
suited	ADJ
suites	NOUN
suits	VERB
sulfur	NOUN
sulphuric	ADJ
sum	NOUN,VERB
summa	X
summaries	NOUN
summarily	ADV
summarised	VERB
summarized	VERB
summary	NOUN
summer	NOUN
summers	NOUN
summertime	NOUN
summit	NOUN
summons	NOUN
sumo	NOUN
sump	NOUN
sums	NOUN
sun	NOUN
sunbathing	NOUN
sunburn	NOUN
sundaes	NOUN
sunday	PROPN
sunglasses	NOUN
sunk	VERB
sunlight	NOUN
sunny	ADJ
sunrise	NOUN
sunroom	NOUN
sunscreen	NOUN
sunset	NOUN
sunshield	NOUN
sunshine	NOUN
super	ADV
super-human	ADJ
superb	ADJ
superbly	ADV
supercuts	PROPN
superficial	ADJ
superhero	NOUN
superintendant	NOUN
superior	ADJ
superiority	NOUN
superiors	NOUN
supermarkets	NOUN
superpower	NOUN
superseding	VERB
supersonic	ADJ
supervised	VERB
supervision	NOUN
supervisor	NOUN
supplement	NOUN,VERB
supplements	VERB
supplied	VERB
supplier	NOUN
suppliers	NOUN
supplies	NOUN,VERB
supply	NOUN,VERB
support	NOUN,VERB
supported	VERB
supporter	NOUN
supporters	NOUN
supporting	VERB
supportive	ADJ
supports	VERB
suppose	VERB
supposed	VERB
supposedly	ADV
supposing	VERB
supposition	NOUN
suppressed	VERB
suppressive	ADJ
supremacy	NOUN
suprematist	NOUN
supreme	ADJ
sur	PROPN
sure	ADJ,ADV
surely	ADV
surest	ADJ
surface	NOUN
surfaced	VERB
surfing	NOUN
surge	NOUN,VERB
surgeon	NOUN
surgeons	NOUN
surgeries	NOUN
surgery	NOUN
surgical	ADJ
surgically	ADV
surley	ADJ
surname	NOUN
surounded	VERB
surpassed	VERB
surpassing	VERB
surplus	NOUN
surpluses	NOUN
surprise	NOUN,VERB
surprised	ADJ,VERB
surprises	NOUN
surprising	ADJ
surprisingly	ADV
surrender	NOUN,VERB
surrendered	VERB
surround	VERB
surrounded	VERB
surrounding	VERB
surroundings	NOUN
surrounds	VERB
surv	VERB
surveillance	NOUN
survey	NOUN
surveyed	VERB
surveys	NOUN
survival	NOUN
survive	VERB
survived	VERB
surviving	VERB
survivor	NOUN
survivors	NOUN
sus	ADJ
sushi	NOUN
suspect	ADJ,NOUN,VERB
suspected	VERB
suspects	VERB
suspended	VERB
suspense	NOUN
suspension	NOUN
suspicion	NOUN
suspicious	ADJ
sussex	NOUN
sustain	VERB
sustainable	ADJ
sustained	ADJ
sustains	VERB
sustenance	NOUN
svce	NOUN
swallowing	VERB
swallows	NOUN
swamped	VERB
swap	NOUN
swapped	VERB
swaps	NOUN
swatch	VERB
sway	VERB
swear	VERB
sweared	VERB
swearing	NOUN,VERB
sweat	NOUN,VERB
sweated	VERB
sweater	NOUN
sweatshirts	NOUN
sweep	NOUN
sweeper	NOUN
sweeping	ADJ
sweet	ADJ
sweets	NOUN
sweety	NOUN
swell	ADJ
swept	VERB
swiffer	PROPN
swift	ADJ
swiftly	ADV
swim	VERB
swimming	NOUN,VERB
swing	NOUN,VERB
swinging	VERB
swings	NOUN
swirling	VERB
swirls	VERB
switch	NOUN,VERB
switched	VERB
switching	VERB
swivels	VERB
swollen	ADJ
swords	NOUN
sworn	VERB
swung	VERB
symbiosis	NOUN
symbol	NOUN
symbolic	ADJ
symbolism	NOUN
symbolized	VERB
symbolizes	VERB
symbols	NOUN
symmetry	NOUN
sympathetic	ADJ
sympathize	VERB
sympathizer	NOUN
sympathizers	NOUN
sympathy	NOUN
symptom	NOUN
symptomatic	ADJ
symptoms	NOUN
synch	NOUN
synodis	PROPN
syntactic	ADJ
syntax	NOUN
syntheses	NOUN
synthesis	NOUN
synthetic	ADJ
system	NOUN
systematic	ADJ
systematically	ADV
systemic	ADJ
systems	NOUN
système	PROPN
t	NOUN,NUM,PRON,X
t-	INTJ
t.	ADP
t...@sonic.net	PROPN
t3i	NOUN,PROPN
ta	ADP,PART
ta'	INTJ
tab	NOUN
table	NOUN
tables	NOUN
tablet	NOUN
tabletop	NOUN
tablets	NOUN
tabs	NOUN
tackle	VERB
tackling	VERB
tacky	ADJ
tacos	NOUN
tactic	NOUN
tactical	ADJ
tactics	NOUN
tag	NOUN
tai	PROPN
tail	NOUN
tailor	VERB
tails	NOUN
take	NOUN,VERB
taken	VERB
takeover	NOUN
takers	NOUN
takes	VERB
taking	NOUN,VERB
tale	NOUN
talent	NOUN
talented	ADJ
talents	NOUN
tales	NOUN
talk	NOUN,VERB
talked	VERB
talkie	NOUN
talking	NOUN,VERB
talks	NOUN,VERB
talkshow	NOUN
tall	ADJ
taller	ADJ
tame	ADJ,VERB
tamed	VERB
tandem	NOUN
tangible	ADJ
tanins	NOUN
tank	NOUN
tanker	NOUN
tankers	NOUN
tankmates	NOUN
tanks	NOUN
tanning	NOUN
taonga	X
tap	NOUN,VERB
tape	NOUN
tapering	VERB
target	NOUN,VERB
targeted	VERB
targeting	VERB
targets	NOUN
targetting	VERB
tariff	NOUN
tarjeta	X
tarpaulin	NOUN
tart	ADJ
task	NOUN
tasked	VERB
tasking	NOUN
tasks	NOUN
taste	NOUN,VERB
tasted	VERB
tasteful	ADJ
tasteless	ADJ
tastes	VERB
tastical	ADJ
tasting	NOUN,VERB
tastings	NOUN
tasty	ADJ
tat	PROPN
tattoo	NOUN
tattoos	NOUN
taught	VERB
taut	ADJ
tavern	NOUN
tax	NOUN,VERB
taxed	VERB
taxes	NOUN
taxi	NOUN,VERB
taxpayers	NOUN
te	DET
tea	NOUN
teach	VERB
teacher	NOUN
teachers	NOUN
teaches	VERB
teaching	NOUN,VERB
teachings	NOUN
team	ADJ,NOUN
teammate	NOUN
teams	NOUN
tear	NOUN,VERB
tearful	ADJ
tearing	VERB
tears	NOUN
tease	VERB
tech	NOUN
technical	ADJ
technically	ADV
technician	NOUN
technique	NOUN
techniques	NOUN
technological	ADJ
technologically	ADV
technologies	NOUN
technology	NOUN
tedious	ADJ
tee	ADJ
teen	ADJ,NOUN
teenage	ADJ
teenager	NOUN
teenagers	NOUN
teens	NOUN
tees	NOUN
teeth	NOUN
teething	VERB
teh	DET
tel	NOUN
tele	NOUN
telecommunications	NOUN
telegram	NOUN
telegraph	NOUN
telegraphic	ADJ
telephone	NOUN
telephones	NOUN
telephony	NOUN
telescope	NOUN
televised	VERB
television	NOUN
televisions	NOUN
tell	VERB
telling	NOUN,VERB
tells	VERB
temp	NOUN
temper	NOUN
temperance	NOUN
temperate	ADJ
temperature	NOUN
temperatures	NOUN
tempered	VERB
temperment	NOUN
tempers	NOUN
tempest	NOUN
temple	NOUN
temples	NOUN
temporal	ADJ
temporarily	ADV
temporary	ADJ
temptation	NOUN
temptations	NOUN
tempted	VERB
tempting	ADJ
tempura	NOUN
ten	NUM
tenants	NOUN
tend	VERB
tended	VERB
tendencies	NOUN
tendency	NOUN
tending	VERB
tendons	NOUN
tends	VERB
tenet	NOUN
tennis	NOUN
tens	NOUN
tension	NOUN
tensions	NOUN
tent	NOUN
tentative	ADJ
tenth	NOUN
tenure	NOUN
term	NOUN
terminate	VERB
terminated	VERB
termination	NOUN
terminology	NOUN
terms	NOUN
terrain	NOUN
terrent	X
terrible	ADJ
terribly	ADV
terrific	ADJ
terrifying	ADJ
territorial	ADJ
territories	NOUN
territory	NOUN
terror	NOUN
terrorism	NOUN
terrorist	ADJ,NOUN
terrorists	NOUN
terrors	NOUN
test	NOUN,VERB
testament	NOUN
tested	VERB
testified	VERB
testify	VERB
testifying	VERB
testimony	NOUN
testing	NOUN,PROPN,VERB
testosterone	NOUN
tests	NOUN,VERB
tethered	VERB
text	NOUN,VERB
textbook	NOUN
textile	NOUN
texting	NOUN
texts	NOUN
texture	NOUN
textures	NOUN
th	SCONJ
th-	INTJ
thailand	PROPN
thaks	NOUN
than	ADP,ADV,SCONJ
thank	VERB
thanked	VERB
thankful	ADJ
thankfully	ADV
thanking	VERB
thanks	NOUN
thanx	NOUN
that	ADP,ADV,DET,PRON,SCONJ
thawed	NOUN,VERB
the	ADP,DET,PART,PRON,X
theater	NOUN
theaters	NOUN
theatre	NOUN
theatres	NOUN
theatrical	ADJ
theeth	NOUN
theft	NOUN
thei	PRON
their	ADV,PRON
theirs	PRON
them	ADV,PRON
thematic	ADJ
thematically	ADV
theme	NOUN
themed	ADJ
themes	NOUN
themselves	PRON
then	ADP,ADV,DET,PRON,SCONJ
theocratic	ADJ
theologian	NOUN
theological	ADJ
theology	NOUN
theoretical	ADJ
theoretically	ADV
theories	NOUN
theorized	VERB
theory	NOUN
ther	DET
theraphy	NOUN
therapies	NOUN
therapist	NOUN
therapy	NOUN
there	ADV,PRON
thereafter	ADV
thereby	ADV
therefore	ADV
thermal	ADJ
thermometer	NOUN
theropod	NOUN
theropods	NOUN
thes	DET
these	DET,PRON
thesis	NOUN
theta	NOUN
they	PRON
they're	PRON
thi	INTJ
thick	ADJ
thicker	ADJ
thickness	NOUN
thief	NOUN
thierry.poibeau@ens.fr	PROPN
thievery	NOUN
thieves	NOUN
thigh	NOUN
thin	ADJ
thing	NOUN
things	NOUN
thingy	NOUN
think	NOUN,VERB
think-	VERB
thinker	NOUN
thinking	NOUN,VERB
thinks	VERB
thinned	VERB
thinner	ADJ
thinnest	ADJ
thinset	NOUN
thir	INTJ
third	ADJ,ADV,NOUN
thirds	NOUN
thirst	NOUN
thirteenth	ADJ
thirty	NUM
this	ADV,DET,NOUN,PRON
tho	SCONJ
thorny	ADJ
thorough	ADJ
thoroughly	ADV
those	DET,PRON
thou-	INTJ
though	ADP,ADV,SCONJ
thought	NOUN,VERB
thoughts	NOUN
thouhgt	VERB
thousand	NUM
thousands	NOUN
thrashed	VERB
thread	NOUN
threads	NOUN
threat	NOUN
threaten	VERB
threatened	NOUN,VERB
threatening	ADJ,VERB
threatens	VERB
threats	NOUN
three	NUM,X
three–day	ADJ
threshold	NOUN
thresholds	NOUN
threw	VERB
thrifty	ADJ
thrilled	ADJ,VERB
thriller	NOUN
thrive	VERB
thrives	VERB
thriving	ADJ
throat	NOUN
throats	NOUN
throes	NOUN
through	ADJ,ADP,ADV,SCONJ,VERB
throughout	ADP
throw	VERB
throwing	VERB
thrown	VERB
throws	VERB
thru	ADP
thugs	NOUN
thumb	NOUN
thumbs	NOUN
thumpstar	PROPN
thursday	PROPN
thus	ADV
thwart	VERB
thwarted	VERB
thx	NOUN
thy	PRON
thyroid	NOUN
ti	PRON
tibia	NOUN
tick	VERB
ticket	NOUN
tickets	NOUN
tickled	VERB
ticks	VERB
tidbit	NOUN
tide	NOUN
tides	NOUN
tie	NOUN,VERB
tied	ADJ,VERB
ties	NOUN
tight	ADJ,ADV
tighten	VERB
tighter	ADJ
tights	NOUN
til	ADP,SCONJ
tile	NOUN
tiles	NOUN
tiling	NOUN
till	ADP,SCONJ,VERB
tilt	ADV
timber	NOUN
time	NOUN,X
timeframe	NOUN
timeframes	NOUN
timely	ADJ
timer	NOUN
times	NOUN
timetable	NOUN
timid	ADJ
timing	NOUN
timings	NOUN
tin	NOUN
ting	PROPN
tints	NOUN,PROPN
tiny	ADJ
tip	NOUN
tips	NOUN
tire	NOUN
tired	ADJ,ADV
tires	NOUN
tiring	ADJ
tissue	NOUN
tissues	NOUN
titer	NOUN
title	NOUN
titled	VERB
titles	NOUN
titts	NOUN
tks	NOUN
tmesis	X
to	ADP,ADV,DET,NOUN,PART,SCONJ,VERB,X
to's	NOUN
to-	INTJ
toast	NOUN
toda	NOUN
today	NOUN
toddler	NOUN
toe	NOUN
toenail	NOUN
toes	NOUN
tofu	NOUN
together	ADJ,ADP,ADV,X
toi	X
toilet	NOUN
toiletries	NOUN
toilets	NOUN
told	VERB
tolerable	ADJ
tolerance	NOUN
tolerant	ADJ
tolerate	VERB
tolerating	VERB
toll	NOUN
tolls	NOUN
tomato	NOUN
tomatoes	NOUN
tomatos	NOUN
tomb	NOUN
tombstone	NOUN
tome	NOUN
tommorow	NOUN
tomorrow	NOUN
ton	NOUN
tone	NOUN
toned	VERB
tong	PROPN
tongue	NOUN
tongues	NOUN
tonight	NOUN
tonnage	NOUN
tonne	NOUN
tonnes	NOUN
tons	NOUN
too	ADP,ADV,PART
took	VERB
tool	NOUN
tooling	NOUN
tools	NOUN
tooth	NOUN
toothache	NOUN
top	ADJ,NOUN,VERB
topic	NOUN,PROPN
topical	ADJ
topics	NOUN
topline	NOUN
topographic	ADJ
topological	ADJ
topped	VERB
topple	VERB
tops	NOUN
torch	NOUN
tormented	VERB
torn	VERB
torrance	PROPN
torsional	ADJ
torso	NOUN
tortilla	NOUN
torture	NOUN
torturing	VERB
toss	NOUN,VERB
tossed	VERB
tosses	VERB
total	ADJ,NOUN
totaling	VERB
totalitarian	ADJ
totalling	VERB
totally	ADV
totes	NOUN
touch	NOUN,VERB
touch-ups	NOUN
touched	VERB
touches	NOUN,VERB
touching	VERB
touchstones	NOUN
tough	ADJ
tour	NOUN,VERB
toured	VERB
tourism	NOUN
tourist	NOUN
touristic	ADJ
tourists	NOUN
touristy	ADJ
tournament	NOUN
tours	NOUN
tout	X
touted	VERB
touting	VERB
touts	VERB
tow	NOUN
toward	ADP,SCONJ
towards	ADP,SCONJ
towed	VERB
towel	NOUN
towels	NOUN
tower	NOUN
towering	VERB
towing	NOUN
town	NOUN,PROPN
townhouse	NOUN
towns	NOUN
township	NOUN
toxic	ADJ
toxins	NOUN
toy	NOUN
toying	VERB
toys	NOUN
traceable	ADJ
traced	VERB
traces	NOUN
track	NOUN,VERB
tracked	VERB
tracking	NOUN,VERB
trackless	ADJ
tracks	NOUN
tract	NOUN
tractor	NOUN
tracts	NOUN
trade	NOUN,VERB
traded	VERB
trademark	NOUN
trademarked	VERB
trademarking	NOUN
trademarks	NOUN,VERB
trader	NOUN
traders	NOUN
trades	NOUN,VERB
trading	NOUN,VERB
tradition	NOUN
traditional	ADJ
traditionally	ADV
traditions	NOUN
traffic	NOUN
traffickers	NOUN
trafficking	NOUN
tragedies	NOUN
tragedy	NOUN
tragic	ADJ
tragically	ADV
traightening	VERB
trail	NOUN
trailer	NOUN
trailers	NOUN
trailhead	NOUN
trailor	NOUN
trails	NOUN
train	NOUN,VERB
trainable	ADJ
trained	ADJ,VERB
trainer	NOUN
trainers	NOUN
training	NOUN,VERB
trains	NOUN,VERB
trait	NOUN
traitors	NOUN
traitress	NOUN
traits	NOUN
trajectory	NOUN
trampled	VERB
trams	NOUN
tranquilize	VERB
tranquillity	NOUN
transact	VERB
transaction	NOUN
transactional	ADJ
transactions	NOUN
transcend	VERB
transcendence	NOUN
transcendent	ADJ
transcriptome	NOUN
transcripts	NOUN
transfer	NOUN,VERB
transferability	NOUN
transferable	ADJ
transferred	VERB
transferring	VERB
transfers	NOUN
transform	VERB
transformation	NOUN
transformational	ADJ
transformations	NOUN
transformative	ADJ
transformed	VERB
transforming	VERB
transforms	VERB
transit	NOUN
transition	NOUN
transitional	ADJ
translate	VERB
translated	VERB
translates	VERB
translating	VERB
translation	NOUN
translations	NOUN
translator	NOUN
transmedia	NOUN
transmission	NOUN
transmit	VERB
transmitted	VERB
transnational	ADJ
transparency	NOUN
transparent	ADJ
transpired	VERB
transplants	NOUN
transport	NOUN,VERB
transportation	NOUN
transported	VERB
transporting	VERB
transports	VERB
trap	NOUN
trapped	VERB
trash	NOUN,VERB
trashed	VERB
trashy	ADJ
trauma	NOUN
traumas	NOUN
travel	NOUN,VERB
traveled	VERB
traveler	NOUN
travelers	NOUN
travelguides	NOUN
traveling	NOUN,VERB
travelled	VERB
travellers	NOUN
travelling	NOUN,VERB
travels	NOUN,VERB
tray	NOUN
tread	VERB
treasure	NOUN
treasurer	NOUN
treasures	NOUN
treat	ADJ,NOUN,VERB
treated	ADJ,VERB
treaties	NOUN
treating	VERB
treatise	NOUN
treatment	NOUN
treatments	NOUN
treats	NOUN,VERB
treaty	NOUN
tree	NOUN
trees	NOUN
trek	NOUN
tremble	VERB
tremendous	ADJ
tremendously	ADV
trend	NOUN
trends	NOUN
trendy	ADJ
trespass	NOUN
tress	NOUN
triage	NOUN
trial	NOUN
trials	NOUN
triangular	ADJ
tribal	ADJ
tribe	NOUN
tribes	NOUN
tributaries	NOUN
trick	NOUN
trickery	NOUN
trickle	NOUN,VERB
tricks	NOUN
tricky	ADJ
tried	VERB
tries	NOUN,VERB
trifurcation	NOUN
trigger	VERB
triggered	VERB
triggering	VERB
trillion	NUM
trillions	NOUN
trim	VERB
trimester	NOUN
trimmer	NOUN
trimmers	NOUN
trinity	NOUN
trios	NOUN
trip	NOUN
tripadvisor	PROPN
tripartite	ADJ
triple	ADJ
triplets	NOUN
tripped	VERB
trips	NOUN
triumph	NOUN
triumphs	NOUN
trivial	ADJ
triviality	NOUN
troop	NOUN
trooper	NOUN
troops	NOUN
tropical	ADJ
trot	NOUN,VERB
trotters	NOUN
trotting	VERB
trouble	NOUN
troubled	ADJ
troubles	NOUN
troublesome	ADJ
troubling	ADJ
trounced	VERB
troupe	NOUN
trousers	NOUN
trove	NOUN
truck	NOUN
true	ADJ
truely	ADV
truer	ADJ
truly	ADV
trumped	VERB
trunks	NOUN
trust	NOUN,VERB
trusted	ADJ,VERB
trustee	NOUN
trustworthy	ADJ
trusty	ADJ
truth	NOUN
truths	NOUN
try	INTJ,NOUN,VERB
tryed	VERB
trying	ADJ,VERB
tryst	NOUN
tsar	NOUN
tsunami	NOUN
tub	NOUN
tube	NOUN
tuberculosis	NOUN
tubes	NOUN
tuck	VERB
tug	NOUN
tulips	NOUN
tumor	NOUN
tuna	NOUN
tundra	NOUN
tuned	VERB
tuning	NOUN
tunnel	NOUN
tupperwear	NOUN
turbines	NOUN
turismo@merida.gob.mx	PROPN
turista	X
turkey	NOUN
turkistan	NOUN
turmoil	NOUN
turn	NOUN,VERB
turned	VERB
turning	NOUN,VERB
turnout	NOUN
turnover	NOUN
turns	NOUN,VERB
turtle	NOUN
tussock	NOUN
tutorial	NOUN
tv	NOUN,PROPN
twe-	INTJ
tweet	NOUN,VERB
tweeted	VERB
tweezers	NOUN
twelfth	ADJ
twelve	NOUN,NUM
twenties	NOUN
twentieth	ADJ
twenty	NUM
twice	ADV
twilight	NOUN
twin	NOUN
twine	NOUN
twines	NOUN
twinkies	NOUN
twist	NOUN,VERB
twisted	ADJ,VERB
twists	NOUN
two	NUM
twos	NOUN
ty	INTJ
tycoons	NOUN
tying	VERB
type	NOUN,VERB
types	NOUN
typical	ADJ
typically	ADV
typifies	VERB
typo	NOUN
typologies	NOUN
typology	NOUN
typos	NOUN
tyrants	NOUN
u	NOUN,PRON,X
u.k	PROPN
ubique	X
ubiquitousness	NOUN
ufc	PROPN
ugly	ADJ
uh	INTJ
uhh	INTJ
uhm	INTJ
uin	NOUN
uk	PROPN
ul	PROPN
ulterior	ADJ
ultimate	ADJ
ultimately	ADV
ultra	ADV
ultrasonic	ADJ
um	INTJ
umbilical	ADJ
umbrella	NOUN
umpire	NOUN
umpires	NOUN
un	PROPN
un-ruly	ADJ
unable	ADJ
unacceptable	ADJ
unadvisedly	ADV
unaffected	ADJ
unambiguous	ADJ
unambiguously	ADV
unanimous	ADJ
unanimously	ADV
unanticipated	ADJ
unapologetic	ADJ
unarguable	ADV
unattended	ADJ
unauthorized	ADJ
unavailable	ADJ
unavoidable	ADJ
unaware	ADJ
unawares	ADV
unbearable	ADJ
unbeatable	ADJ
unbeaten	ADJ
unbelievable	ADJ
uncertain	ADJ
uncertainty	NOUN
uncle	NOUN
unclear	ADJ
uncommitted	ADJ
uncommon	ADJ
unconcious	ADJ
unconnected	ADJ
unconscious	ADJ
unconsciously	ADV
unconsumables	NOUN
uncontaminated	ADJ
uncontrolled	ADJ
uncontroversial	ADJ
uncover	VERB
uncovered	VERB
uncredited	ADJ
uncricketlike	ADJ
uncrowded	ADJ
uncultured	ADJ
uncut	ADJ
unde$tood	VERB
undecided	ADJ
undeclared	ADJ
undemocratic	ADJ
undeniable	ADJ
under	ADJ,ADP,ADV,VERB
underage	ADJ
undercurrents	NOUN
underestimate	VERB
undergoing	VERB
undergraduate	ADJ,NOUN
undergraduates	NOUN
underground	ADJ,ADV,NOUN
underlying	ADJ,VERB
undermine	VERB
undermined	VERB
undermines	VERB
undermining	VERB
underneath	ADP,ADV
undernourishment	NOUN
underpinned	VERB
underpinning	VERB
underscore	VERB
undersecretary	NOUN
underselects	VERB
undersigned	ADJ
undersized	ADJ
understaffing	NOUN
understan-	VERB
understand	VERB
understandable	ADJ
understandably	ADV
understanding	ADJ,NOUN,VERB
understandings	NOUN
understands	VERB
understood	VERB
undersung	ADJ
undertake	VERB
undertaken	VERB
undertakes	VERB
undertakings	NOUN
undertook	VERB
undervalued	VERB
undervaluing	VERB
underway	ADJ
underwrite	VERB
undesirable	ADJ
undisclosed	ADJ
undiscovered	ADJ
undisputed	ADJ
undisputedly	ADV
undo	VERB
undocking	NOUN
undoubtedly	ADV
unearthed	VERB
uneasiness	NOUN
uneasy	ADJ
uneducated	ADJ
unemployable	ADJ
unemployed	ADJ
unemployment	NOUN
unending	ADJ
unequal	ADJ
unequally	ADV
unequipped	ADJ
unequivocal	ADJ
uneven	ADJ
unexercised	ADJ
unexpected	ADJ
unexpectedly	ADV
unexplored	ADJ
unfair	ADJ
unfaithful	ADJ
unfamiliar	ADJ
unfavorable	ADJ
unfavourable	ADJ
unfinished	ADJ
unfold	VERB
unfolded	VERB
unfolding	VERB
unfolds	VERB
unforgivable	ADJ
unfortunate	ADJ
unfortunately	ADV
unfreeze	VERB
unfriendly	ADJ
unfunny	ADJ
unhappily	ADV
unhappy	ADJ
unhealthy	ADJ
unheard	ADJ
unheeded	ADJ
unhunh	INTJ
uni	NOUN
uniform	ADJ,NOUN
uniformity	NOUN
uniforms	NOUN
unify	VERB
unilateral	ADJ
unilaterally	ADV
unilevel	NOUN
unimpeded	ADJ
unimportant	ADJ
uninhabited	ADJ
uninspired	ADJ
uninsured	ADJ
uninteresting	ADJ
uninterrupted	ADJ
union	NOUN
unique	ADJ
uniquely	ADV
unit	NOUN
unitary	ADJ
unite	VERB
united	ADJ,VERB
units	NOUN
unity	NOUN
universal	ADJ
universally	ADV
universals	NOUN
universe	NOUN
universities	NOUN
university	NOUN
unjustified	ADJ
unkind	ADJ
unknowledgeable	ADJ
unknown	ADJ
unknowns	NOUN
unlawful	ADJ
unlawfully	ADV
unless	SCONJ
unlike	ADP
unlikely	ADJ
unlimited	ADJ
unload	VERB
unloading	NOUN,VERB
unlocked	VERB
unmanned	ADJ
unmarried	ADJ
unmistakable	ADJ
unmolested	ADJ
unmuted	VERB
unnamed	ADJ
unnatural	ADJ
unneccesary	ADJ
unnecessarily	ADV
unnecessary	ADJ
uno	NOUN
unobstructed	ADJ
unofficial	ADJ
unorganized	ADJ
unorthodox	ADJ
unpacking	VERB
unpaid	ADJ
unpalatable	ADJ
unparalleled	ADJ
unpleasant	ADJ
unpleasantly	ADV
unpopular	ADJ
unprecedented	ADJ
unpredictable	ADJ
unpretentious	ADJ
unpriced	ADJ
unprocessed	ADJ
unprofessional	ADJ
unprofessionalism	NOUN
unprofitable	ADJ
unproven	ADJ
unquestionably	ADV
unquote	VERB
unravelling	VERB
unreachable	ADJ
unrealistic	ADJ
unreasonable	ADJ
unrecognizable	ADJ
unrelated	ADJ
unreliability	NOUN
unreliable	ADJ
unrepentant	ADJ
unresolved	ADJ
unresponsive	ADJ
unrestrained	ADJ
unruly	ADJ
unscreened	ADJ
unset	ADJ
unsettling	ADJ
unsociable	ADJ
unsolved	ADJ
unspeakably	ADV
unspecified	ADJ
unspoken	ADJ
unstable	ADJ
unsteady	ADJ
unsuccessful	ADJ
unsure	ADJ
unsurprising	ADJ
unsustainable	ADJ
untalented	ADJ
untamed	ADJ
unthinkable	ADJ
unthinking	ADJ
until	ADP,SCONJ
unto	ADP
untouchable	ADJ
untouched	ADJ
untrained	ADJ
untreated	ADJ
untrendiest	ADJ
untrue	ADJ
unturned	ADJ
unused	ADJ
unusual	ADJ
unveiled	VERB
unveiling	NOUN
unwanted	ADJ
unweaponized	ADJ
unwieldy	ADJ
unwillingness	NOUN
unwisely	ADV
unwitting	ADJ
unwittingly	ADV
unwooded	ADJ
unworthy	ADJ
unzipped	VERB
up	ADJ,ADP,ADV,NOUN,VERB
upbringing	NOUN
upcoming	ADJ
update	NOUN,VERB
updated	ADJ,VERB
updates	NOUN
updo	NOUN
upends	VERB
upgrade	NOUN
upheaval	NOUN
uphi-	ADJ
uphill	ADV
upholding	VERB
upholstered	VERB
upland	NOUN
upload	VERB
uploaded	VERB
uploads	VERB
upon	ADP,ADV,SCONJ
upper	ADJ
uppercasing	NOUN
upraised	VERB
upright	ADJ
uprising	NOUN
ups	NOUN
upscale	ADJ
upset	ADJ,VERB
upsetting	ADJ
upstage	VERB
upstairs	ADJ,ADV
upwards	ADV
ur	PRON
urban	ADJ
urethra	NOUN
urge	NOUN,VERB
urged	VERB
urgency	NOUN
urgent	ADJ
urgently	ADV
urges	NOUN
urging	NOUN,VERB
urinals	NOUN
urinary	ADJ
urination	NOUN
urine	NOUN
url	NOUN
us	PRON
usage	NOUN
usally	ADV
use	ADJ,NOUN,PRON,VERB
useability	NOUN
used	ADJ,VERB
useful	ADJ
usefulness	NOUN
useing	VERB
useless	ADJ
user	NOUN
users	NOUN
uses	NOUN,VERB
ushering	VERB
using	VERB
usual	ADJ
usually	ADV
utensils	NOUN
uterine	NOUN
utilise	VERB
utilising	VERB
utilitarianism	NOUN
utilities	NOUN
utility	NOUN
utilization	NOUN
utilize	VERB
utter	ADJ
utterance	NOUN
utterly	ADV
utters	VERB
v	ADP,AUX,NOUN
v-	INTJ
vacancy	NOUN
vacated	VERB
vacation	NOUN
vacationed	VERB
vacations	NOUN
vacature	NOUN
vaccine	NOUN
vaccines	NOUN
vacuous	ADJ
vacuum	NOUN
vague	ADJ
vaguely	ADV
vain	ADJ
valedictorians	NOUN
valet	NOUN
valiant	ADJ
valid	ADJ
validate	VERB
validity	NOUN
valley	NOUN
valuable	ADJ
valuation	NOUN
value	NOUN,VERB
valued	VERB
values	NOUN,VERB
valuing	VERB
valve	NOUN
van	NOUN
vanguard	PROPN
vanilla	ADJ,NOUN
vanish	VERB
vanished	VERB
vans	NOUN
vapor	NOUN
variability	NOUN
variable	ADJ
variables	NOUN
variant	NOUN
variants	NOUN
variation	NOUN
varie$	VERB
varied	ADJ,VERB
varies	VERB
varietal	NOUN
varieties	NOUN
variety	NOUN
various	ADJ
vary	VERB
varying	VERB
vast	ADJ
vastly	ADV
vastness	NOUN
vaulted	VERB
vaunted	ADJ
ve	AUX
veg	NOUN
vegan	ADJ,NOUN
vegetable	NOUN
vegetables	NOUN
vegetarian	ADJ,NOUN
vegetarians	NOUN
vegetation	NOUN
veggie	NOUN
veggies	NOUN
vehemently	ADV
vehicle	NOUN
vehicles	NOUN
veils	NOUN
velocity	NOUN
venality	NOUN
vendor	NOUN
vendors	NOUN
vengeance	NOUN
vent	NOUN
vented	VERB
ventilated	VERB
ventilation	NOUN
ventilator	NOUN
venture	NOUN,VERB
ventured	VERB
ventures	NOUN
venturing	VERB
venue	NOUN
venues	NOUN
vera	NOUN
verb	NOUN
verbal	ADJ
verbally	ADV
verbs	NOUN
verde	NOUN
verdict	NOUN
verge	NOUN
verification	NOUN
verified	VERB
verifies	VERB
verify	VERB
veritable	ADJ
versa	ADV
version	NOUN
versions	NOUN
versus	ADP
vertical	ADJ
verticalization	NOUN
vertically	ADV
very	ADJ,ADV,VERB
vessel	NOUN
vessels	NOUN
vested	ADJ
vests	NOUN
vet	NOUN
veteran	ADJ,NOUN
veterans	NOUN,PROPN
veterinarian	NOUN
veto	NOUN,VERB
vets	NOUN
vexation	NOUN
via	ADP
viability	NOUN
viable	ADJ
vial	NOUN
vibe	NOUN
vibrant	ADJ
vibrating	VERB
vice	ADV,NOUN
vice-president	NOUN
vicious	ADJ
victim	NOUN
victims	NOUN
victories	NOUN
victory	NOUN
video	NOUN
videoconference	NOUN
videos	NOUN
videotape	NOUN
view	NOUN,VERB
viewed	VERB
viewer	NOUN
viewers	NOUN
viewership	NOUN
viewing	NOUN,VERB
viewpoints	NOUN
views	NOUN,VERB
vigilant	ADJ
vigor	NOUN
vigorous	ADJ
vigorously	ADV
village	NOUN
villages	NOUN
villas	NOUN
vindication	NOUN
vinegar	NOUN
vingt	X
vintage	NOUN
vintaged	VERB
violate	VERB
violated	VERB
violates	VERB
violating	VERB
violation	NOUN
violations	NOUN
violators	NOUN
violence	NOUN
violent	ADJ
violently	ADV
viral	ADJ
virginia	PROPN
virile	ADJ
virility	NOUN
virtual	ADJ
virtually	ADV
virtue	NOUN
virtues	NOUN
virtuoso	ADJ
virtuous	ADJ
virulent	ADJ
virus	NOUN
viruses	NOUN
visa	ADV,NOUN,X
visas	NOUN
visibility	NOUN
visible	ADJ
vision	NOUN
visit	NOUN,VERB
visited	VERB
visiting	VERB
visitor	NOUN
visitors	NOUN
visits	NOUN,VERB
visual	ADJ
visualisations	NOUN
visualization	NOUN
visualizations	NOUN
visually	ADV
vital	ADJ
vitalized	VERB
vitamin	NOUN
vitamins	NOUN
vivid	ADJ
vlog	NOUN,VERB
vlogger	NOUN
vlogs	NOUN
vocabulary	NOUN
vocal	ADJ
vocalist	NOUN
vocals	NOUN
vodka	NOUN
voice	NOUN,PROPN,VERB
voiced	VERB
voicemail	NOUN
voices	NOUN
voicing	VERB
void	ADJ,NOUN
voided	VERB
voir	X
vol.	NOUN
volatilities	NOUN
volcanic	ADJ
volcano	NOUN
volley	NOUN
vols	NOUN
volume	NOUN
volumes	NOUN
voluntarily	ADV
voluntariness	NOUN
voluntary	ADJ
volunteer	NOUN,VERB
volunteered	VERB
volunteering	NOUN
volunteers	NOUN
vomit	VERB
vomited	VERB
vomiting	VERB
vote	NOUN,VERB
voted	VERB
voters	NOUN
votes	NOUN
voting	NOUN
vowed	VERB
vs	ADP
vs.	ADP
vulnerabilities	NOUN
vulnerability	NOUN
vulnerable	ADJ
vying	VERB
w	ADP
w-	INTJ
w/	ADP
w/o	ADP
w/out	SCONJ
w[oul]d	AUX
wa	NOUN
wa-	INTJ
waaaaaaaaaaaaay	ADV
wading	NOUN
waffle	NOUN
wage	NOUN
wager	NOUN
wages	NOUN
wagging	VERB
wagin	VERB
waging	VERB
wagon	NOUN
waht	PRON
wai	NOUN,VERB
wai'd	VERB
waiing	VERB
waist	NOUN
wait	NOUN,VERB
waited	VERB
waiter	NOUN
waiters	NOUN
waiting	NOUN,VERB
waitress	NOUN
waitresses	NOUN
waits	VERB
waitstaff	NOUN
waive	VERB
waiver	NOUN
wake	NOUN,VERB
waked	VERB
wakes	VERB
waking	VERB
wal	PROPN
walk	NOUN,VERB
walkable	ADJ
walked	VERB
walkie	NOUN
walkin	VERB
walking	NOUN,VERB
walks	PROPN,VERB
walkway	NOUN
wall	NOUN
wallet	NOUN
walls	NOUN
walnut	NOUN,PROPN
wan	VERB
wand	NOUN
wander	VERB
wandered	VERB
wandering	VERB
wands	NOUN
waned	VERB
wang	NOUN
wangs	NOUN
waning	VERB
want	NOUN,VERB
wanted	VERB
wanting	VERB
wantons	NOUN
wants	VERB
war	NOUN,PROPN
ward	NOUN,VERB
warehouse	NOUN
warfare	NOUN
warlord	NOUN
warlords	NOUN
warm	ADJ,NOUN,VERB
warmed	VERB
warmer	ADJ
warming	NOUN,VERB
warmly	ADV
warmonger	NOUN
warms	VERB
warmth	NOUN
warn	VERB
warned	VERB
warning	NOUN
warp	VERB
warped	VERB
warping	NOUN
warps	VERB
warrant	VERB
warranted	VERB
warranties	NOUN
warrants	VERB
warranty	NOUN
warrenty	NOUN
warrior	NOUN
wars	NOUN
warship	NOUN
wartime	NOUN
wary	ADJ
was	AUX,VERB
wase	AUX
wash	NOUN,VERB
washed	VERB
washer	NOUN
washes	NOUN
washing	NOUN,VERB
wasp	NOUN
waste	NOUN,VERB
wasted	VERB
wastes	NOUN
wasting	VERB
watch	NOUN,VERB
watched	VERB
watchers	NOUN
watchful	ADJ
watching	VERB
water	NOUN
waterfall	NOUN
waterfalls	NOUN
waterfront	NOUN
watering	VERB
watermelon	NOUN
waterproof	ADJ
waters	NOUN
watery	ADJ
wats	NOUN
watt	NOUN
wave	NOUN,VERB
wavelength	NOUN
wavenumber	NOUN
waves	NOUN
waving	NOUN,VERB
wavy	ADJ
wax	NOUN
way	ADV,NOUN,X
ways	NOUN
we	AUX,NOUN,PRON
weak	ADJ
weaken	VERB
weakened	VERB
weakening	VERB
weaker	ADJ
weakest	ADJ
weaknesses	NOUN
wealth	NOUN
wealthy	ADJ
weapon	NOUN
weaponize	VERB
weapons	NOUN
wear	NOUN,VERB
wearies	VERB
wearing	VERB
wears	VERB
weary	ADJ
weather	NOUN,VERB
weathered	VERB
weave	VERB
web	NOUN,PROPN
webcomic	NOUN
webpage	NOUN
website	NOUN
websites	NOUN
wed	VERB
wedding	NOUN
wedges	NOUN
wee	ADJ
weeds	NOUN
week	NOUN
weekday	NOUN
weekend	NOUN
weekends	NOUN
weekly	ADJ,ADV
weeks	NOUN
weeping	NOUN,VERB
weigh	VERB
weighed	VERB
weight	NOUN
weights	NOUN
weird	ADJ
weirder	ADJ
weirdness	NOUN
weirdo	NOUN
wel	INTJ
welch	PROPN
welcome	ADJ,INTJ,VERB
welcomed	VERB
welcomes	VERB
welcoming	ADJ,VERB
welfare	NOUN
well	ADJ,ADV,INTJ,NOUN
wells	NOUN
went	VERB
were	ADV,AUX,VERB,X
werewolf	PROPN
west	ADJ,ADV,NOUN,PROPN
western	ADJ
wet	ADJ,VERB
wether	SCONJ
wetter	ADJ
whack	VERB
whale	NOUN
wharf	NOUN
whasssup	INTJ
what	DET,PRON,VERB
whatever	DET,PRON
whatnot	NOUN
whatsoever	ADV
wheat	NOUN
wheel	NOUN
wheelchair	NOUN
wheelchairs	NOUN
wheeler	NOUN
wheels	NOUN
whelmed	ADJ
when	ADV
whenever	ADV
where	ADV,AUX,NOUN,VERB,X
where-ever	ADV
whereabouts	NOUN
whereas	SCONJ
whereby	ADV
wherein	ADV
whereupon	ADV
wherever	ADV
whether	CCONJ,SCONJ
whhich	PRON
which	DET,PRON
whil	SCONJ
while	NOUN,SCONJ
whilst	SCONJ
whim	NOUN
whipped	VERB
whir	VERB
whistle	VERB
whistleblowing	NOUN
white	ADJ,NOUN
whiteboard	NOUN
whitehouse.gov	PROPN
whiting	NOUN
whitish	ADJ
whittle	VERB
who	PRON
who's	PRON
whoa	INTJ
whoever	PRON
whole	ADJ,ADV,NOUN
wholeheartedly	ADV
wholesale	ADJ
wholesome	ADJ
wholly	ADV
whom	PRON
whomever	PRON
whoo-hoo	INTJ
whoooooo	PRON
whoopsie	NOUN
whore	NOUN
whose	PRON
wht	PRON
why	ADV
wickets	NOUN
wide	ADJ,ADV
widely	ADV
widen	VERB
wider	ADJ,ADV
widespread	ADJ
widest	ADJ
widgets	NOUN
width	NOUN
wield	VERB
wielding	VERB
wields	VERB
wierd	ADJ
wife	NOUN
wig	NOUN
wight	NOUN
wii	PROPN
wiki	NOUN
wikiHow	PROPN
wikiLove	NOUN
wikipedia	PROPN
wikis	NOUN
wil	AUX
wild	ADJ,NOUN
wilderness	NOUN
wildflowers	NOUN
wildland	NOUN
wildlife	NOUN
wildly	ADV
wile	NOUN
will	AUX,NOUN,PROPN,SCONJ,VERB
willing	ADJ
willingly	ADV
willingness	NOUN
willl	AUX
willow	NOUN
willows	NOUN
wilt	AUX
win	ADP,VERB
wind	NOUN,VERB
windfall	NOUN
windier	ADJ
winding	VERB
window	NOUN
windows	NOUN
winds	NOUN,VERB
windsheild	NOUN
windsurf	NOUN
windy	ADJ
wine	NOUN
winery	NOUN
wines	NOUN
wing	NOUN
winger	NOUN
wings	NOUN
wink	NOUN,VERB
winker	NOUN
winking	NOUN,VERB
winks	NOUN
winner	NOUN
winning	VERB
wins	VERB
winter	NOUN,PROPN
wintering	VERB
winters	NOUN
wintertime	NOUN
wipe	VERB
wiped	VERB
wire	NOUN
wired	VERB
wireless	ADJ
wires	NOUN
wiring	NOUN
wisconsin	PROPN
wisdom	NOUN
wise	ADJ,ADV
wiser	ADJ
wish	NOUN,PRON,VERB
wished	VERB
wishes	NOUN,VERB
wishing	VERB
wit	NOUN,VERB
witch	NOUN,VERB
with	ADP,ADV,AUX,SCONJ
withdraw	VERB
withdrawal	NOUN
withdrawing	VERB
withdrawn	VERB
withdrew	VERB
withheld	VERB
withhold	VERB
within	ADP
without	ADP,SCONJ
withstanding	VERB
witness	NOUN,VERB
witnessed	VERB
witnesses	NOUN
witnessing	VERB
witting	ADJ
wives	NOUN
wo	AUX
wobblers	NOUN
wodges	NOUN
woke	VERB
woken	VERB
wolf	NOUN
wolves	NOUN
woman	NOUN
womanish	ADJ
womanizer	NOUN
women	NOUN
won	VERB
wonder	NOUN,PROPN,VERB
wonderful	ADJ
wonderfully	ADV
wondering	VERB
wonders	NOUN
woo-	INTJ
wood	NOUN
wooden	ADJ
woodland	NOUN
woodpeckers	NOUN
woollies	NOUN
word	NOUN,PROPN
wording	NOUN
wordlessly	ADV
words	NOUN,PROPN
wordy	ADJ
wore	VERB
worht	ADJ
work	NOUN,VERB
workable	ADJ
workarounds	NOUN
workday	NOUN
worked	VERB
worker	NOUN
workers	NOUN
workforce	NOUN
working	NOUN,VERB
workload	NOUN
workmanship	NOUN
workout	NOUN
workpapers	NOUN
workplace	NOUN
works	NOUN,VERB
worksheet	NOUN
workshop	NOUN
workshops	NOUN
world	NOUN,PROPN
worldly	ADJ
worlds	NOUN
worldwide	ADJ,ADV
worms	NOUN
worn	ADJ,VERB
worried	ADJ,VERB
worries	NOUN
worry	NOUN,VERB
worrying	VERB
worse	ADJ,ADV
worsening	VERB
worship	NOUN,VERB
worshiped	VERB
worshipped	VERB
worshippers	NOUN
worst	ADJ,ADV
worth	ADJ,ADP,NOUN
worthless	ADJ
worthwhile	ADJ
worthy	ADJ
woud	AUX
would	AUX
wound	NOUN
wounded	ADJ,VERB
wounding	VERB
wounds	NOUN
woven	VERB
wow	INTJ
wrap	VERB
wrapped	ADJ,VERB
wrapping	NOUN,VERB
wrath	NOUN
wreathed	VERB
wreck	NOUN
wrinkles	NOUN
write	VERB
writer	NOUN
writers	NOUN
writes	VERB
writing	NOUN,VERB
writings	NOUN
written	ADJ,VERB
wrong	ADJ,ADV,NOUN
wrote	VERB
wud	AUX
www.caem.org	PROPN
www.designofashion.com	PROPN
www.flag.govt.nz	PROPN
www.juancole.com	PROPN
www.kaffeeeis.co.nz	PROPN
www.norcalfightingalliance.com	PROPN
www.risk-conferences.com/risk2001aus	PROPN
www.standfor.co.nz	PROPN
www.veraakulov.com	PROPN
www.weathereffects.com	PROPN
x	ADP,NOUN,SYM
x-37097	NOUN
x.x	SYM
x3-9890	NOUN
x33907	NOUN
x34703	NOUN
x35172	NOUN
x365	NOUN
x36709	NOUN
x54667	NOUN
xeno	X
xferring	VERB
xray	NOUN
xxx	NOUN
y	ADV,NOUN,PROPN,X
y'	PRON
y-	INTJ
ya	INTJ,PRON
yahoos	NOUN
yam	NOUN
yamwhatiyam	PROPN
yan	PROPN
yard	NOUN
yards	NOUN
yarn	NOUN
ye	PRON
yea	INTJ
yeaa	INTJ
yeah	ADV,INTJ
year	NOUN
yearly	ADJ,ADV
yearning	VERB
years	NOUN
yell	VERB
yelled	VERB
yelling	NOUN,VERB
yellow	ADJ,NOUN
yelped	VERB
yen	X
yep	INTJ
yes	INTJ
yesterday	NOUN
yet	ADV,CCONJ
yheggy	PROPN
yield	NOUN,VERB
yielded	VERB
yielding	VERB
yields	NOUN
ymsgr:sendIM?mayursha&__Hi+Mayur...	PROPN
yoga	NOUN
yogurt	NOUN
yoke	NOUN
yorkedness	NOUN
yorkshire	PROPN
you	PRON
you're	PRON
young	ADJ,ADV,NOUN
younger	ADJ
youngest	ADJ
youngsteers	NOUN
youngster	NOUN
youngsters	NOUN
your	PRON
youre	PRON
yours	PRON
yourself	PRON
yourselves	PRON
youth	NOUN
youthful	ADJ
youths	NOUN
youtube	PROPN
yr	NOUN
yr.	NOUN
yrs	NOUN
yrs.	NOUN
yu	PROPN
yucky	ADJ
yummy	ADJ,PROPN
yuor	PRON
yyone	X
z	NOUN
zealot	NOUN
zebra	NOUN
zeitgeist	NOUN
zero	NUM
zeros	NOUN
zilla	NOUN
zinc	NOUN
zip	NOUN
zipped	ADJ
zither	NOUN
zodiac	NOUN
zombie	NOUN
zone	NOUN,PROPN
zones	NOUN
zoo	NOUN
zoom	NOUN,VERB
zooming	VERB
zouk	NOUN
zucchini	NOUN
{	PUNCT
|	PUNCT
|--------+----------------------->	PUNCT
}	PUNCT
~	PUNCT,SYM
¢	SYM
£	SYM
§	SYM
°	NOUN
±	CCONJ
²	ADJ
·	PUNCT
º	NOUN
½	NUM
Ã³l	ADJ
Ærø	PROPN
École	PROPN
Élysées	PROPN
Évariste	PROPN
×	SYM
Øhav	PROPN
Øhavet	PROPN
Øhavets	PROPN
Øhavsstien	X
à	PROPN,X
Ālī	PROPN
Łódzkie	PROPN
Łódź	PROPN
łodzianie	X
łodzianin	X
łodzianka	X
łódź	X
Ōtsugomori	PROPN
ʃɑʁl	PROPN
ʒan	PROPN
ʻŌlelo	PROPN
Εὐσέβιος	PROPN
Σωφρόνιος	PROPN
ρ	NOUN
اصفهان	X
حديد	X
زها	X
Ḥadīd	PROPN
Ἱερώνυμος	PROPN
–	PUNCT,SYM
—	PUNCT
‘	PUNCT
‘cuz	SCONJ
‘’	PUNCT
’	PART,PUNCT
’72	NUM
’73	NUM
’d	AUX
’ll	AUX
’m	AUX
’re	AUX
’s	AUX,PART,PRON,VERB
’ve	AUX
’’	PUNCT
“	PUNCT
”	PUNCT
•	PUNCT
…	PUNCT
….	PUNCT
€	SYM
☎	SYM
☏	SYM
✉	SYM
一葉	X
古	X
司空	X
和	X
图	X
夏子	X
奈津	X
樋口	X
清	X
澹	X
琴况	X
谿山	X
远	X
静	X
